2026-01-12 18:38:37 [background-preinit] INFO  o.h.validator.internal.util.Version - HV000001: Hibernate Validator 8.0.3.Final
2026-01-12 18:38:37 [restartedMain] INFO  c.app.bank.web.ZplusbankApplication - Starting ZplusbankApplication using Java 17.0.10 with PID 3936 (C:\Users\91790\Documents\workspace-spring-tools-for-eclipse-5.0.0.RELEASE\zplusbank\target\classes started by 91790 in C:\Users\91790\Documents\workspace-spring-tools-for-eclipse-5.0.0.RELEASE\zplusbank)
2026-01-12 18:38:37 [restartedMain] INFO  c.app.bank.web.ZplusbankApplication - No active profile set, falling back to 1 default profile: "default"
2026-01-12 18:38:37 [restartedMain] INFO  o.s.b.d.restart.ChangeableUrls - The Class-Path manifest attribute in C:\Users\91790\.m2\repository\org\glassfish\jaxb\jaxb-runtime\2.3.1\jaxb-runtime-2.3.1.jar referenced one or more files that do not exist: file:/C:/Users/91790/.m2/repository/org/glassfish/jaxb/jaxb-runtime/2.3.1/jaxb-api-2.3.1.jar,file:/C:/Users/91790/.m2/repository/org/glassfish/jaxb/jaxb-runtime/2.3.1/txw2-2.3.1.jar,file:/C:/Users/91790/.m2/repository/org/glassfish/jaxb/jaxb-runtime/2.3.1/istack-commons-runtime-3.0.7.jar,file:/C:/Users/91790/.m2/repository/org/glassfish/jaxb/jaxb-runtime/2.3.1/stax-ex-1.8.jar,file:/C:/Users/91790/.m2/repository/org/glassfish/jaxb/jaxb-runtime/2.3.1/FastInfoset-1.2.15.jar,file:/C:/Users/91790/.m2/repository/org/glassfish/jaxb/jaxb-runtime/2.3.1/javax.activation-api-1.2.0.jar
2026-01-12 18:38:37 [restartedMain] INFO  o.s.b.d.e.DevToolsPropertyDefaultsPostProcessor - Devtools property defaults active! Set 'spring.devtools.add-properties' to 'false' to disable
2026-01-12 18:38:37 [restartedMain] INFO  o.s.b.d.e.DevToolsPropertyDefaultsPostProcessor - For additional web related logging consider setting the 'logging.level.web' property to 'DEBUG'
2026-01-12 18:38:38 [restartedMain] INFO  o.s.d.r.c.RepositoryConfigurationDelegate - Bootstrapping Spring Data JPA repositories in DEFAULT mode.
2026-01-12 18:38:38 [restartedMain] INFO  o.s.d.r.c.RepositoryConfigurationDelegate - Finished Spring Data repository scanning in 110 ms. Found 5 JPA repository interfaces.
2026-01-12 18:38:39 [restartedMain] INFO  o.s.b.w.e.tomcat.TomcatWebServer - Tomcat initialized with port 8989 (http)
2026-01-12 18:38:39 [restartedMain] INFO  o.a.coyote.http11.Http11NioProtocol - Initializing ProtocolHandler ["http-nio-8989"]
2026-01-12 18:38:39 [restartedMain] INFO  o.a.catalina.core.StandardService - Starting service [Tomcat]
2026-01-12 18:38:39 [restartedMain] INFO  o.a.catalina.core.StandardEngine - Starting Servlet engine: [Apache Tomcat/10.1.50]
2026-01-12 18:38:39 [restartedMain] INFO  o.a.c.c.C.[Tomcat].[localhost].[/] - Initializing Spring embedded WebApplicationContext
2026-01-12 18:38:39 [restartedMain] INFO  o.s.b.w.s.c.ServletWebServerApplicationContext - Root WebApplicationContext: initialization completed in 2276 ms
2026-01-12 18:38:39 [restartedMain] INFO  o.h.jpa.internal.util.LogHelper - HHH000204: Processing PersistenceUnitInfo [name: default]
2026-01-12 18:38:39 [restartedMain] INFO  org.hibernate.Version - HHH000412: Hibernate ORM core version 6.6.39.Final
2026-01-12 18:38:40 [restartedMain] INFO  o.h.c.i.RegionFactoryInitiator - HHH000026: Second-level cache disabled
2026-01-12 18:38:40 [restartedMain] INFO  o.s.o.j.p.SpringPersistenceUnitInfo - No LoadTimeWeaver setup: ignoring JPA class transformer
2026-01-12 18:38:40 [restartedMain] INFO  com.zaxxer.hikari.HikariDataSource - HikariPool-1 - Starting...
2026-01-12 18:38:40 [restartedMain] INFO  com.zaxxer.hikari.pool.HikariPool - HikariPool-1 - Added connection com.mysql.cj.jdbc.ConnectionImpl@185725d
2026-01-12 18:38:40 [restartedMain] INFO  com.zaxxer.hikari.HikariDataSource - HikariPool-1 - Start completed.
2026-01-12 18:38:40 [restartedMain] WARN  org.hibernate.orm.deprecation - HHH90000025: MySQL8Dialect does not need to be specified explicitly using 'hibernate.dialect' (remove the property setting and it will be selected by default)
2026-01-12 18:38:40 [restartedMain] WARN  org.hibernate.orm.deprecation - HHH90000026: MySQL8Dialect has been deprecated; use org.hibernate.dialect.MySQLDialect instead
2026-01-12 18:38:40 [restartedMain] INFO  o.hibernate.orm.connections.pooling - HHH10001005: Database info:
	Database JDBC URL [Connecting through datasource 'HikariDataSource (HikariPool-1)']
	Database driver: undefined/unknown
	Database version: 8.0
	Autocommit mode: undefined/unknown
	Isolation level: undefined/unknown
	Minimum pool size: undefined/unknown
	Maximum pool size: undefined/unknown
2026-01-12 18:38:41 [restartedMain] INFO  o.h.e.t.j.p.i.JtaPlatformInitiator - HHH000489: No JTA platform available (set 'hibernate.transaction.jta.platform' to enable JTA platform integration)
2026-01-12 18:38:42 [restartedMain] DEBUG org.hibernate.SQL - 
    alter table loan_repayments 
       modify column status enum ('ADVANCED_PAID','DEFAULTED','OVERDUE','PAID','PARTIALLY_PAID','PENDING','WAIVED_OFF') not null
2026-01-12 18:38:42 [restartedMain] INFO  o.s.o.j.LocalContainerEntityManagerFactoryBean - Initialized JPA EntityManagerFactory for persistence unit 'default'
2026-01-12 18:38:42 [restartedMain] DEBUG o.h.s.internal.StatisticsInitiator - Statistics initialized [enabled=false]
2026-01-12 18:38:42 [restartedMain] INFO  o.s.d.j.r.query.QueryEnhancerFactory - Hibernate is in classpath; If applicable, HQL parser will be used.
2026-01-12 18:38:43 [restartedMain] INFO  o.s.s.c.a.a.c.InitializeAuthenticationProviderBeanManagerConfigurer$InitializeAuthenticationProviderManagerConfigurer - Global AuthenticationManager configured with AuthenticationProvider bean with name authenticationProvider
2026-01-12 18:38:43 [restartedMain] WARN  o.s.s.c.a.a.c.InitializeUserDetailsBeanManagerConfigurer$InitializeUserDetailsManagerConfigurer - Global AuthenticationManager configured with an AuthenticationProvider bean. UserDetailsService beans will not be used by Spring Security for automatically configuring username/password login. Consider removing the AuthenticationProvider bean. Alternatively, consider using the UserDetailsService in a manually instantiated DaoAuthenticationProvider. If the current configuration is intentional, to turn off this warning, increase the logging level of 'org.springframework.security.config.annotation.authentication.configuration.InitializeUserDetailsBeanManagerConfigurer' to ERROR
2026-01-12 18:38:44 [restartedMain] DEBUG o.s.w.s.m.m.a.RequestMappingHandlerMapping - 26 mappings in 'requestMappingHandlerMapping'
2026-01-12 18:38:44 [restartedMain] DEBUG o.s.w.s.h.SimpleUrlHandlerMapping - Patterns [/webjars/**, /**] in 'resourceHandlerMapping'
2026-01-12 18:38:44 [restartedMain] DEBUG o.s.s.web.DefaultSecurityFilterChain - Will secure any request with filters: DisableEncodeUrlFilter, WebAsyncManagerIntegrationFilter, SecurityContextHolderFilter, HeaderWriterFilter, CorsFilter, LogoutFilter, JwtAuthenticationFilter, RequestCacheAwareFilter, SecurityContextHolderAwareRequestFilter, AnonymousAuthenticationFilter, SessionManagementFilter, ExceptionTranslationFilter, AuthorizationFilter
2026-01-12 18:38:44 [restartedMain] DEBUG o.s.w.s.m.m.a.RequestMappingHandlerAdapter - ControllerAdvice beans: 0 @ModelAttribute, 0 @InitBinder, 1 RequestBodyAdvice, 1 ResponseBodyAdvice
2026-01-12 18:38:44 [restartedMain] WARN  o.s.b.a.t.ThymeleafAutoConfiguration$DefaultTemplateResolverConfiguration - Cannot find template location: classpath:/templates/emails/ (please add some templates, check your Thymeleaf configuration, or set spring.thymeleaf.check-template-location=false)
2026-01-12 18:38:44 [restartedMain] DEBUG o.s.w.s.m.m.a.ExceptionHandlerExceptionResolver - ControllerAdvice beans: 0 @ExceptionHandler, 1 ResponseBodyAdvice
2026-01-12 18:38:44 [restartedMain] INFO  o.s.b.d.a.OptionalLiveReloadServer - LiveReload server is running on port 35729
2026-01-12 18:38:44 [restartedMain] INFO  o.a.coyote.http11.Http11NioProtocol - Starting ProtocolHandler ["http-nio-8989"]
2026-01-12 18:38:44 [restartedMain] INFO  o.s.b.w.e.tomcat.TomcatWebServer - Tomcat started on port 8989 (http) with context path '/'
2026-01-12 18:38:44 [restartedMain] INFO  c.app.bank.web.ZplusbankApplication - Started ZplusbankApplication in 8.035 seconds (process running for 8.701)
2026-01-12 18:41:00 [http-nio-8989-exec-3] INFO  o.a.c.c.C.[Tomcat].[localhost].[/] - Initializing Spring DispatcherServlet 'dispatcherServlet'
2026-01-12 18:41:00 [http-nio-8989-exec-3] INFO  o.s.web.servlet.DispatcherServlet - Initializing Servlet 'dispatcherServlet'
2026-01-12 18:41:00 [http-nio-8989-exec-3] DEBUG o.s.web.servlet.DispatcherServlet - Detected StandardServletMultipartResolver
2026-01-12 18:41:00 [http-nio-8989-exec-3] DEBUG o.s.web.servlet.DispatcherServlet - Detected AcceptHeaderLocaleResolver
2026-01-12 18:41:00 [http-nio-8989-exec-3] DEBUG o.s.web.servlet.DispatcherServlet - Detected FixedThemeResolver
2026-01-12 18:41:00 [http-nio-8989-exec-3] DEBUG o.s.web.servlet.DispatcherServlet - Detected org.springframework.web.servlet.view.DefaultRequestToViewNameTranslator@4d54ddd
2026-01-12 18:41:00 [http-nio-8989-exec-3] DEBUG o.s.web.servlet.DispatcherServlet - Detected org.springframework.web.servlet.support.SessionFlashMapManager@52efbc4e
2026-01-12 18:41:00 [http-nio-8989-exec-3] DEBUG o.s.web.servlet.DispatcherServlet - enableLoggingRequestDetails='false': request parameters and headers will be masked to prevent unsafe logging of potentially sensitive data
2026-01-12 18:41:00 [http-nio-8989-exec-3] INFO  o.s.web.servlet.DispatcherServlet - Completed initialization in 5 ms
2026-01-12 18:41:00 [http-nio-8989-exec-3] DEBUG o.s.security.web.FilterChainProxy - Securing GET /api/v1/auth/repayments/schedule/1
2026-01-12 18:41:00 [http-nio-8989-exec-3] DEBUG o.s.s.w.a.AnonymousAuthenticationFilter - Set SecurityContextHolder to anonymous SecurityContext
2026-01-12 18:41:00 [http-nio-8989-exec-3] ERROR c.a.b.w.c.JwtAuthenticationEntryPoint - Unothorized error: Full authentication is required to access this resource
2026-01-12 18:41:00 [http-nio-8989-exec-3] ERROR c.a.b.w.c.JwtAuthenticationEntryPoint - Request URI: /api/v1/auth/repayments/schedule/1
2026-01-12 18:41:19 [http-nio-8989-exec-2] DEBUG o.s.security.web.FilterChainProxy - Securing GET /api/v1/auth/repayments/schedule/1
2026-01-12 18:41:19 [http-nio-8989-exec-2] DEBUG org.hibernate.SQL - 
    select
        u1_0.id,
        u1_0.aadhar_number,
        u1_0.address,
        u1_0.created_at,
        u1_0.email,
        u1_0.failed_login_attempts,
        u1_0.first_name,
        u1_0.last_login_at,
        u1_0.last_name,
        u1_0.monthly_income,
        u1_0.pan_number,
        u1_0.password,
        u1_0.phone,
        u1_0.role,
        u1_0.status,
        u1_0.username 
    from
        users u1_0 
    where
        u1_0.username=?
2026-01-12 18:41:19 [http-nio-8989-exec-2] DEBUG o.s.security.web.FilterChainProxy - Secured GET /api/v1/auth/repayments/schedule/1
2026-01-12 18:41:19 [http-nio-8989-exec-2] DEBUG o.s.web.servlet.DispatcherServlet - GET "/api/v1/auth/repayments/schedule/1", parameters={}
2026-01-12 18:41:19 [http-nio-8989-exec-2] DEBUG o.s.w.s.m.m.a.RequestMappingHandlerMapping - Mapped to com.app.bank.web.controller.LoanRepaymentController#getSchedule(Long)
2026-01-12 18:41:19 [http-nio-8989-exec-2] DEBUG org.hibernate.SQL - 
    select
        lr1_0.id,
        lr1_0.created_at,
        lr1_0.created_by,
        lr1_0.due_amount,
        lr1_0.due_date,
        lr1_0.grace_period_end_date,
        lr1_0.installment_number,
        lr1_0.interest_amount,
        lr1_0.late_payment_fee,
        lr1_0.loan_id,
        lr1_0.paid_amount,
        lr1_0.payment_date,
        lr1_0.payment_mode,
        lr1_0.payment_reference,
        lr1_0.penalty_rate,
        lr1_0.principal_amount,
        lr1_0.remaining_principal,
        lr1_0.remarks,
        lr1_0.status,
        lr1_0.total_outstanding,
        lr1_0.transaction_id,
        lr1_0.updated_at,
        lr1_0.updated_by 
    from
        loan_repayments lr1_0 
    left join
        loans l1_0 
            on l1_0.id=lr1_0.loan_id 
    where
        l1_0.id=?
2026-01-12 18:41:19 [http-nio-8989-exec-2] DEBUG o.s.w.s.m.m.a.HttpEntityMethodProcessor - Using 'application/json', given [*/*] and supported [application/json, application/*+json]
2026-01-12 18:41:19 [http-nio-8989-exec-2] DEBUG o.s.w.s.m.m.a.HttpEntityMethodProcessor - Writing [[]]
2026-01-12 18:41:19 [http-nio-8989-exec-2] DEBUG o.s.web.servlet.DispatcherServlet - Completed 200 OK
2026-01-12 18:41:40 [http-nio-8989-exec-4] DEBUG o.s.security.web.FilterChainProxy - Securing GET /api/v1/auth/repayments/schedule/2
2026-01-12 18:41:40 [http-nio-8989-exec-4] DEBUG org.hibernate.SQL - 
    select
        u1_0.id,
        u1_0.aadhar_number,
        u1_0.address,
        u1_0.created_at,
        u1_0.email,
        u1_0.failed_login_attempts,
        u1_0.first_name,
        u1_0.last_login_at,
        u1_0.last_name,
        u1_0.monthly_income,
        u1_0.pan_number,
        u1_0.password,
        u1_0.phone,
        u1_0.role,
        u1_0.status,
        u1_0.username 
    from
        users u1_0 
    where
        u1_0.username=?
2026-01-12 18:41:40 [http-nio-8989-exec-4] DEBUG o.s.security.web.FilterChainProxy - Secured GET /api/v1/auth/repayments/schedule/2
2026-01-12 18:41:40 [http-nio-8989-exec-4] DEBUG o.s.web.servlet.DispatcherServlet - GET "/api/v1/auth/repayments/schedule/2", parameters={}
2026-01-12 18:41:40 [http-nio-8989-exec-4] DEBUG o.s.w.s.m.m.a.RequestMappingHandlerMapping - Mapped to com.app.bank.web.controller.LoanRepaymentController#getSchedule(Long)
2026-01-12 18:41:40 [http-nio-8989-exec-4] DEBUG org.hibernate.SQL - 
    select
        lr1_0.id,
        lr1_0.created_at,
        lr1_0.created_by,
        lr1_0.due_amount,
        lr1_0.due_date,
        lr1_0.grace_period_end_date,
        lr1_0.installment_number,
        lr1_0.interest_amount,
        lr1_0.late_payment_fee,
        lr1_0.loan_id,
        lr1_0.paid_amount,
        lr1_0.payment_date,
        lr1_0.payment_mode,
        lr1_0.payment_reference,
        lr1_0.penalty_rate,
        lr1_0.principal_amount,
        lr1_0.remaining_principal,
        lr1_0.remarks,
        lr1_0.status,
        lr1_0.total_outstanding,
        lr1_0.transaction_id,
        lr1_0.updated_at,
        lr1_0.updated_by 
    from
        loan_repayments lr1_0 
    left join
        loans l1_0 
            on l1_0.id=lr1_0.loan_id 
    where
        l1_0.id=?
2026-01-12 18:41:40 [http-nio-8989-exec-4] DEBUG o.s.w.s.m.m.a.HttpEntityMethodProcessor - Using 'application/json', given [*/*] and supported [application/json, application/*+json]
2026-01-12 18:41:40 [http-nio-8989-exec-4] DEBUG o.s.w.s.m.m.a.HttpEntityMethodProcessor - Writing [[]]
2026-01-12 18:41:40 [http-nio-8989-exec-4] DEBUG o.s.web.servlet.DispatcherServlet - Completed 200 OK
2026-01-12 18:41:54 [http-nio-8989-exec-5] DEBUG o.s.security.web.FilterChainProxy - Securing GET /api/v1/auth/repayments/schedule/2
2026-01-12 18:41:54 [http-nio-8989-exec-5] DEBUG org.hibernate.SQL - 
    select
        u1_0.id,
        u1_0.aadhar_number,
        u1_0.address,
        u1_0.created_at,
        u1_0.email,
        u1_0.failed_login_attempts,
        u1_0.first_name,
        u1_0.last_login_at,
        u1_0.last_name,
        u1_0.monthly_income,
        u1_0.pan_number,
        u1_0.password,
        u1_0.phone,
        u1_0.role,
        u1_0.status,
        u1_0.username 
    from
        users u1_0 
    where
        u1_0.username=?
2026-01-12 18:41:54 [http-nio-8989-exec-5] DEBUG o.s.security.web.FilterChainProxy - Secured GET /api/v1/auth/repayments/schedule/2
2026-01-12 18:41:54 [http-nio-8989-exec-5] DEBUG o.s.web.servlet.DispatcherServlet - GET "/api/v1/auth/repayments/schedule/2", parameters={}
2026-01-12 18:41:54 [http-nio-8989-exec-5] DEBUG o.s.w.s.m.m.a.RequestMappingHandlerMapping - Mapped to com.app.bank.web.controller.LoanRepaymentController#getSchedule(Long)
2026-01-12 18:41:54 [http-nio-8989-exec-5] DEBUG org.hibernate.SQL - 
    select
        lr1_0.id,
        lr1_0.created_at,
        lr1_0.created_by,
        lr1_0.due_amount,
        lr1_0.due_date,
        lr1_0.grace_period_end_date,
        lr1_0.installment_number,
        lr1_0.interest_amount,
        lr1_0.late_payment_fee,
        lr1_0.loan_id,
        lr1_0.paid_amount,
        lr1_0.payment_date,
        lr1_0.payment_mode,
        lr1_0.payment_reference,
        lr1_0.penalty_rate,
        lr1_0.principal_amount,
        lr1_0.remaining_principal,
        lr1_0.remarks,
        lr1_0.status,
        lr1_0.total_outstanding,
        lr1_0.transaction_id,
        lr1_0.updated_at,
        lr1_0.updated_by 
    from
        loan_repayments lr1_0 
    left join
        loans l1_0 
            on l1_0.id=lr1_0.loan_id 
    where
        l1_0.id=?
2026-01-12 18:41:54 [http-nio-8989-exec-5] DEBUG o.s.w.s.m.m.a.HttpEntityMethodProcessor - Using 'application/json', given [*/*] and supported [application/json, application/*+json]
2026-01-12 18:41:54 [http-nio-8989-exec-5] DEBUG o.s.w.s.m.m.a.HttpEntityMethodProcessor - Writing [[]]
2026-01-12 18:41:54 [http-nio-8989-exec-5] DEBUG o.s.web.servlet.DispatcherServlet - Completed 200 OK
2026-01-12 18:45:09 [http-nio-8989-exec-8] DEBUG o.s.security.web.FilterChainProxy - Securing GET /api/v1/auth/repayments/next-due/1
2026-01-12 18:45:09 [http-nio-8989-exec-8] DEBUG o.s.s.w.a.AnonymousAuthenticationFilter - Set SecurityContextHolder to anonymous SecurityContext
2026-01-12 18:45:09 [http-nio-8989-exec-8] ERROR c.a.b.w.c.JwtAuthenticationEntryPoint - Unothorized error: Full authentication is required to access this resource
2026-01-12 18:45:09 [http-nio-8989-exec-8] ERROR c.a.b.w.c.JwtAuthenticationEntryPoint - Request URI: /api/v1/auth/repayments/next-due/1
2026-01-12 18:45:22 [http-nio-8989-exec-9] DEBUG o.s.security.web.FilterChainProxy - Securing GET /api/v1/auth/repayments/next-due/1
2026-01-12 18:45:22 [http-nio-8989-exec-9] DEBUG org.hibernate.SQL - 
    select
        u1_0.id,
        u1_0.aadhar_number,
        u1_0.address,
        u1_0.created_at,
        u1_0.email,
        u1_0.failed_login_attempts,
        u1_0.first_name,
        u1_0.last_login_at,
        u1_0.last_name,
        u1_0.monthly_income,
        u1_0.pan_number,
        u1_0.password,
        u1_0.phone,
        u1_0.role,
        u1_0.status,
        u1_0.username 
    from
        users u1_0 
    where
        u1_0.username=?
2026-01-12 18:45:22 [http-nio-8989-exec-9] DEBUG o.s.security.web.FilterChainProxy - Secured GET /api/v1/auth/repayments/next-due/1
2026-01-12 18:45:22 [http-nio-8989-exec-9] DEBUG o.s.web.servlet.DispatcherServlet - GET "/api/v1/auth/repayments/next-due/1", parameters={}
2026-01-12 18:45:22 [http-nio-8989-exec-9] DEBUG o.s.w.s.m.m.a.RequestMappingHandlerMapping - Mapped to com.app.bank.web.controller.LoanRepaymentController#getNextDueRepayment(Long)
2026-01-12 18:45:22 [http-nio-8989-exec-9] DEBUG org.hibernate.SQL - 
    select
        lr1_0.id,
        lr1_0.created_at,
        lr1_0.created_by,
        lr1_0.due_amount,
        lr1_0.due_date,
        lr1_0.grace_period_end_date,
        lr1_0.installment_number,
        lr1_0.interest_amount,
        lr1_0.late_payment_fee,
        lr1_0.loan_id,
        lr1_0.paid_amount,
        lr1_0.payment_date,
        lr1_0.payment_mode,
        lr1_0.payment_reference,
        lr1_0.penalty_rate,
        lr1_0.principal_amount,
        lr1_0.remaining_principal,
        lr1_0.remarks,
        lr1_0.status,
        lr1_0.total_outstanding,
        lr1_0.transaction_id,
        lr1_0.updated_at,
        lr1_0.updated_by 
    from
        loan_repayments lr1_0 
    where
        lr1_0.loan_id=? 
        and lr1_0.status='PENDING' 
    order by
        lr1_0.due_date
2026-01-12 18:45:22 [http-nio-8989-exec-9] DEBUG o.s.web.servlet.DispatcherServlet - Failed to complete request: com.app.bank.web.exception.BankException: No pending repayment found
2026-01-12 18:45:22 [http-nio-8989-exec-9] ERROR o.a.c.c.C.[.[.[.[dispatcherServlet] - Servlet.service() for servlet [dispatcherServlet] in context with path [] threw exception [Request processing failed: com.app.bank.web.exception.BankException: No pending repayment found] with root cause
com.app.bank.web.exception.BankException: No pending repayment found
	at com.app.bank.web.service.LoanRepaymentService.lambda$0(LoanRepaymentService.java:47)
	at java.base/java.util.Optional.orElseThrow(Optional.java:403)
	at com.app.bank.web.service.LoanRepaymentService.getNextDueRepayment(LoanRepaymentService.java:46)
	at java.base/jdk.internal.reflect.NativeMethodAccessorImpl.invoke0(Native Method)
	at java.base/jdk.internal.reflect.NativeMethodAccessorImpl.invoke(NativeMethodAccessorImpl.java:77)
	at java.base/jdk.internal.reflect.DelegatingMethodAccessorImpl.invoke(DelegatingMethodAccessorImpl.java:43)
	at java.base/java.lang.reflect.Method.invoke(Method.java:568)
	at org.springframework.aop.support.AopUtils.invokeJoinpointUsingReflection(AopUtils.java:360)
	at org.springframework.aop.framework.CglibAopProxy$DynamicAdvisedInterceptor.intercept(CglibAopProxy.java:724)
	at com.app.bank.web.service.LoanRepaymentService$$SpringCGLIB$$0.getNextDueRepayment(<generated>)
	at com.app.bank.web.controller.LoanRepaymentController.getNextDueRepayment(LoanRepaymentController.java:33)
	at java.base/jdk.internal.reflect.NativeMethodAccessorImpl.invoke0(Native Method)
	at java.base/jdk.internal.reflect.NativeMethodAccessorImpl.invoke(NativeMethodAccessorImpl.java:77)
	at java.base/jdk.internal.reflect.DelegatingMethodAccessorImpl.invoke(DelegatingMethodAccessorImpl.java:43)
	at java.base/java.lang.reflect.Method.invoke(Method.java:568)
	at org.springframework.web.method.support.InvocableHandlerMethod.doInvoke(InvocableHandlerMethod.java:258)
	at org.springframework.web.method.support.InvocableHandlerMethod.invokeForRequest(InvocableHandlerMethod.java:191)
	at org.springframework.web.servlet.mvc.method.annotation.ServletInvocableHandlerMethod.invokeAndHandle(ServletInvocableHandlerMethod.java:118)
	at org.springframework.web.servlet.mvc.method.annotation.RequestMappingHandlerAdapter.invokeHandlerMethod(RequestMappingHandlerAdapter.java:991)
	at org.springframework.web.servlet.mvc.method.annotation.RequestMappingHandlerAdapter.handleInternal(RequestMappingHandlerAdapter.java:896)
	at org.springframework.web.servlet.mvc.method.AbstractHandlerMethodAdapter.handle(AbstractHandlerMethodAdapter.java:87)
	at org.springframework.web.servlet.DispatcherServlet.doDispatch(DispatcherServlet.java:1089)
	at org.springframework.web.servlet.DispatcherServlet.doService(DispatcherServlet.java:979)
	at org.springframework.web.servlet.FrameworkServlet.processRequest(FrameworkServlet.java:1014)
	at org.springframework.web.servlet.FrameworkServlet.doGet(FrameworkServlet.java:903)
	at jakarta.servlet.http.HttpServlet.service(HttpServlet.java:564)
	at org.springframework.web.servlet.FrameworkServlet.service(FrameworkServlet.java:885)
	at jakarta.servlet.http.HttpServlet.service(HttpServlet.java:658)
	at org.apache.catalina.core.ApplicationFilterChain.internalDoFilter(ApplicationFilterChain.java:193)
	at org.apache.catalina.core.ApplicationFilterChain.doFilter(ApplicationFilterChain.java:138)
	at org.apache.tomcat.websocket.server.WsFilter.doFilter(WsFilter.java:51)
	at org.apache.catalina.core.ApplicationFilterChain.internalDoFilter(ApplicationFilterChain.java:162)
	at org.apache.catalina.core.ApplicationFilterChain.doFilter(ApplicationFilterChain.java:138)
	at org.springframework.web.filter.OncePerRequestFilter.doFilter(OncePerRequestFilter.java:110)
	at org.apache.catalina.core.ApplicationFilterChain.internalDoFilter(ApplicationFilterChain.java:162)
	at org.apache.catalina.core.ApplicationFilterChain.doFilter(ApplicationFilterChain.java:138)
	at org.springframework.web.filter.CompositeFilter$VirtualFilterChain.doFilter(CompositeFilter.java:108)
	at org.springframework.web.filter.CompositeFilter$VirtualFilterChain.doFilter(CompositeFilter.java:108)
	at org.springframework.security.web.FilterChainProxy.lambda$doFilterInternal$3(FilterChainProxy.java:231)
	at org.springframework.security.web.FilterChainProxy$VirtualFilterChain.doFilter(FilterChainProxy.java:365)
	at org.springframework.security.web.access.intercept.AuthorizationFilter.doFilter(AuthorizationFilter.java:101)
	at org.springframework.security.web.FilterChainProxy$VirtualFilterChain.doFilter(FilterChainProxy.java:374)
	at org.springframework.security.web.access.ExceptionTranslationFilter.doFilter(ExceptionTranslationFilter.java:125)
	at org.springframework.security.web.access.ExceptionTranslationFilter.doFilter(ExceptionTranslationFilter.java:119)
	at org.springframework.security.web.FilterChainProxy$VirtualFilterChain.doFilter(FilterChainProxy.java:374)
	at org.springframework.security.web.session.SessionManagementFilter.doFilter(SessionManagementFilter.java:131)
	at org.springframework.security.web.session.SessionManagementFilter.doFilter(SessionManagementFilter.java:85)
	at org.springframework.security.web.FilterChainProxy$VirtualFilterChain.doFilter(FilterChainProxy.java:374)
	at org.springframework.security.web.authentication.AnonymousAuthenticationFilter.doFilter(AnonymousAuthenticationFilter.java:100)
	at org.springframework.security.web.FilterChainProxy$VirtualFilterChain.doFilter(FilterChainProxy.java:374)
	at org.springframework.security.web.servletapi.SecurityContextHolderAwareRequestFilter.doFilter(SecurityContextHolderAwareRequestFilter.java:179)
	at org.springframework.security.web.FilterChainProxy$VirtualFilterChain.doFilter(FilterChainProxy.java:374)
	at org.springframework.security.web.savedrequest.RequestCacheAwareFilter.doFilter(RequestCacheAwareFilter.java:63)
	at org.springframework.security.web.FilterChainProxy$VirtualFilterChain.doFilter(FilterChainProxy.java:374)
	at com.app.bank.web.security.JwtAuthenticationFilter.doFilterInternal(JwtAuthenticationFilter.java:137)
	at org.springframework.web.filter.OncePerRequestFilter.doFilter(OncePerRequestFilter.java:116)
	at org.springframework.security.web.FilterChainProxy$VirtualFilterChain.doFilter(FilterChainProxy.java:374)
	at org.springframework.security.web.authentication.logout.LogoutFilter.doFilter(LogoutFilter.java:107)
	at org.springframework.security.web.authentication.logout.LogoutFilter.doFilter(LogoutFilter.java:93)
	at org.springframework.security.web.FilterChainProxy$VirtualFilterChain.doFilter(FilterChainProxy.java:374)
	at org.springframework.web.filter.CorsFilter.doFilterInternal(CorsFilter.java:91)
	at org.springframework.web.filter.OncePerRequestFilter.doFilter(OncePerRequestFilter.java:116)
	at org.springframework.security.web.FilterChainProxy$VirtualFilterChain.doFilter(FilterChainProxy.java:374)
	at org.springframework.security.web.header.HeaderWriterFilter.doHeadersAfter(HeaderWriterFilter.java:90)
	at org.springframework.security.web.header.HeaderWriterFilter.doFilterInternal(HeaderWriterFilter.java:75)
	at org.springframework.web.filter.OncePerRequestFilter.doFilter(OncePerRequestFilter.java:116)
	at org.springframework.security.web.FilterChainProxy$VirtualFilterChain.doFilter(FilterChainProxy.java:374)
	at org.springframework.security.web.context.SecurityContextHolderFilter.doFilter(SecurityContextHolderFilter.java:82)
	at org.springframework.security.web.context.SecurityContextHolderFilter.doFilter(SecurityContextHolderFilter.java:69)
	at org.springframework.security.web.FilterChainProxy$VirtualFilterChain.doFilter(FilterChainProxy.java:374)
	at org.springframework.security.web.context.request.async.WebAsyncManagerIntegrationFilter.doFilterInternal(WebAsyncManagerIntegrationFilter.java:62)
	at org.springframework.web.filter.OncePerRequestFilter.doFilter(OncePerRequestFilter.java:116)
	at org.springframework.security.web.FilterChainProxy$VirtualFilterChain.doFilter(FilterChainProxy.java:374)
	at org.springframework.security.web.session.DisableEncodeUrlFilter.doFilterInternal(DisableEncodeUrlFilter.java:42)
	at org.springframework.web.filter.OncePerRequestFilter.doFilter(OncePerRequestFilter.java:116)
	at org.springframework.security.web.FilterChainProxy$VirtualFilterChain.doFilter(FilterChainProxy.java:374)
	at org.springframework.security.web.FilterChainProxy.doFilterInternal(FilterChainProxy.java:233)
	at org.springframework.security.web.FilterChainProxy.doFilter(FilterChainProxy.java:191)
	at org.springframework.web.filter.CompositeFilter$VirtualFilterChain.doFilter(CompositeFilter.java:113)
	at org.springframework.web.filter.ServletRequestPathFilter.doFilter(ServletRequestPathFilter.java:52)
	at org.springframework.web.filter.CompositeFilter$VirtualFilterChain.doFilter(CompositeFilter.java:113)
	at org.springframework.web.filter.CompositeFilter.doFilter(CompositeFilter.java:74)
	at org.springframework.security.config.annotation.web.configuration.WebSecurityConfiguration$CompositeFilterChainProxy.doFilter(WebSecurityConfiguration.java:319)
	at org.springframework.web.filter.CompositeFilter$VirtualFilterChain.doFilter(CompositeFilter.java:113)
	at org.springframework.web.servlet.handler.HandlerMappingIntrospector.lambda$createCacheFilter$4(HandlerMappingIntrospector.java:267)
	at org.springframework.web.filter.CompositeFilter$VirtualFilterChain.doFilter(CompositeFilter.java:113)
	at org.springframework.web.filter.CompositeFilter.doFilter(CompositeFilter.java:74)
	at org.springframework.security.config.annotation.web.configuration.WebMvcSecurityConfiguration$CompositeFilterChainProxy.doFilter(WebMvcSecurityConfiguration.java:240)
	at org.springframework.web.filter.DelegatingFilterProxy.invokeDelegate(DelegatingFilterProxy.java:362)
	at org.springframework.web.filter.DelegatingFilterProxy.doFilter(DelegatingFilterProxy.java:278)
	at org.apache.catalina.core.ApplicationFilterChain.internalDoFilter(ApplicationFilterChain.java:162)
	at org.apache.catalina.core.ApplicationFilterChain.doFilter(ApplicationFilterChain.java:138)
	at org.springframework.web.filter.RequestContextFilter.doFilterInternal(RequestContextFilter.java:100)
	at org.springframework.web.filter.OncePerRequestFilter.doFilter(OncePerRequestFilter.java:116)
	at org.apache.catalina.core.ApplicationFilterChain.internalDoFilter(ApplicationFilterChain.java:162)
	at org.apache.catalina.core.ApplicationFilterChain.doFilter(ApplicationFilterChain.java:138)
	at org.springframework.web.filter.FormContentFilter.doFilterInternal(FormContentFilter.java:93)
	at org.springframework.web.filter.OncePerRequestFilter.doFilter(OncePerRequestFilter.java:116)
	at org.apache.catalina.core.ApplicationFilterChain.internalDoFilter(ApplicationFilterChain.java:162)
	at org.apache.catalina.core.ApplicationFilterChain.doFilter(ApplicationFilterChain.java:138)
	at org.springframework.web.filter.CharacterEncodingFilter.doFilterInternal(CharacterEncodingFilter.java:201)
	at org.springframework.web.filter.OncePerRequestFilter.doFilter(OncePerRequestFilter.java:116)
	at org.apache.catalina.core.ApplicationFilterChain.internalDoFilter(ApplicationFilterChain.java:162)
	at org.apache.catalina.core.ApplicationFilterChain.doFilter(ApplicationFilterChain.java:138)
	at org.apache.catalina.core.StandardWrapperValve.invoke(StandardWrapperValve.java:165)
	at org.apache.catalina.core.StandardContextValve.invoke(StandardContextValve.java:88)
	at org.apache.catalina.authenticator.AuthenticatorBase.invoke(AuthenticatorBase.java:482)
	at org.apache.catalina.core.StandardHostValve.invoke(StandardHostValve.java:113)
	at org.apache.catalina.valves.ErrorReportValve.invoke(ErrorReportValve.java:83)
	at org.apache.catalina.core.StandardEngineValve.invoke(StandardEngineValve.java:72)
	at org.apache.catalina.connector.CoyoteAdapter.service(CoyoteAdapter.java:342)
	at org.apache.coyote.http11.Http11Processor.service(Http11Processor.java:399)
	at org.apache.coyote.AbstractProcessorLight.process(AbstractProcessorLight.java:63)
	at org.apache.coyote.AbstractProtocol$ConnectionHandler.process(AbstractProtocol.java:903)
	at org.apache.tomcat.util.net.NioEndpoint$SocketProcessor.doRun(NioEndpoint.java:1774)
	at org.apache.tomcat.util.net.SocketProcessorBase.run(SocketProcessorBase.java:52)
	at org.apache.tomcat.util.threads.ThreadPoolExecutor.runWorker(ThreadPoolExecutor.java:973)
	at org.apache.tomcat.util.threads.ThreadPoolExecutor$Worker.run(ThreadPoolExecutor.java:491)
	at org.apache.tomcat.util.threads.TaskThread$WrappingRunnable.run(TaskThread.java:63)
	at java.base/java.lang.Thread.run(Thread.java:842)
2026-01-12 18:45:22 [http-nio-8989-exec-9] DEBUG o.s.security.web.FilterChainProxy - Securing GET /error
2026-01-12 18:45:22 [http-nio-8989-exec-9] DEBUG o.s.security.web.FilterChainProxy - Secured GET /error
2026-01-12 18:45:22 [http-nio-8989-exec-9] DEBUG o.s.web.servlet.DispatcherServlet - "ERROR" dispatch for GET "/error", parameters={}
2026-01-12 18:45:22 [http-nio-8989-exec-9] DEBUG o.s.w.s.m.m.a.RequestMappingHandlerMapping - Mapped to org.springframework.boot.autoconfigure.web.servlet.error.BasicErrorController#error(HttpServletRequest)
2026-01-12 18:45:22 [http-nio-8989-exec-9] DEBUG o.s.w.s.m.m.a.HttpEntityMethodProcessor - Using 'application/json', given [*/*] and supported [application/json, application/*+json]
2026-01-12 18:45:22 [http-nio-8989-exec-9] DEBUG o.s.w.s.m.m.a.HttpEntityMethodProcessor - Writing [{timestamp=Mon Jan 12 18:45:22 IST 2026, status=500, error=Internal Server Error, trace=com.app.bank (truncated)...]
2026-01-12 18:45:22 [http-nio-8989-exec-9] DEBUG o.s.web.servlet.DispatcherServlet - Exiting from "ERROR" dispatch, status 500
2026-01-12 18:45:22 [http-nio-8989-exec-9] DEBUG o.s.s.w.a.AnonymousAuthenticationFilter - Set SecurityContextHolder to anonymous SecurityContext
2026-01-12 18:46:00 [http-nio-8989-exec-1] DEBUG o.s.security.web.FilterChainProxy - Securing GET /api/v1/auth/repayments/overdue/1
2026-01-12 18:46:00 [http-nio-8989-exec-1] DEBUG org.hibernate.SQL - 
    select
        u1_0.id,
        u1_0.aadhar_number,
        u1_0.address,
        u1_0.created_at,
        u1_0.email,
        u1_0.failed_login_attempts,
        u1_0.first_name,
        u1_0.last_login_at,
        u1_0.last_name,
        u1_0.monthly_income,
        u1_0.pan_number,
        u1_0.password,
        u1_0.phone,
        u1_0.role,
        u1_0.status,
        u1_0.username 
    from
        users u1_0 
    where
        u1_0.username=?
2026-01-12 18:46:00 [http-nio-8989-exec-1] DEBUG o.s.security.web.FilterChainProxy - Secured GET /api/v1/auth/repayments/overdue/1
2026-01-12 18:46:00 [http-nio-8989-exec-1] DEBUG o.s.web.servlet.DispatcherServlet - GET "/api/v1/auth/repayments/overdue/1", parameters={}
2026-01-12 18:46:00 [http-nio-8989-exec-1] DEBUG o.s.w.s.m.m.a.RequestMappingHandlerMapping - Mapped to com.app.bank.web.controller.LoanRepaymentController#getOverduePayments(Long)
2026-01-12 18:46:00 [http-nio-8989-exec-1] DEBUG org.hibernate.SQL - 
    select
        lr1_0.id,
        lr1_0.created_at,
        lr1_0.created_by,
        lr1_0.due_amount,
        lr1_0.due_date,
        lr1_0.grace_period_end_date,
        lr1_0.installment_number,
        lr1_0.interest_amount,
        lr1_0.late_payment_fee,
        lr1_0.loan_id,
        lr1_0.paid_amount,
        lr1_0.payment_date,
        lr1_0.payment_mode,
        lr1_0.payment_reference,
        lr1_0.penalty_rate,
        lr1_0.principal_amount,
        lr1_0.remaining_principal,
        lr1_0.remarks,
        lr1_0.status,
        lr1_0.total_outstanding,
        lr1_0.transaction_id,
        lr1_0.updated_at,
        lr1_0.updated_by 
    from
        loan_repayments lr1_0 
    where
        lr1_0.loan_id=? 
        and lr1_0.status in ('PENDING', 'PARTIALLY_PAID') 
        and lr1_0.due_date<current_date
2026-01-12 18:46:00 [http-nio-8989-exec-1] DEBUG o.s.w.s.m.m.a.HttpEntityMethodProcessor - Using 'application/json', given [*/*] and supported [application/json, application/*+json]
2026-01-12 18:46:00 [http-nio-8989-exec-1] DEBUG o.s.w.s.m.m.a.HttpEntityMethodProcessor - Writing [[]]
2026-01-12 18:46:00 [http-nio-8989-exec-1] DEBUG o.s.web.servlet.DispatcherServlet - Completed 200 OK
2026-01-12 18:47:08 [http-nio-8989-exec-4] DEBUG o.s.security.web.FilterChainProxy - Securing GET /api/v1/auth/repayments/pay-emi/1?amount=10000
2026-01-12 18:47:08 [http-nio-8989-exec-4] DEBUG org.hibernate.SQL - 
    select
        u1_0.id,
        u1_0.aadhar_number,
        u1_0.address,
        u1_0.created_at,
        u1_0.email,
        u1_0.failed_login_attempts,
        u1_0.first_name,
        u1_0.last_login_at,
        u1_0.last_name,
        u1_0.monthly_income,
        u1_0.pan_number,
        u1_0.password,
        u1_0.phone,
        u1_0.role,
        u1_0.status,
        u1_0.username 
    from
        users u1_0 
    where
        u1_0.username=?
2026-01-12 18:47:08 [http-nio-8989-exec-4] DEBUG o.s.security.web.FilterChainProxy - Secured GET /api/v1/auth/repayments/pay-emi/1?amount=10000
2026-01-12 18:47:08 [http-nio-8989-exec-4] DEBUG o.s.web.servlet.DispatcherServlet - GET "/api/v1/auth/repayments/pay-emi/1?amount=10000", parameters={masked}
2026-01-12 18:47:08 [http-nio-8989-exec-4] WARN  o.s.w.s.m.s.DefaultHandlerExceptionResolver - Resolved [org.springframework.web.HttpRequestMethodNotSupportedException: Request method 'GET' is not supported]
2026-01-12 18:47:08 [http-nio-8989-exec-4] DEBUG o.s.web.servlet.DispatcherServlet - Completed 405 METHOD_NOT_ALLOWED
2026-01-12 18:47:08 [http-nio-8989-exec-4] DEBUG o.s.security.web.FilterChainProxy - Securing GET /error?amount=10000
2026-01-12 18:47:08 [http-nio-8989-exec-4] DEBUG o.s.security.web.FilterChainProxy - Secured GET /error?amount=10000
2026-01-12 18:47:08 [http-nio-8989-exec-4] DEBUG o.s.web.servlet.DispatcherServlet - "ERROR" dispatch for GET "/error?amount=10000", parameters={masked}
2026-01-12 18:47:08 [http-nio-8989-exec-4] DEBUG o.s.w.s.m.m.a.RequestMappingHandlerMapping - Mapped to org.springframework.boot.autoconfigure.web.servlet.error.BasicErrorController#error(HttpServletRequest)
2026-01-12 18:47:08 [http-nio-8989-exec-4] DEBUG o.s.w.s.m.m.a.HttpEntityMethodProcessor - Using 'application/json', given [*/*] and supported [application/json, application/*+json]
2026-01-12 18:47:08 [http-nio-8989-exec-4] DEBUG o.s.w.s.m.m.a.HttpEntityMethodProcessor - Writing [{timestamp=Mon Jan 12 18:47:08 IST 2026, status=405, error=Method Not Allowed, trace=org.springframe (truncated)...]
2026-01-12 18:47:08 [http-nio-8989-exec-4] DEBUG o.s.web.servlet.DispatcherServlet - Exiting from "ERROR" dispatch, status 405
2026-01-12 18:47:08 [http-nio-8989-exec-4] DEBUG o.s.s.w.a.AnonymousAuthenticationFilter - Set SecurityContextHolder to anonymous SecurityContext
2026-01-12 18:47:19 [http-nio-8989-exec-5] DEBUG o.s.security.web.FilterChainProxy - Securing POST /api/v1/auth/repayments/pay-emi/1?amount=10000
2026-01-12 18:47:19 [http-nio-8989-exec-5] DEBUG org.hibernate.SQL - 
    select
        u1_0.id,
        u1_0.aadhar_number,
        u1_0.address,
        u1_0.created_at,
        u1_0.email,
        u1_0.failed_login_attempts,
        u1_0.first_name,
        u1_0.last_login_at,
        u1_0.last_name,
        u1_0.monthly_income,
        u1_0.pan_number,
        u1_0.password,
        u1_0.phone,
        u1_0.role,
        u1_0.status,
        u1_0.username 
    from
        users u1_0 
    where
        u1_0.username=?
2026-01-12 18:47:19 [http-nio-8989-exec-5] DEBUG o.s.security.web.FilterChainProxy - Secured POST /api/v1/auth/repayments/pay-emi/1?amount=10000
2026-01-12 18:47:19 [http-nio-8989-exec-5] DEBUG o.s.web.servlet.DispatcherServlet - POST "/api/v1/auth/repayments/pay-emi/1?amount=10000", parameters={masked}
2026-01-12 18:47:19 [http-nio-8989-exec-5] DEBUG o.s.w.s.m.m.a.RequestMappingHandlerMapping - Mapped to com.app.bank.web.controller.LoanRepaymentController#payEmi(Long, BigDecimal, Authentication)
2026-01-12 18:47:19 [http-nio-8989-exec-5] DEBUG org.hibernate.SQL - 
    select
        u1_0.id,
        u1_0.aadhar_number,
        u1_0.address,
        u1_0.created_at,
        u1_0.email,
        u1_0.failed_login_attempts,
        u1_0.first_name,
        u1_0.last_login_at,
        u1_0.last_name,
        u1_0.monthly_income,
        u1_0.pan_number,
        u1_0.password,
        u1_0.phone,
        u1_0.role,
        u1_0.status,
        u1_0.username 
    from
        users u1_0 
    where
        u1_0.username=?
2026-01-12 18:47:19 [http-nio-8989-exec-5] DEBUG org.hibernate.SQL - 
    select
        l1_0.id,
        l1_0.applied_date,
        l1_0.approved_by,
        l1_0.approved_date,
        l1_0.disbursement_date,
        l1_0.emi_amount,
        l1_0.interest_rate,
        l1_0.account_id,
        la1_0.id,
        la1_0.account_number,
        la1_0.account_type,
        la1_0.balance,
        la1_0.created_at,
        la1_0.interest_rate,
        la1_0.last_transaction_at,
        la1_0.minimum_balance,
        la1_0.status,
        la1_0.user_id,
        u1_0.id,
        u1_0.aadhar_number,
        u1_0.address,
        u1_0.created_at,
        u1_0.email,
        u1_0.failed_login_attempts,
        u1_0.first_name,
        u1_0.last_login_at,
        u1_0.last_name,
        u1_0.monthly_income,
        u1_0.pan_number,
        u1_0.password,
        u1_0.phone,
        u1_0.role,
        u1_0.status,
        u1_0.username,
        l1_0.loan_account_number,
        l1_0.loan_type,
        l1_0.maturity_date,
        l1_0.principal_amount,
        l1_0.status,
        l1_0.tenure_months,
        l1_0.total_amount,
        l1_0.user_id,
        u2_0.id,
        u2_0.aadhar_number,
        u2_0.address,
        u2_0.created_at,
        u2_0.email,
        u2_0.failed_login_attempts,
        u2_0.first_name,
        u2_0.last_login_at,
        u2_0.last_name,
        u2_0.monthly_income,
        u2_0.pan_number,
        u2_0.password,
        u2_0.phone,
        u2_0.role,
        u2_0.status,
        u2_0.username 
    from
        loans l1_0 
    join
        accounts la1_0 
            on la1_0.id=l1_0.account_id 
    join
        users u1_0 
            on u1_0.id=la1_0.user_id 
    join
        users u2_0 
            on u2_0.id=l1_0.user_id 
    where
        l1_0.id=?
2026-01-12 18:47:19 [http-nio-8989-exec-5] DEBUG org.hibernate.SQL - 
    select
        lr1_0.id,
        lr1_0.created_at,
        lr1_0.created_by,
        lr1_0.due_amount,
        lr1_0.due_date,
        lr1_0.grace_period_end_date,
        lr1_0.installment_number,
        lr1_0.interest_amount,
        lr1_0.late_payment_fee,
        lr1_0.loan_id,
        lr1_0.paid_amount,
        lr1_0.payment_date,
        lr1_0.payment_mode,
        lr1_0.payment_reference,
        lr1_0.penalty_rate,
        lr1_0.principal_amount,
        lr1_0.remaining_principal,
        lr1_0.remarks,
        lr1_0.status,
        lr1_0.total_outstanding,
        lr1_0.transaction_id,
        lr1_0.updated_at,
        lr1_0.updated_by 
    from
        loan_repayments lr1_0 
    where
        lr1_0.loan_id=? 
        and lr1_0.status='PENDING' 
    order by
        lr1_0.due_date
2026-01-12 18:47:19 [http-nio-8989-exec-5] DEBUG o.s.web.servlet.DispatcherServlet - Failed to complete request: com.app.bank.web.exception.BankException: No pending EMI found
2026-01-12 18:47:19 [http-nio-8989-exec-5] ERROR o.a.c.c.C.[.[.[.[dispatcherServlet] - Servlet.service() for servlet [dispatcherServlet] in context with path [] threw exception [Request processing failed: com.app.bank.web.exception.BankException: No pending EMI found] with root cause
com.app.bank.web.exception.BankException: No pending EMI found
	at com.app.bank.web.service.LoanRepaymentService.lambda$3(LoanRepaymentService.java:71)
	at java.base/java.util.Optional.orElseThrow(Optional.java:403)
	at com.app.bank.web.service.LoanRepaymentService.payEmi(LoanRepaymentService.java:70)
	at java.base/jdk.internal.reflect.NativeMethodAccessorImpl.invoke0(Native Method)
	at java.base/jdk.internal.reflect.NativeMethodAccessorImpl.invoke(NativeMethodAccessorImpl.java:77)
	at java.base/jdk.internal.reflect.DelegatingMethodAccessorImpl.invoke(DelegatingMethodAccessorImpl.java:43)
	at java.base/java.lang.reflect.Method.invoke(Method.java:568)
	at org.springframework.aop.support.AopUtils.invokeJoinpointUsingReflection(AopUtils.java:360)
	at org.springframework.aop.framework.ReflectiveMethodInvocation.invokeJoinpoint(ReflectiveMethodInvocation.java:196)
	at org.springframework.aop.framework.ReflectiveMethodInvocation.proceed(ReflectiveMethodInvocation.java:163)
	at org.springframework.transaction.interceptor.TransactionAspectSupport.invokeWithinTransaction(TransactionAspectSupport.java:380)
	at org.springframework.transaction.interceptor.TransactionInterceptor.invoke(TransactionInterceptor.java:119)
	at org.springframework.aop.framework.ReflectiveMethodInvocation.proceed(ReflectiveMethodInvocation.java:184)
	at org.springframework.aop.framework.CglibAopProxy$DynamicAdvisedInterceptor.intercept(CglibAopProxy.java:728)
	at com.app.bank.web.service.LoanRepaymentService$$SpringCGLIB$$0.payEmi(<generated>)
	at com.app.bank.web.controller.LoanRepaymentController.payEmi(LoanRepaymentController.java:45)
	at java.base/jdk.internal.reflect.NativeMethodAccessorImpl.invoke0(Native Method)
	at java.base/jdk.internal.reflect.NativeMethodAccessorImpl.invoke(NativeMethodAccessorImpl.java:77)
	at java.base/jdk.internal.reflect.DelegatingMethodAccessorImpl.invoke(DelegatingMethodAccessorImpl.java:43)
	at java.base/java.lang.reflect.Method.invoke(Method.java:568)
	at org.springframework.web.method.support.InvocableHandlerMethod.doInvoke(InvocableHandlerMethod.java:258)
	at org.springframework.web.method.support.InvocableHandlerMethod.invokeForRequest(InvocableHandlerMethod.java:191)
	at org.springframework.web.servlet.mvc.method.annotation.ServletInvocableHandlerMethod.invokeAndHandle(ServletInvocableHandlerMethod.java:118)
	at org.springframework.web.servlet.mvc.method.annotation.RequestMappingHandlerAdapter.invokeHandlerMethod(RequestMappingHandlerAdapter.java:991)
	at org.springframework.web.servlet.mvc.method.annotation.RequestMappingHandlerAdapter.handleInternal(RequestMappingHandlerAdapter.java:896)
	at org.springframework.web.servlet.mvc.method.AbstractHandlerMethodAdapter.handle(AbstractHandlerMethodAdapter.java:87)
	at org.springframework.web.servlet.DispatcherServlet.doDispatch(DispatcherServlet.java:1089)
	at org.springframework.web.servlet.DispatcherServlet.doService(DispatcherServlet.java:979)
	at org.springframework.web.servlet.FrameworkServlet.processRequest(FrameworkServlet.java:1014)
	at org.springframework.web.servlet.FrameworkServlet.doPost(FrameworkServlet.java:914)
	at jakarta.servlet.http.HttpServlet.service(HttpServlet.java:590)
	at org.springframework.web.servlet.FrameworkServlet.service(FrameworkServlet.java:885)
	at jakarta.servlet.http.HttpServlet.service(HttpServlet.java:658)
	at org.apache.catalina.core.ApplicationFilterChain.internalDoFilter(ApplicationFilterChain.java:193)
	at org.apache.catalina.core.ApplicationFilterChain.doFilter(ApplicationFilterChain.java:138)
	at org.apache.tomcat.websocket.server.WsFilter.doFilter(WsFilter.java:51)
	at org.apache.catalina.core.ApplicationFilterChain.internalDoFilter(ApplicationFilterChain.java:162)
	at org.apache.catalina.core.ApplicationFilterChain.doFilter(ApplicationFilterChain.java:138)
	at org.springframework.web.filter.OncePerRequestFilter.doFilter(OncePerRequestFilter.java:110)
	at org.apache.catalina.core.ApplicationFilterChain.internalDoFilter(ApplicationFilterChain.java:162)
	at org.apache.catalina.core.ApplicationFilterChain.doFilter(ApplicationFilterChain.java:138)
	at org.springframework.web.filter.CompositeFilter$VirtualFilterChain.doFilter(CompositeFilter.java:108)
	at org.springframework.web.filter.CompositeFilter$VirtualFilterChain.doFilter(CompositeFilter.java:108)
	at org.springframework.security.web.FilterChainProxy.lambda$doFilterInternal$3(FilterChainProxy.java:231)
	at org.springframework.security.web.FilterChainProxy$VirtualFilterChain.doFilter(FilterChainProxy.java:365)
	at org.springframework.security.web.access.intercept.AuthorizationFilter.doFilter(AuthorizationFilter.java:101)
	at org.springframework.security.web.FilterChainProxy$VirtualFilterChain.doFilter(FilterChainProxy.java:374)
	at org.springframework.security.web.access.ExceptionTranslationFilter.doFilter(ExceptionTranslationFilter.java:125)
	at org.springframework.security.web.access.ExceptionTranslationFilter.doFilter(ExceptionTranslationFilter.java:119)
	at org.springframework.security.web.FilterChainProxy$VirtualFilterChain.doFilter(FilterChainProxy.java:374)
	at org.springframework.security.web.session.SessionManagementFilter.doFilter(SessionManagementFilter.java:131)
	at org.springframework.security.web.session.SessionManagementFilter.doFilter(SessionManagementFilter.java:85)
	at org.springframework.security.web.FilterChainProxy$VirtualFilterChain.doFilter(FilterChainProxy.java:374)
	at org.springframework.security.web.authentication.AnonymousAuthenticationFilter.doFilter(AnonymousAuthenticationFilter.java:100)
	at org.springframework.security.web.FilterChainProxy$VirtualFilterChain.doFilter(FilterChainProxy.java:374)
	at org.springframework.security.web.servletapi.SecurityContextHolderAwareRequestFilter.doFilter(SecurityContextHolderAwareRequestFilter.java:179)
	at org.springframework.security.web.FilterChainProxy$VirtualFilterChain.doFilter(FilterChainProxy.java:374)
	at org.springframework.security.web.savedrequest.RequestCacheAwareFilter.doFilter(RequestCacheAwareFilter.java:63)
	at org.springframework.security.web.FilterChainProxy$VirtualFilterChain.doFilter(FilterChainProxy.java:374)
	at com.app.bank.web.security.JwtAuthenticationFilter.doFilterInternal(JwtAuthenticationFilter.java:137)
	at org.springframework.web.filter.OncePerRequestFilter.doFilter(OncePerRequestFilter.java:116)
	at org.springframework.security.web.FilterChainProxy$VirtualFilterChain.doFilter(FilterChainProxy.java:374)
	at org.springframework.security.web.authentication.logout.LogoutFilter.doFilter(LogoutFilter.java:107)
	at org.springframework.security.web.authentication.logout.LogoutFilter.doFilter(LogoutFilter.java:93)
	at org.springframework.security.web.FilterChainProxy$VirtualFilterChain.doFilter(FilterChainProxy.java:374)
	at org.springframework.web.filter.CorsFilter.doFilterInternal(CorsFilter.java:91)
	at org.springframework.web.filter.OncePerRequestFilter.doFilter(OncePerRequestFilter.java:116)
	at org.springframework.security.web.FilterChainProxy$VirtualFilterChain.doFilter(FilterChainProxy.java:374)
	at org.springframework.security.web.header.HeaderWriterFilter.doHeadersAfter(HeaderWriterFilter.java:90)
	at org.springframework.security.web.header.HeaderWriterFilter.doFilterInternal(HeaderWriterFilter.java:75)
	at org.springframework.web.filter.OncePerRequestFilter.doFilter(OncePerRequestFilter.java:116)
	at org.springframework.security.web.FilterChainProxy$VirtualFilterChain.doFilter(FilterChainProxy.java:374)
	at org.springframework.security.web.context.SecurityContextHolderFilter.doFilter(SecurityContextHolderFilter.java:82)
	at org.springframework.security.web.context.SecurityContextHolderFilter.doFilter(SecurityContextHolderFilter.java:69)
	at org.springframework.security.web.FilterChainProxy$VirtualFilterChain.doFilter(FilterChainProxy.java:374)
	at org.springframework.security.web.context.request.async.WebAsyncManagerIntegrationFilter.doFilterInternal(WebAsyncManagerIntegrationFilter.java:62)
	at org.springframework.web.filter.OncePerRequestFilter.doFilter(OncePerRequestFilter.java:116)
	at org.springframework.security.web.FilterChainProxy$VirtualFilterChain.doFilter(FilterChainProxy.java:374)
	at org.springframework.security.web.session.DisableEncodeUrlFilter.doFilterInternal(DisableEncodeUrlFilter.java:42)
	at org.springframework.web.filter.OncePerRequestFilter.doFilter(OncePerRequestFilter.java:116)
	at org.springframework.security.web.FilterChainProxy$VirtualFilterChain.doFilter(FilterChainProxy.java:374)
	at org.springframework.security.web.FilterChainProxy.doFilterInternal(FilterChainProxy.java:233)
	at org.springframework.security.web.FilterChainProxy.doFilter(FilterChainProxy.java:191)
	at org.springframework.web.filter.CompositeFilter$VirtualFilterChain.doFilter(CompositeFilter.java:113)
	at org.springframework.web.filter.ServletRequestPathFilter.doFilter(ServletRequestPathFilter.java:52)
	at org.springframework.web.filter.CompositeFilter$VirtualFilterChain.doFilter(CompositeFilter.java:113)
	at org.springframework.web.filter.CompositeFilter.doFilter(CompositeFilter.java:74)
	at org.springframework.security.config.annotation.web.configuration.WebSecurityConfiguration$CompositeFilterChainProxy.doFilter(WebSecurityConfiguration.java:319)
	at org.springframework.web.filter.CompositeFilter$VirtualFilterChain.doFilter(CompositeFilter.java:113)
	at org.springframework.web.servlet.handler.HandlerMappingIntrospector.lambda$createCacheFilter$4(HandlerMappingIntrospector.java:267)
	at org.springframework.web.filter.CompositeFilter$VirtualFilterChain.doFilter(CompositeFilter.java:113)
	at org.springframework.web.filter.CompositeFilter.doFilter(CompositeFilter.java:74)
	at org.springframework.security.config.annotation.web.configuration.WebMvcSecurityConfiguration$CompositeFilterChainProxy.doFilter(WebMvcSecurityConfiguration.java:240)
	at org.springframework.web.filter.DelegatingFilterProxy.invokeDelegate(DelegatingFilterProxy.java:362)
	at org.springframework.web.filter.DelegatingFilterProxy.doFilter(DelegatingFilterProxy.java:278)
	at org.apache.catalina.core.ApplicationFilterChain.internalDoFilter(ApplicationFilterChain.java:162)
	at org.apache.catalina.core.ApplicationFilterChain.doFilter(ApplicationFilterChain.java:138)
	at org.springframework.web.filter.RequestContextFilter.doFilterInternal(RequestContextFilter.java:100)
	at org.springframework.web.filter.OncePerRequestFilter.doFilter(OncePerRequestFilter.java:116)
	at org.apache.catalina.core.ApplicationFilterChain.internalDoFilter(ApplicationFilterChain.java:162)
	at org.apache.catalina.core.ApplicationFilterChain.doFilter(ApplicationFilterChain.java:138)
	at org.springframework.web.filter.FormContentFilter.doFilterInternal(FormContentFilter.java:93)
	at org.springframework.web.filter.OncePerRequestFilter.doFilter(OncePerRequestFilter.java:116)
	at org.apache.catalina.core.ApplicationFilterChain.internalDoFilter(ApplicationFilterChain.java:162)
	at org.apache.catalina.core.ApplicationFilterChain.doFilter(ApplicationFilterChain.java:138)
	at org.springframework.web.filter.CharacterEncodingFilter.doFilterInternal(CharacterEncodingFilter.java:201)
	at org.springframework.web.filter.OncePerRequestFilter.doFilter(OncePerRequestFilter.java:116)
	at org.apache.catalina.core.ApplicationFilterChain.internalDoFilter(ApplicationFilterChain.java:162)
	at org.apache.catalina.core.ApplicationFilterChain.doFilter(ApplicationFilterChain.java:138)
	at org.apache.catalina.core.StandardWrapperValve.invoke(StandardWrapperValve.java:165)
	at org.apache.catalina.core.StandardContextValve.invoke(StandardContextValve.java:88)
	at org.apache.catalina.authenticator.AuthenticatorBase.invoke(AuthenticatorBase.java:482)
	at org.apache.catalina.core.StandardHostValve.invoke(StandardHostValve.java:113)
	at org.apache.catalina.valves.ErrorReportValve.invoke(ErrorReportValve.java:83)
	at org.apache.catalina.core.StandardEngineValve.invoke(StandardEngineValve.java:72)
	at org.apache.catalina.connector.CoyoteAdapter.service(CoyoteAdapter.java:342)
	at org.apache.coyote.http11.Http11Processor.service(Http11Processor.java:399)
	at org.apache.coyote.AbstractProcessorLight.process(AbstractProcessorLight.java:63)
	at org.apache.coyote.AbstractProtocol$ConnectionHandler.process(AbstractProtocol.java:903)
	at org.apache.tomcat.util.net.NioEndpoint$SocketProcessor.doRun(NioEndpoint.java:1774)
	at org.apache.tomcat.util.net.SocketProcessorBase.run(SocketProcessorBase.java:52)
	at org.apache.tomcat.util.threads.ThreadPoolExecutor.runWorker(ThreadPoolExecutor.java:973)
	at org.apache.tomcat.util.threads.ThreadPoolExecutor$Worker.run(ThreadPoolExecutor.java:491)
	at org.apache.tomcat.util.threads.TaskThread$WrappingRunnable.run(TaskThread.java:63)
	at java.base/java.lang.Thread.run(Thread.java:842)
2026-01-12 18:47:19 [http-nio-8989-exec-5] DEBUG o.s.security.web.FilterChainProxy - Securing POST /error?amount=10000
2026-01-12 18:47:19 [http-nio-8989-exec-5] DEBUG o.s.security.web.FilterChainProxy - Secured POST /error?amount=10000
2026-01-12 18:47:19 [http-nio-8989-exec-5] DEBUG o.s.web.servlet.DispatcherServlet - "ERROR" dispatch for POST "/error?amount=10000", parameters={masked}
2026-01-12 18:47:19 [http-nio-8989-exec-5] DEBUG o.s.w.s.m.m.a.RequestMappingHandlerMapping - Mapped to org.springframework.boot.autoconfigure.web.servlet.error.BasicErrorController#error(HttpServletRequest)
2026-01-12 18:47:19 [http-nio-8989-exec-5] DEBUG o.s.w.s.m.m.a.HttpEntityMethodProcessor - Using 'application/json', given [*/*] and supported [application/json, application/*+json]
2026-01-12 18:47:19 [http-nio-8989-exec-5] DEBUG o.s.w.s.m.m.a.HttpEntityMethodProcessor - Writing [{timestamp=Mon Jan 12 18:47:19 IST 2026, status=500, error=Internal Server Error, trace=com.app.bank (truncated)...]
2026-01-12 18:47:19 [http-nio-8989-exec-5] DEBUG o.s.web.servlet.DispatcherServlet - Exiting from "ERROR" dispatch, status 500
2026-01-12 18:47:19 [http-nio-8989-exec-5] DEBUG o.s.s.w.a.AnonymousAuthenticationFilter - Set SecurityContextHolder to anonymous SecurityContext
2026-01-12 18:48:38 [http-nio-8989-exec-7] DEBUG o.s.security.web.FilterChainProxy - Securing POST /api/v1/auth/repayments/pay-emi/1?amount=927.52
2026-01-12 18:48:38 [http-nio-8989-exec-7] DEBUG org.hibernate.SQL - 
    select
        u1_0.id,
        u1_0.aadhar_number,
        u1_0.address,
        u1_0.created_at,
        u1_0.email,
        u1_0.failed_login_attempts,
        u1_0.first_name,
        u1_0.last_login_at,
        u1_0.last_name,
        u1_0.monthly_income,
        u1_0.pan_number,
        u1_0.password,
        u1_0.phone,
        u1_0.role,
        u1_0.status,
        u1_0.username 
    from
        users u1_0 
    where
        u1_0.username=?
2026-01-12 18:48:38 [http-nio-8989-exec-7] DEBUG o.s.security.web.FilterChainProxy - Secured POST /api/v1/auth/repayments/pay-emi/1?amount=927.52
2026-01-12 18:48:38 [http-nio-8989-exec-7] DEBUG o.s.web.servlet.DispatcherServlet - POST "/api/v1/auth/repayments/pay-emi/1?amount=927.52", parameters={masked}
2026-01-12 18:48:38 [http-nio-8989-exec-7] DEBUG o.s.w.s.m.m.a.RequestMappingHandlerMapping - Mapped to com.app.bank.web.controller.LoanRepaymentController#payEmi(Long, BigDecimal, Authentication)
2026-01-12 18:48:38 [http-nio-8989-exec-7] DEBUG org.hibernate.SQL - 
    select
        u1_0.id,
        u1_0.aadhar_number,
        u1_0.address,
        u1_0.created_at,
        u1_0.email,
        u1_0.failed_login_attempts,
        u1_0.first_name,
        u1_0.last_login_at,
        u1_0.last_name,
        u1_0.monthly_income,
        u1_0.pan_number,
        u1_0.password,
        u1_0.phone,
        u1_0.role,
        u1_0.status,
        u1_0.username 
    from
        users u1_0 
    where
        u1_0.username=?
2026-01-12 18:48:39 [http-nio-8989-exec-7] DEBUG org.hibernate.SQL - 
    select
        l1_0.id,
        l1_0.applied_date,
        l1_0.approved_by,
        l1_0.approved_date,
        l1_0.disbursement_date,
        l1_0.emi_amount,
        l1_0.interest_rate,
        l1_0.account_id,
        la1_0.id,
        la1_0.account_number,
        la1_0.account_type,
        la1_0.balance,
        la1_0.created_at,
        la1_0.interest_rate,
        la1_0.last_transaction_at,
        la1_0.minimum_balance,
        la1_0.status,
        la1_0.user_id,
        u1_0.id,
        u1_0.aadhar_number,
        u1_0.address,
        u1_0.created_at,
        u1_0.email,
        u1_0.failed_login_attempts,
        u1_0.first_name,
        u1_0.last_login_at,
        u1_0.last_name,
        u1_0.monthly_income,
        u1_0.pan_number,
        u1_0.password,
        u1_0.phone,
        u1_0.role,
        u1_0.status,
        u1_0.username,
        l1_0.loan_account_number,
        l1_0.loan_type,
        l1_0.maturity_date,
        l1_0.principal_amount,
        l1_0.status,
        l1_0.tenure_months,
        l1_0.total_amount,
        l1_0.user_id,
        u2_0.id,
        u2_0.aadhar_number,
        u2_0.address,
        u2_0.created_at,
        u2_0.email,
        u2_0.failed_login_attempts,
        u2_0.first_name,
        u2_0.last_login_at,
        u2_0.last_name,
        u2_0.monthly_income,
        u2_0.pan_number,
        u2_0.password,
        u2_0.phone,
        u2_0.role,
        u2_0.status,
        u2_0.username 
    from
        loans l1_0 
    join
        accounts la1_0 
            on la1_0.id=l1_0.account_id 
    join
        users u1_0 
            on u1_0.id=la1_0.user_id 
    join
        users u2_0 
            on u2_0.id=l1_0.user_id 
    where
        l1_0.id=?
2026-01-12 18:48:39 [http-nio-8989-exec-7] DEBUG org.hibernate.SQL - 
    select
        lr1_0.id,
        lr1_0.created_at,
        lr1_0.created_by,
        lr1_0.due_amount,
        lr1_0.due_date,
        lr1_0.grace_period_end_date,
        lr1_0.installment_number,
        lr1_0.interest_amount,
        lr1_0.late_payment_fee,
        lr1_0.loan_id,
        lr1_0.paid_amount,
        lr1_0.payment_date,
        lr1_0.payment_mode,
        lr1_0.payment_reference,
        lr1_0.penalty_rate,
        lr1_0.principal_amount,
        lr1_0.remaining_principal,
        lr1_0.remarks,
        lr1_0.status,
        lr1_0.total_outstanding,
        lr1_0.transaction_id,
        lr1_0.updated_at,
        lr1_0.updated_by 
    from
        loan_repayments lr1_0 
    where
        lr1_0.loan_id=? 
        and lr1_0.status='PENDING' 
    order by
        lr1_0.due_date
2026-01-12 18:48:39 [http-nio-8989-exec-7] DEBUG o.s.web.servlet.DispatcherServlet - Failed to complete request: com.app.bank.web.exception.BankException: No pending EMI found
2026-01-12 18:48:39 [http-nio-8989-exec-7] ERROR o.a.c.c.C.[.[.[.[dispatcherServlet] - Servlet.service() for servlet [dispatcherServlet] in context with path [] threw exception [Request processing failed: com.app.bank.web.exception.BankException: No pending EMI found] with root cause
com.app.bank.web.exception.BankException: No pending EMI found
	at com.app.bank.web.service.LoanRepaymentService.lambda$3(LoanRepaymentService.java:71)
	at java.base/java.util.Optional.orElseThrow(Optional.java:403)
	at com.app.bank.web.service.LoanRepaymentService.payEmi(LoanRepaymentService.java:70)
	at java.base/jdk.internal.reflect.NativeMethodAccessorImpl.invoke0(Native Method)
	at java.base/jdk.internal.reflect.NativeMethodAccessorImpl.invoke(NativeMethodAccessorImpl.java:77)
	at java.base/jdk.internal.reflect.DelegatingMethodAccessorImpl.invoke(DelegatingMethodAccessorImpl.java:43)
	at java.base/java.lang.reflect.Method.invoke(Method.java:568)
	at org.springframework.aop.support.AopUtils.invokeJoinpointUsingReflection(AopUtils.java:360)
	at org.springframework.aop.framework.ReflectiveMethodInvocation.invokeJoinpoint(ReflectiveMethodInvocation.java:196)
	at org.springframework.aop.framework.ReflectiveMethodInvocation.proceed(ReflectiveMethodInvocation.java:163)
	at org.springframework.transaction.interceptor.TransactionAspectSupport.invokeWithinTransaction(TransactionAspectSupport.java:380)
	at org.springframework.transaction.interceptor.TransactionInterceptor.invoke(TransactionInterceptor.java:119)
	at org.springframework.aop.framework.ReflectiveMethodInvocation.proceed(ReflectiveMethodInvocation.java:184)
	at org.springframework.aop.framework.CglibAopProxy$DynamicAdvisedInterceptor.intercept(CglibAopProxy.java:728)
	at com.app.bank.web.service.LoanRepaymentService$$SpringCGLIB$$0.payEmi(<generated>)
	at com.app.bank.web.controller.LoanRepaymentController.payEmi(LoanRepaymentController.java:45)
	at java.base/jdk.internal.reflect.NativeMethodAccessorImpl.invoke0(Native Method)
	at java.base/jdk.internal.reflect.NativeMethodAccessorImpl.invoke(NativeMethodAccessorImpl.java:77)
	at java.base/jdk.internal.reflect.DelegatingMethodAccessorImpl.invoke(DelegatingMethodAccessorImpl.java:43)
	at java.base/java.lang.reflect.Method.invoke(Method.java:568)
	at org.springframework.web.method.support.InvocableHandlerMethod.doInvoke(InvocableHandlerMethod.java:258)
	at org.springframework.web.method.support.InvocableHandlerMethod.invokeForRequest(InvocableHandlerMethod.java:191)
	at org.springframework.web.servlet.mvc.method.annotation.ServletInvocableHandlerMethod.invokeAndHandle(ServletInvocableHandlerMethod.java:118)
	at org.springframework.web.servlet.mvc.method.annotation.RequestMappingHandlerAdapter.invokeHandlerMethod(RequestMappingHandlerAdapter.java:991)
	at org.springframework.web.servlet.mvc.method.annotation.RequestMappingHandlerAdapter.handleInternal(RequestMappingHandlerAdapter.java:896)
	at org.springframework.web.servlet.mvc.method.AbstractHandlerMethodAdapter.handle(AbstractHandlerMethodAdapter.java:87)
	at org.springframework.web.servlet.DispatcherServlet.doDispatch(DispatcherServlet.java:1089)
	at org.springframework.web.servlet.DispatcherServlet.doService(DispatcherServlet.java:979)
	at org.springframework.web.servlet.FrameworkServlet.processRequest(FrameworkServlet.java:1014)
	at org.springframework.web.servlet.FrameworkServlet.doPost(FrameworkServlet.java:914)
	at jakarta.servlet.http.HttpServlet.service(HttpServlet.java:590)
	at org.springframework.web.servlet.FrameworkServlet.service(FrameworkServlet.java:885)
	at jakarta.servlet.http.HttpServlet.service(HttpServlet.java:658)
	at org.apache.catalina.core.ApplicationFilterChain.internalDoFilter(ApplicationFilterChain.java:193)
	at org.apache.catalina.core.ApplicationFilterChain.doFilter(ApplicationFilterChain.java:138)
	at org.apache.tomcat.websocket.server.WsFilter.doFilter(WsFilter.java:51)
	at org.apache.catalina.core.ApplicationFilterChain.internalDoFilter(ApplicationFilterChain.java:162)
	at org.apache.catalina.core.ApplicationFilterChain.doFilter(ApplicationFilterChain.java:138)
	at org.springframework.web.filter.OncePerRequestFilter.doFilter(OncePerRequestFilter.java:110)
	at org.apache.catalina.core.ApplicationFilterChain.internalDoFilter(ApplicationFilterChain.java:162)
	at org.apache.catalina.core.ApplicationFilterChain.doFilter(ApplicationFilterChain.java:138)
	at org.springframework.web.filter.CompositeFilter$VirtualFilterChain.doFilter(CompositeFilter.java:108)
	at org.springframework.web.filter.CompositeFilter$VirtualFilterChain.doFilter(CompositeFilter.java:108)
	at org.springframework.security.web.FilterChainProxy.lambda$doFilterInternal$3(FilterChainProxy.java:231)
	at org.springframework.security.web.FilterChainProxy$VirtualFilterChain.doFilter(FilterChainProxy.java:365)
	at org.springframework.security.web.access.intercept.AuthorizationFilter.doFilter(AuthorizationFilter.java:101)
	at org.springframework.security.web.FilterChainProxy$VirtualFilterChain.doFilter(FilterChainProxy.java:374)
	at org.springframework.security.web.access.ExceptionTranslationFilter.doFilter(ExceptionTranslationFilter.java:125)
	at org.springframework.security.web.access.ExceptionTranslationFilter.doFilter(ExceptionTranslationFilter.java:119)
	at org.springframework.security.web.FilterChainProxy$VirtualFilterChain.doFilter(FilterChainProxy.java:374)
	at org.springframework.security.web.session.SessionManagementFilter.doFilter(SessionManagementFilter.java:131)
	at org.springframework.security.web.session.SessionManagementFilter.doFilter(SessionManagementFilter.java:85)
	at org.springframework.security.web.FilterChainProxy$VirtualFilterChain.doFilter(FilterChainProxy.java:374)
	at org.springframework.security.web.authentication.AnonymousAuthenticationFilter.doFilter(AnonymousAuthenticationFilter.java:100)
	at org.springframework.security.web.FilterChainProxy$VirtualFilterChain.doFilter(FilterChainProxy.java:374)
	at org.springframework.security.web.servletapi.SecurityContextHolderAwareRequestFilter.doFilter(SecurityContextHolderAwareRequestFilter.java:179)
	at org.springframework.security.web.FilterChainProxy$VirtualFilterChain.doFilter(FilterChainProxy.java:374)
	at org.springframework.security.web.savedrequest.RequestCacheAwareFilter.doFilter(RequestCacheAwareFilter.java:63)
	at org.springframework.security.web.FilterChainProxy$VirtualFilterChain.doFilter(FilterChainProxy.java:374)
	at com.app.bank.web.security.JwtAuthenticationFilter.doFilterInternal(JwtAuthenticationFilter.java:137)
	at org.springframework.web.filter.OncePerRequestFilter.doFilter(OncePerRequestFilter.java:116)
	at org.springframework.security.web.FilterChainProxy$VirtualFilterChain.doFilter(FilterChainProxy.java:374)
	at org.springframework.security.web.authentication.logout.LogoutFilter.doFilter(LogoutFilter.java:107)
	at org.springframework.security.web.authentication.logout.LogoutFilter.doFilter(LogoutFilter.java:93)
	at org.springframework.security.web.FilterChainProxy$VirtualFilterChain.doFilter(FilterChainProxy.java:374)
	at org.springframework.web.filter.CorsFilter.doFilterInternal(CorsFilter.java:91)
	at org.springframework.web.filter.OncePerRequestFilter.doFilter(OncePerRequestFilter.java:116)
	at org.springframework.security.web.FilterChainProxy$VirtualFilterChain.doFilter(FilterChainProxy.java:374)
	at org.springframework.security.web.header.HeaderWriterFilter.doHeadersAfter(HeaderWriterFilter.java:90)
	at org.springframework.security.web.header.HeaderWriterFilter.doFilterInternal(HeaderWriterFilter.java:75)
	at org.springframework.web.filter.OncePerRequestFilter.doFilter(OncePerRequestFilter.java:116)
	at org.springframework.security.web.FilterChainProxy$VirtualFilterChain.doFilter(FilterChainProxy.java:374)
	at org.springframework.security.web.context.SecurityContextHolderFilter.doFilter(SecurityContextHolderFilter.java:82)
	at org.springframework.security.web.context.SecurityContextHolderFilter.doFilter(SecurityContextHolderFilter.java:69)
	at org.springframework.security.web.FilterChainProxy$VirtualFilterChain.doFilter(FilterChainProxy.java:374)
	at org.springframework.security.web.context.request.async.WebAsyncManagerIntegrationFilter.doFilterInternal(WebAsyncManagerIntegrationFilter.java:62)
	at org.springframework.web.filter.OncePerRequestFilter.doFilter(OncePerRequestFilter.java:116)
	at org.springframework.security.web.FilterChainProxy$VirtualFilterChain.doFilter(FilterChainProxy.java:374)
	at org.springframework.security.web.session.DisableEncodeUrlFilter.doFilterInternal(DisableEncodeUrlFilter.java:42)
	at org.springframework.web.filter.OncePerRequestFilter.doFilter(OncePerRequestFilter.java:116)
	at org.springframework.security.web.FilterChainProxy$VirtualFilterChain.doFilter(FilterChainProxy.java:374)
	at org.springframework.security.web.FilterChainProxy.doFilterInternal(FilterChainProxy.java:233)
	at org.springframework.security.web.FilterChainProxy.doFilter(FilterChainProxy.java:191)
	at org.springframework.web.filter.CompositeFilter$VirtualFilterChain.doFilter(CompositeFilter.java:113)
	at org.springframework.web.filter.ServletRequestPathFilter.doFilter(ServletRequestPathFilter.java:52)
	at org.springframework.web.filter.CompositeFilter$VirtualFilterChain.doFilter(CompositeFilter.java:113)
	at org.springframework.web.filter.CompositeFilter.doFilter(CompositeFilter.java:74)
	at org.springframework.security.config.annotation.web.configuration.WebSecurityConfiguration$CompositeFilterChainProxy.doFilter(WebSecurityConfiguration.java:319)
	at org.springframework.web.filter.CompositeFilter$VirtualFilterChain.doFilter(CompositeFilter.java:113)
	at org.springframework.web.servlet.handler.HandlerMappingIntrospector.lambda$createCacheFilter$4(HandlerMappingIntrospector.java:267)
	at org.springframework.web.filter.CompositeFilter$VirtualFilterChain.doFilter(CompositeFilter.java:113)
	at org.springframework.web.filter.CompositeFilter.doFilter(CompositeFilter.java:74)
	at org.springframework.security.config.annotation.web.configuration.WebMvcSecurityConfiguration$CompositeFilterChainProxy.doFilter(WebMvcSecurityConfiguration.java:240)
	at org.springframework.web.filter.DelegatingFilterProxy.invokeDelegate(DelegatingFilterProxy.java:362)
	at org.springframework.web.filter.DelegatingFilterProxy.doFilter(DelegatingFilterProxy.java:278)
	at org.apache.catalina.core.ApplicationFilterChain.internalDoFilter(ApplicationFilterChain.java:162)
	at org.apache.catalina.core.ApplicationFilterChain.doFilter(ApplicationFilterChain.java:138)
	at org.springframework.web.filter.RequestContextFilter.doFilterInternal(RequestContextFilter.java:100)
	at org.springframework.web.filter.OncePerRequestFilter.doFilter(OncePerRequestFilter.java:116)
	at org.apache.catalina.core.ApplicationFilterChain.internalDoFilter(ApplicationFilterChain.java:162)
	at org.apache.catalina.core.ApplicationFilterChain.doFilter(ApplicationFilterChain.java:138)
	at org.springframework.web.filter.FormContentFilter.doFilterInternal(FormContentFilter.java:93)
	at org.springframework.web.filter.OncePerRequestFilter.doFilter(OncePerRequestFilter.java:116)
	at org.apache.catalina.core.ApplicationFilterChain.internalDoFilter(ApplicationFilterChain.java:162)
	at org.apache.catalina.core.ApplicationFilterChain.doFilter(ApplicationFilterChain.java:138)
	at org.springframework.web.filter.CharacterEncodingFilter.doFilterInternal(CharacterEncodingFilter.java:201)
	at org.springframework.web.filter.OncePerRequestFilter.doFilter(OncePerRequestFilter.java:116)
	at org.apache.catalina.core.ApplicationFilterChain.internalDoFilter(ApplicationFilterChain.java:162)
	at org.apache.catalina.core.ApplicationFilterChain.doFilter(ApplicationFilterChain.java:138)
	at org.apache.catalina.core.StandardWrapperValve.invoke(StandardWrapperValve.java:165)
	at org.apache.catalina.core.StandardContextValve.invoke(StandardContextValve.java:88)
	at org.apache.catalina.authenticator.AuthenticatorBase.invoke(AuthenticatorBase.java:482)
	at org.apache.catalina.core.StandardHostValve.invoke(StandardHostValve.java:113)
	at org.apache.catalina.valves.ErrorReportValve.invoke(ErrorReportValve.java:83)
	at org.apache.catalina.core.StandardEngineValve.invoke(StandardEngineValve.java:72)
	at org.apache.catalina.connector.CoyoteAdapter.service(CoyoteAdapter.java:342)
	at org.apache.coyote.http11.Http11Processor.service(Http11Processor.java:399)
	at org.apache.coyote.AbstractProcessorLight.process(AbstractProcessorLight.java:63)
	at org.apache.coyote.AbstractProtocol$ConnectionHandler.process(AbstractProtocol.java:903)
	at org.apache.tomcat.util.net.NioEndpoint$SocketProcessor.doRun(NioEndpoint.java:1774)
	at org.apache.tomcat.util.net.SocketProcessorBase.run(SocketProcessorBase.java:52)
	at org.apache.tomcat.util.threads.ThreadPoolExecutor.runWorker(ThreadPoolExecutor.java:973)
	at org.apache.tomcat.util.threads.ThreadPoolExecutor$Worker.run(ThreadPoolExecutor.java:491)
	at org.apache.tomcat.util.threads.TaskThread$WrappingRunnable.run(TaskThread.java:63)
	at java.base/java.lang.Thread.run(Thread.java:842)
2026-01-12 18:48:39 [http-nio-8989-exec-7] DEBUG o.s.security.web.FilterChainProxy - Securing POST /error?amount=927.52
2026-01-12 18:48:39 [http-nio-8989-exec-7] DEBUG o.s.security.web.FilterChainProxy - Secured POST /error?amount=927.52
2026-01-12 18:48:39 [http-nio-8989-exec-7] DEBUG o.s.web.servlet.DispatcherServlet - "ERROR" dispatch for POST "/error?amount=927.52", parameters={masked}
2026-01-12 18:48:39 [http-nio-8989-exec-7] DEBUG o.s.w.s.m.m.a.RequestMappingHandlerMapping - Mapped to org.springframework.boot.autoconfigure.web.servlet.error.BasicErrorController#error(HttpServletRequest)
2026-01-12 18:48:39 [http-nio-8989-exec-7] DEBUG o.s.w.s.m.m.a.HttpEntityMethodProcessor - Using 'application/json', given [*/*] and supported [application/json, application/*+json]
2026-01-12 18:48:39 [http-nio-8989-exec-7] DEBUG o.s.w.s.m.m.a.HttpEntityMethodProcessor - Writing [{timestamp=Mon Jan 12 18:48:39 IST 2026, status=500, error=Internal Server Error, trace=com.app.bank (truncated)...]
2026-01-12 18:48:39 [http-nio-8989-exec-7] DEBUG o.s.web.servlet.DispatcherServlet - Exiting from "ERROR" dispatch, status 500
2026-01-12 18:48:39 [http-nio-8989-exec-7] DEBUG o.s.s.w.a.AnonymousAuthenticationFilter - Set SecurityContextHolder to anonymous SecurityContext
2026-01-12 18:48:55 [http-nio-8989-exec-9] DEBUG o.s.security.web.FilterChainProxy - Securing POST /api/v1/auth/repayments/pay-emi/2?amount=927.52
2026-01-12 18:48:55 [http-nio-8989-exec-9] DEBUG org.hibernate.SQL - 
    select
        u1_0.id,
        u1_0.aadhar_number,
        u1_0.address,
        u1_0.created_at,
        u1_0.email,
        u1_0.failed_login_attempts,
        u1_0.first_name,
        u1_0.last_login_at,
        u1_0.last_name,
        u1_0.monthly_income,
        u1_0.pan_number,
        u1_0.password,
        u1_0.phone,
        u1_0.role,
        u1_0.status,
        u1_0.username 
    from
        users u1_0 
    where
        u1_0.username=?
2026-01-12 18:48:55 [http-nio-8989-exec-9] DEBUG o.s.security.web.FilterChainProxy - Secured POST /api/v1/auth/repayments/pay-emi/2?amount=927.52
2026-01-12 18:48:55 [http-nio-8989-exec-9] DEBUG o.s.web.servlet.DispatcherServlet - POST "/api/v1/auth/repayments/pay-emi/2?amount=927.52", parameters={masked}
2026-01-12 18:48:55 [http-nio-8989-exec-9] DEBUG o.s.w.s.m.m.a.RequestMappingHandlerMapping - Mapped to com.app.bank.web.controller.LoanRepaymentController#payEmi(Long, BigDecimal, Authentication)
2026-01-12 18:48:55 [http-nio-8989-exec-9] DEBUG org.hibernate.SQL - 
    select
        u1_0.id,
        u1_0.aadhar_number,
        u1_0.address,
        u1_0.created_at,
        u1_0.email,
        u1_0.failed_login_attempts,
        u1_0.first_name,
        u1_0.last_login_at,
        u1_0.last_name,
        u1_0.monthly_income,
        u1_0.pan_number,
        u1_0.password,
        u1_0.phone,
        u1_0.role,
        u1_0.status,
        u1_0.username 
    from
        users u1_0 
    where
        u1_0.username=?
2026-01-12 18:48:55 [http-nio-8989-exec-9] DEBUG org.hibernate.SQL - 
    select
        l1_0.id,
        l1_0.applied_date,
        l1_0.approved_by,
        l1_0.approved_date,
        l1_0.disbursement_date,
        l1_0.emi_amount,
        l1_0.interest_rate,
        l1_0.account_id,
        la1_0.id,
        la1_0.account_number,
        la1_0.account_type,
        la1_0.balance,
        la1_0.created_at,
        la1_0.interest_rate,
        la1_0.last_transaction_at,
        la1_0.minimum_balance,
        la1_0.status,
        la1_0.user_id,
        u1_0.id,
        u1_0.aadhar_number,
        u1_0.address,
        u1_0.created_at,
        u1_0.email,
        u1_0.failed_login_attempts,
        u1_0.first_name,
        u1_0.last_login_at,
        u1_0.last_name,
        u1_0.monthly_income,
        u1_0.pan_number,
        u1_0.password,
        u1_0.phone,
        u1_0.role,
        u1_0.status,
        u1_0.username,
        l1_0.loan_account_number,
        l1_0.loan_type,
        l1_0.maturity_date,
        l1_0.principal_amount,
        l1_0.status,
        l1_0.tenure_months,
        l1_0.total_amount,
        l1_0.user_id,
        u2_0.id,
        u2_0.aadhar_number,
        u2_0.address,
        u2_0.created_at,
        u2_0.email,
        u2_0.failed_login_attempts,
        u2_0.first_name,
        u2_0.last_login_at,
        u2_0.last_name,
        u2_0.monthly_income,
        u2_0.pan_number,
        u2_0.password,
        u2_0.phone,
        u2_0.role,
        u2_0.status,
        u2_0.username 
    from
        loans l1_0 
    join
        accounts la1_0 
            on la1_0.id=l1_0.account_id 
    join
        users u1_0 
            on u1_0.id=la1_0.user_id 
    join
        users u2_0 
            on u2_0.id=l1_0.user_id 
    where
        l1_0.id=?
2026-01-12 18:48:55 [http-nio-8989-exec-9] DEBUG org.hibernate.SQL - 
    select
        lr1_0.id,
        lr1_0.created_at,
        lr1_0.created_by,
        lr1_0.due_amount,
        lr1_0.due_date,
        lr1_0.grace_period_end_date,
        lr1_0.installment_number,
        lr1_0.interest_amount,
        lr1_0.late_payment_fee,
        lr1_0.loan_id,
        lr1_0.paid_amount,
        lr1_0.payment_date,
        lr1_0.payment_mode,
        lr1_0.payment_reference,
        lr1_0.penalty_rate,
        lr1_0.principal_amount,
        lr1_0.remaining_principal,
        lr1_0.remarks,
        lr1_0.status,
        lr1_0.total_outstanding,
        lr1_0.transaction_id,
        lr1_0.updated_at,
        lr1_0.updated_by 
    from
        loan_repayments lr1_0 
    where
        lr1_0.loan_id=? 
        and lr1_0.status='PENDING' 
    order by
        lr1_0.due_date
2026-01-12 18:48:55 [http-nio-8989-exec-9] DEBUG o.s.web.servlet.DispatcherServlet - Failed to complete request: com.app.bank.web.exception.BankException: No pending EMI found
2026-01-12 18:48:55 [http-nio-8989-exec-9] ERROR o.a.c.c.C.[.[.[.[dispatcherServlet] - Servlet.service() for servlet [dispatcherServlet] in context with path [] threw exception [Request processing failed: com.app.bank.web.exception.BankException: No pending EMI found] with root cause
com.app.bank.web.exception.BankException: No pending EMI found
	at com.app.bank.web.service.LoanRepaymentService.lambda$3(LoanRepaymentService.java:71)
	at java.base/java.util.Optional.orElseThrow(Optional.java:403)
	at com.app.bank.web.service.LoanRepaymentService.payEmi(LoanRepaymentService.java:70)
	at java.base/jdk.internal.reflect.NativeMethodAccessorImpl.invoke0(Native Method)
	at java.base/jdk.internal.reflect.NativeMethodAccessorImpl.invoke(NativeMethodAccessorImpl.java:77)
	at java.base/jdk.internal.reflect.DelegatingMethodAccessorImpl.invoke(DelegatingMethodAccessorImpl.java:43)
	at java.base/java.lang.reflect.Method.invoke(Method.java:568)
	at org.springframework.aop.support.AopUtils.invokeJoinpointUsingReflection(AopUtils.java:360)
	at org.springframework.aop.framework.ReflectiveMethodInvocation.invokeJoinpoint(ReflectiveMethodInvocation.java:196)
	at org.springframework.aop.framework.ReflectiveMethodInvocation.proceed(ReflectiveMethodInvocation.java:163)
	at org.springframework.transaction.interceptor.TransactionAspectSupport.invokeWithinTransaction(TransactionAspectSupport.java:380)
	at org.springframework.transaction.interceptor.TransactionInterceptor.invoke(TransactionInterceptor.java:119)
	at org.springframework.aop.framework.ReflectiveMethodInvocation.proceed(ReflectiveMethodInvocation.java:184)
	at org.springframework.aop.framework.CglibAopProxy$DynamicAdvisedInterceptor.intercept(CglibAopProxy.java:728)
	at com.app.bank.web.service.LoanRepaymentService$$SpringCGLIB$$0.payEmi(<generated>)
	at com.app.bank.web.controller.LoanRepaymentController.payEmi(LoanRepaymentController.java:45)
	at java.base/jdk.internal.reflect.NativeMethodAccessorImpl.invoke0(Native Method)
	at java.base/jdk.internal.reflect.NativeMethodAccessorImpl.invoke(NativeMethodAccessorImpl.java:77)
	at java.base/jdk.internal.reflect.DelegatingMethodAccessorImpl.invoke(DelegatingMethodAccessorImpl.java:43)
	at java.base/java.lang.reflect.Method.invoke(Method.java:568)
	at org.springframework.web.method.support.InvocableHandlerMethod.doInvoke(InvocableHandlerMethod.java:258)
	at org.springframework.web.method.support.InvocableHandlerMethod.invokeForRequest(InvocableHandlerMethod.java:191)
	at org.springframework.web.servlet.mvc.method.annotation.ServletInvocableHandlerMethod.invokeAndHandle(ServletInvocableHandlerMethod.java:118)
	at org.springframework.web.servlet.mvc.method.annotation.RequestMappingHandlerAdapter.invokeHandlerMethod(RequestMappingHandlerAdapter.java:991)
	at org.springframework.web.servlet.mvc.method.annotation.RequestMappingHandlerAdapter.handleInternal(RequestMappingHandlerAdapter.java:896)
	at org.springframework.web.servlet.mvc.method.AbstractHandlerMethodAdapter.handle(AbstractHandlerMethodAdapter.java:87)
	at org.springframework.web.servlet.DispatcherServlet.doDispatch(DispatcherServlet.java:1089)
	at org.springframework.web.servlet.DispatcherServlet.doService(DispatcherServlet.java:979)
	at org.springframework.web.servlet.FrameworkServlet.processRequest(FrameworkServlet.java:1014)
	at org.springframework.web.servlet.FrameworkServlet.doPost(FrameworkServlet.java:914)
	at jakarta.servlet.http.HttpServlet.service(HttpServlet.java:590)
	at org.springframework.web.servlet.FrameworkServlet.service(FrameworkServlet.java:885)
	at jakarta.servlet.http.HttpServlet.service(HttpServlet.java:658)
	at org.apache.catalina.core.ApplicationFilterChain.internalDoFilter(ApplicationFilterChain.java:193)
	at org.apache.catalina.core.ApplicationFilterChain.doFilter(ApplicationFilterChain.java:138)
	at org.apache.tomcat.websocket.server.WsFilter.doFilter(WsFilter.java:51)
	at org.apache.catalina.core.ApplicationFilterChain.internalDoFilter(ApplicationFilterChain.java:162)
	at org.apache.catalina.core.ApplicationFilterChain.doFilter(ApplicationFilterChain.java:138)
	at org.springframework.web.filter.OncePerRequestFilter.doFilter(OncePerRequestFilter.java:110)
	at org.apache.catalina.core.ApplicationFilterChain.internalDoFilter(ApplicationFilterChain.java:162)
	at org.apache.catalina.core.ApplicationFilterChain.doFilter(ApplicationFilterChain.java:138)
	at org.springframework.web.filter.CompositeFilter$VirtualFilterChain.doFilter(CompositeFilter.java:108)
	at org.springframework.web.filter.CompositeFilter$VirtualFilterChain.doFilter(CompositeFilter.java:108)
	at org.springframework.security.web.FilterChainProxy.lambda$doFilterInternal$3(FilterChainProxy.java:231)
	at org.springframework.security.web.FilterChainProxy$VirtualFilterChain.doFilter(FilterChainProxy.java:365)
	at org.springframework.security.web.access.intercept.AuthorizationFilter.doFilter(AuthorizationFilter.java:101)
	at org.springframework.security.web.FilterChainProxy$VirtualFilterChain.doFilter(FilterChainProxy.java:374)
	at org.springframework.security.web.access.ExceptionTranslationFilter.doFilter(ExceptionTranslationFilter.java:125)
	at org.springframework.security.web.access.ExceptionTranslationFilter.doFilter(ExceptionTranslationFilter.java:119)
	at org.springframework.security.web.FilterChainProxy$VirtualFilterChain.doFilter(FilterChainProxy.java:374)
	at org.springframework.security.web.session.SessionManagementFilter.doFilter(SessionManagementFilter.java:131)
	at org.springframework.security.web.session.SessionManagementFilter.doFilter(SessionManagementFilter.java:85)
	at org.springframework.security.web.FilterChainProxy$VirtualFilterChain.doFilter(FilterChainProxy.java:374)
	at org.springframework.security.web.authentication.AnonymousAuthenticationFilter.doFilter(AnonymousAuthenticationFilter.java:100)
	at org.springframework.security.web.FilterChainProxy$VirtualFilterChain.doFilter(FilterChainProxy.java:374)
	at org.springframework.security.web.servletapi.SecurityContextHolderAwareRequestFilter.doFilter(SecurityContextHolderAwareRequestFilter.java:179)
	at org.springframework.security.web.FilterChainProxy$VirtualFilterChain.doFilter(FilterChainProxy.java:374)
	at org.springframework.security.web.savedrequest.RequestCacheAwareFilter.doFilter(RequestCacheAwareFilter.java:63)
	at org.springframework.security.web.FilterChainProxy$VirtualFilterChain.doFilter(FilterChainProxy.java:374)
	at com.app.bank.web.security.JwtAuthenticationFilter.doFilterInternal(JwtAuthenticationFilter.java:137)
	at org.springframework.web.filter.OncePerRequestFilter.doFilter(OncePerRequestFilter.java:116)
	at org.springframework.security.web.FilterChainProxy$VirtualFilterChain.doFilter(FilterChainProxy.java:374)
	at org.springframework.security.web.authentication.logout.LogoutFilter.doFilter(LogoutFilter.java:107)
	at org.springframework.security.web.authentication.logout.LogoutFilter.doFilter(LogoutFilter.java:93)
	at org.springframework.security.web.FilterChainProxy$VirtualFilterChain.doFilter(FilterChainProxy.java:374)
	at org.springframework.web.filter.CorsFilter.doFilterInternal(CorsFilter.java:91)
	at org.springframework.web.filter.OncePerRequestFilter.doFilter(OncePerRequestFilter.java:116)
	at org.springframework.security.web.FilterChainProxy$VirtualFilterChain.doFilter(FilterChainProxy.java:374)
	at org.springframework.security.web.header.HeaderWriterFilter.doHeadersAfter(HeaderWriterFilter.java:90)
	at org.springframework.security.web.header.HeaderWriterFilter.doFilterInternal(HeaderWriterFilter.java:75)
	at org.springframework.web.filter.OncePerRequestFilter.doFilter(OncePerRequestFilter.java:116)
	at org.springframework.security.web.FilterChainProxy$VirtualFilterChain.doFilter(FilterChainProxy.java:374)
	at org.springframework.security.web.context.SecurityContextHolderFilter.doFilter(SecurityContextHolderFilter.java:82)
	at org.springframework.security.web.context.SecurityContextHolderFilter.doFilter(SecurityContextHolderFilter.java:69)
	at org.springframework.security.web.FilterChainProxy$VirtualFilterChain.doFilter(FilterChainProxy.java:374)
	at org.springframework.security.web.context.request.async.WebAsyncManagerIntegrationFilter.doFilterInternal(WebAsyncManagerIntegrationFilter.java:62)
	at org.springframework.web.filter.OncePerRequestFilter.doFilter(OncePerRequestFilter.java:116)
	at org.springframework.security.web.FilterChainProxy$VirtualFilterChain.doFilter(FilterChainProxy.java:374)
	at org.springframework.security.web.session.DisableEncodeUrlFilter.doFilterInternal(DisableEncodeUrlFilter.java:42)
	at org.springframework.web.filter.OncePerRequestFilter.doFilter(OncePerRequestFilter.java:116)
	at org.springframework.security.web.FilterChainProxy$VirtualFilterChain.doFilter(FilterChainProxy.java:374)
	at org.springframework.security.web.FilterChainProxy.doFilterInternal(FilterChainProxy.java:233)
	at org.springframework.security.web.FilterChainProxy.doFilter(FilterChainProxy.java:191)
	at org.springframework.web.filter.CompositeFilter$VirtualFilterChain.doFilter(CompositeFilter.java:113)
	at org.springframework.web.filter.ServletRequestPathFilter.doFilter(ServletRequestPathFilter.java:52)
	at org.springframework.web.filter.CompositeFilter$VirtualFilterChain.doFilter(CompositeFilter.java:113)
	at org.springframework.web.filter.CompositeFilter.doFilter(CompositeFilter.java:74)
	at org.springframework.security.config.annotation.web.configuration.WebSecurityConfiguration$CompositeFilterChainProxy.doFilter(WebSecurityConfiguration.java:319)
	at org.springframework.web.filter.CompositeFilter$VirtualFilterChain.doFilter(CompositeFilter.java:113)
	at org.springframework.web.servlet.handler.HandlerMappingIntrospector.lambda$createCacheFilter$4(HandlerMappingIntrospector.java:267)
	at org.springframework.web.filter.CompositeFilter$VirtualFilterChain.doFilter(CompositeFilter.java:113)
	at org.springframework.web.filter.CompositeFilter.doFilter(CompositeFilter.java:74)
	at org.springframework.security.config.annotation.web.configuration.WebMvcSecurityConfiguration$CompositeFilterChainProxy.doFilter(WebMvcSecurityConfiguration.java:240)
	at org.springframework.web.filter.DelegatingFilterProxy.invokeDelegate(DelegatingFilterProxy.java:362)
	at org.springframework.web.filter.DelegatingFilterProxy.doFilter(DelegatingFilterProxy.java:278)
	at org.apache.catalina.core.ApplicationFilterChain.internalDoFilter(ApplicationFilterChain.java:162)
	at org.apache.catalina.core.ApplicationFilterChain.doFilter(ApplicationFilterChain.java:138)
	at org.springframework.web.filter.RequestContextFilter.doFilterInternal(RequestContextFilter.java:100)
	at org.springframework.web.filter.OncePerRequestFilter.doFilter(OncePerRequestFilter.java:116)
	at org.apache.catalina.core.ApplicationFilterChain.internalDoFilter(ApplicationFilterChain.java:162)
	at org.apache.catalina.core.ApplicationFilterChain.doFilter(ApplicationFilterChain.java:138)
	at org.springframework.web.filter.FormContentFilter.doFilterInternal(FormContentFilter.java:93)
	at org.springframework.web.filter.OncePerRequestFilter.doFilter(OncePerRequestFilter.java:116)
	at org.apache.catalina.core.ApplicationFilterChain.internalDoFilter(ApplicationFilterChain.java:162)
	at org.apache.catalina.core.ApplicationFilterChain.doFilter(ApplicationFilterChain.java:138)
	at org.springframework.web.filter.CharacterEncodingFilter.doFilterInternal(CharacterEncodingFilter.java:201)
	at org.springframework.web.filter.OncePerRequestFilter.doFilter(OncePerRequestFilter.java:116)
	at org.apache.catalina.core.ApplicationFilterChain.internalDoFilter(ApplicationFilterChain.java:162)
	at org.apache.catalina.core.ApplicationFilterChain.doFilter(ApplicationFilterChain.java:138)
	at org.apache.catalina.core.StandardWrapperValve.invoke(StandardWrapperValve.java:165)
	at org.apache.catalina.core.StandardContextValve.invoke(StandardContextValve.java:88)
	at org.apache.catalina.authenticator.AuthenticatorBase.invoke(AuthenticatorBase.java:482)
	at org.apache.catalina.core.StandardHostValve.invoke(StandardHostValve.java:113)
	at org.apache.catalina.valves.ErrorReportValve.invoke(ErrorReportValve.java:83)
	at org.apache.catalina.core.StandardEngineValve.invoke(StandardEngineValve.java:72)
	at org.apache.catalina.connector.CoyoteAdapter.service(CoyoteAdapter.java:342)
	at org.apache.coyote.http11.Http11Processor.service(Http11Processor.java:399)
	at org.apache.coyote.AbstractProcessorLight.process(AbstractProcessorLight.java:63)
	at org.apache.coyote.AbstractProtocol$ConnectionHandler.process(AbstractProtocol.java:903)
	at org.apache.tomcat.util.net.NioEndpoint$SocketProcessor.doRun(NioEndpoint.java:1774)
	at org.apache.tomcat.util.net.SocketProcessorBase.run(SocketProcessorBase.java:52)
	at org.apache.tomcat.util.threads.ThreadPoolExecutor.runWorker(ThreadPoolExecutor.java:973)
	at org.apache.tomcat.util.threads.ThreadPoolExecutor$Worker.run(ThreadPoolExecutor.java:491)
	at org.apache.tomcat.util.threads.TaskThread$WrappingRunnable.run(TaskThread.java:63)
	at java.base/java.lang.Thread.run(Thread.java:842)
2026-01-12 18:48:55 [http-nio-8989-exec-9] DEBUG o.s.security.web.FilterChainProxy - Securing POST /error?amount=927.52
2026-01-12 18:48:55 [http-nio-8989-exec-9] DEBUG o.s.security.web.FilterChainProxy - Secured POST /error?amount=927.52
2026-01-12 18:48:55 [http-nio-8989-exec-9] DEBUG o.s.web.servlet.DispatcherServlet - "ERROR" dispatch for POST "/error?amount=927.52", parameters={masked}
2026-01-12 18:48:55 [http-nio-8989-exec-9] DEBUG o.s.w.s.m.m.a.RequestMappingHandlerMapping - Mapped to org.springframework.boot.autoconfigure.web.servlet.error.BasicErrorController#error(HttpServletRequest)
2026-01-12 18:48:55 [http-nio-8989-exec-9] DEBUG o.s.w.s.m.m.a.HttpEntityMethodProcessor - Using 'application/json', given [*/*] and supported [application/json, application/*+json]
2026-01-12 18:48:55 [http-nio-8989-exec-9] DEBUG o.s.w.s.m.m.a.HttpEntityMethodProcessor - Writing [{timestamp=Mon Jan 12 18:48:55 IST 2026, status=500, error=Internal Server Error, trace=com.app.bank (truncated)...]
2026-01-12 18:48:55 [http-nio-8989-exec-9] DEBUG o.s.web.servlet.DispatcherServlet - Exiting from "ERROR" dispatch, status 500
2026-01-12 18:48:55 [http-nio-8989-exec-9] DEBUG o.s.s.w.a.AnonymousAuthenticationFilter - Set SecurityContextHolder to anonymous SecurityContext
2026-01-12 18:49:24 [http-nio-8989-exec-1] DEBUG o.s.security.web.FilterChainProxy - Securing GET /api/v1/auth/repayments/total-paid/1
2026-01-12 18:49:24 [http-nio-8989-exec-1] DEBUG org.hibernate.SQL - 
    select
        u1_0.id,
        u1_0.aadhar_number,
        u1_0.address,
        u1_0.created_at,
        u1_0.email,
        u1_0.failed_login_attempts,
        u1_0.first_name,
        u1_0.last_login_at,
        u1_0.last_name,
        u1_0.monthly_income,
        u1_0.pan_number,
        u1_0.password,
        u1_0.phone,
        u1_0.role,
        u1_0.status,
        u1_0.username 
    from
        users u1_0 
    where
        u1_0.username=?
2026-01-12 18:49:24 [http-nio-8989-exec-1] DEBUG o.s.security.web.FilterChainProxy - Secured GET /api/v1/auth/repayments/total-paid/1
2026-01-12 18:49:24 [http-nio-8989-exec-1] DEBUG o.s.web.servlet.DispatcherServlet - GET "/api/v1/auth/repayments/total-paid/1", parameters={}
2026-01-12 18:49:24 [http-nio-8989-exec-1] DEBUG o.s.w.s.m.m.a.RequestMappingHandlerMapping - Mapped to com.app.bank.web.controller.LoanRepaymentController#getTotalPaid(Long)
2026-01-12 18:49:24 [http-nio-8989-exec-1] DEBUG org.hibernate.SQL - 
    select
        coalesce(sum(lr1_0.paid_amount), 0) 
    from
        loan_repayments lr1_0 
    where
        lr1_0.loan_id=? 
        and lr1_0.status in ('PAID', 'ADVANCED_PAID', 'PARTIALLY_PAID')
2026-01-12 18:49:24 [http-nio-8989-exec-1] DEBUG o.s.w.s.m.m.a.HttpEntityMethodProcessor - Using 'application/json', given [*/*] and supported [application/json, application/*+json]
2026-01-12 18:49:24 [http-nio-8989-exec-1] DEBUG o.s.w.s.m.m.a.HttpEntityMethodProcessor - Writing [0.00]
2026-01-12 18:49:24 [http-nio-8989-exec-1] DEBUG o.s.web.servlet.DispatcherServlet - Completed 200 OK
2026-01-12 18:49:24 [http-nio-8989-exec-3] DEBUG o.s.security.web.FilterChainProxy - Securing GET /api/v1/auth/repayments/total-paid/1
2026-01-12 18:49:24 [http-nio-8989-exec-3] DEBUG org.hibernate.SQL - 
    select
        u1_0.id,
        u1_0.aadhar_number,
        u1_0.address,
        u1_0.created_at,
        u1_0.email,
        u1_0.failed_login_attempts,
        u1_0.first_name,
        u1_0.last_login_at,
        u1_0.last_name,
        u1_0.monthly_income,
        u1_0.pan_number,
        u1_0.password,
        u1_0.phone,
        u1_0.role,
        u1_0.status,
        u1_0.username 
    from
        users u1_0 
    where
        u1_0.username=?
2026-01-12 18:49:24 [http-nio-8989-exec-3] DEBUG o.s.security.web.FilterChainProxy - Secured GET /api/v1/auth/repayments/total-paid/1
2026-01-12 18:49:24 [http-nio-8989-exec-3] DEBUG o.s.web.servlet.DispatcherServlet - GET "/api/v1/auth/repayments/total-paid/1", parameters={}
2026-01-12 18:49:24 [http-nio-8989-exec-3] DEBUG o.s.w.s.m.m.a.RequestMappingHandlerMapping - Mapped to com.app.bank.web.controller.LoanRepaymentController#getTotalPaid(Long)
2026-01-12 18:49:24 [http-nio-8989-exec-3] DEBUG org.hibernate.SQL - 
    select
        coalesce(sum(lr1_0.paid_amount), 0) 
    from
        loan_repayments lr1_0 
    where
        lr1_0.loan_id=? 
        and lr1_0.status in ('PAID', 'ADVANCED_PAID', 'PARTIALLY_PAID')
2026-01-12 18:49:24 [http-nio-8989-exec-3] DEBUG o.s.w.s.m.m.a.HttpEntityMethodProcessor - Using 'application/json', given [*/*] and supported [application/json, application/*+json]
2026-01-12 18:49:24 [http-nio-8989-exec-3] DEBUG o.s.w.s.m.m.a.HttpEntityMethodProcessor - Writing [0.00]
2026-01-12 18:49:24 [http-nio-8989-exec-3] DEBUG o.s.web.servlet.DispatcherServlet - Completed 200 OK
2026-01-12 18:49:48 [http-nio-8989-exec-2] DEBUG o.s.security.web.FilterChainProxy - Securing GET /api/v1/auth/repayments/overdue-amount/1
2026-01-12 18:49:48 [http-nio-8989-exec-2] DEBUG org.hibernate.SQL - 
    select
        u1_0.id,
        u1_0.aadhar_number,
        u1_0.address,
        u1_0.created_at,
        u1_0.email,
        u1_0.failed_login_attempts,
        u1_0.first_name,
        u1_0.last_login_at,
        u1_0.last_name,
        u1_0.monthly_income,
        u1_0.pan_number,
        u1_0.password,
        u1_0.phone,
        u1_0.role,
        u1_0.status,
        u1_0.username 
    from
        users u1_0 
    where
        u1_0.username=?
2026-01-12 18:49:48 [http-nio-8989-exec-2] DEBUG o.s.security.web.FilterChainProxy - Secured GET /api/v1/auth/repayments/overdue-amount/1
2026-01-12 18:49:48 [http-nio-8989-exec-2] DEBUG o.s.web.servlet.DispatcherServlet - GET "/api/v1/auth/repayments/overdue-amount/1", parameters={}
2026-01-12 18:49:48 [http-nio-8989-exec-2] DEBUG o.s.w.s.m.m.a.RequestMappingHandlerMapping - Mapped to com.app.bank.web.controller.LoanRepaymentController#getOverdueAmount(Long)
2026-01-12 18:49:48 [http-nio-8989-exec-2] DEBUG org.hibernate.SQL - 
    select
        coalesce(sum((lr1_0.due_amount-lr1_0.paid_amount)), 0) 
    from
        loan_repayments lr1_0 
    where
        lr1_0.loan_id=? 
        and lr1_0.status in ('PENDING', 'PARTIALLY_PAID') 
        and lr1_0.due_date<current_date
2026-01-12 18:49:48 [http-nio-8989-exec-2] DEBUG o.s.w.s.m.m.a.HttpEntityMethodProcessor - Using 'application/json', given [*/*] and supported [application/json, application/*+json]
2026-01-12 18:49:48 [http-nio-8989-exec-2] DEBUG o.s.w.s.m.m.a.HttpEntityMethodProcessor - Writing [0.00]
2026-01-12 18:49:48 [http-nio-8989-exec-2] DEBUG o.s.web.servlet.DispatcherServlet - Completed 200 OK
2026-01-12 18:50:44 [http-nio-8989-exec-4] DEBUG o.s.security.web.FilterChainProxy - Securing POST /api/v1/auth/login
2026-01-12 18:50:44 [http-nio-8989-exec-4] DEBUG o.s.s.w.a.AnonymousAuthenticationFilter - Set SecurityContextHolder to anonymous SecurityContext
2026-01-12 18:50:44 [http-nio-8989-exec-4] DEBUG o.s.security.web.FilterChainProxy - Secured POST /api/v1/auth/login
2026-01-12 18:50:44 [http-nio-8989-exec-4] DEBUG o.s.web.servlet.DispatcherServlet - POST "/api/v1/auth/login", parameters={}
2026-01-12 18:50:44 [http-nio-8989-exec-4] DEBUG o.s.w.s.m.m.a.RequestMappingHandlerMapping - Mapped to com.app.bank.web.controller.AuthController#loginUser(LoginRequest)
2026-01-12 18:50:44 [http-nio-8989-exec-4] DEBUG o.s.w.s.m.m.a.RequestResponseBodyMethodProcessor - Read "application/json;charset=UTF-8" to [com.app.bank.web.dto.LoginRequest@110e6aae]
2026-01-12 18:50:45 [http-nio-8989-exec-4] DEBUG org.hibernate.SQL - 
    select
        u1_0.id,
        u1_0.aadhar_number,
        u1_0.address,
        u1_0.created_at,
        u1_0.email,
        u1_0.failed_login_attempts,
        u1_0.first_name,
        u1_0.last_login_at,
        u1_0.last_name,
        u1_0.monthly_income,
        u1_0.pan_number,
        u1_0.password,
        u1_0.phone,
        u1_0.role,
        u1_0.status,
        u1_0.username 
    from
        users u1_0 
    where
        u1_0.username=?
2026-01-12 18:50:46 [http-nio-8989-exec-4] DEBUG o.s.s.a.d.DaoAuthenticationProvider - Authenticated user
2026-01-12 18:50:46 [http-nio-8989-exec-4] DEBUG o.s.w.s.m.m.a.HttpEntityMethodProcessor - Using 'application/json', given [*/*] and supported [application/json, application/*+json]
2026-01-12 18:50:46 [http-nio-8989-exec-4] DEBUG o.s.w.s.m.m.a.HttpEntityMethodProcessor - Writing [{tokenType=Bearer, token=eyJhbGciOiJIUzUxMiJ9.eyJzdWIiOiJqdW5lZDU2IiwiY3JlYXRlZCI6MTc2ODIyNDA0NjQyMy (truncated)...]
2026-01-12 18:50:46 [http-nio-8989-exec-4] DEBUG o.s.web.servlet.DispatcherServlet - Completed 200 OK
2026-01-12 18:51:11 [http-nio-8989-exec-5] DEBUG o.s.security.web.FilterChainProxy - Securing POST /api/v1/auth/repayments/pay-emi/1?amount=927.52
2026-01-12 18:51:11 [http-nio-8989-exec-5] DEBUG org.hibernate.SQL - 
    select
        u1_0.id,
        u1_0.aadhar_number,
        u1_0.address,
        u1_0.created_at,
        u1_0.email,
        u1_0.failed_login_attempts,
        u1_0.first_name,
        u1_0.last_login_at,
        u1_0.last_name,
        u1_0.monthly_income,
        u1_0.pan_number,
        u1_0.password,
        u1_0.phone,
        u1_0.role,
        u1_0.status,
        u1_0.username 
    from
        users u1_0 
    where
        u1_0.username=?
2026-01-12 18:51:11 [http-nio-8989-exec-5] DEBUG o.s.security.web.FilterChainProxy - Secured POST /api/v1/auth/repayments/pay-emi/1?amount=927.52
2026-01-12 18:51:11 [http-nio-8989-exec-5] DEBUG o.s.web.servlet.DispatcherServlet - POST "/api/v1/auth/repayments/pay-emi/1?amount=927.52", parameters={masked}
2026-01-12 18:51:11 [http-nio-8989-exec-5] DEBUG o.s.w.s.m.m.a.RequestMappingHandlerMapping - Mapped to com.app.bank.web.controller.LoanRepaymentController#payEmi(Long, BigDecimal, Authentication)
2026-01-12 18:51:11 [http-nio-8989-exec-5] DEBUG org.hibernate.SQL - 
    select
        u1_0.id,
        u1_0.aadhar_number,
        u1_0.address,
        u1_0.created_at,
        u1_0.email,
        u1_0.failed_login_attempts,
        u1_0.first_name,
        u1_0.last_login_at,
        u1_0.last_name,
        u1_0.monthly_income,
        u1_0.pan_number,
        u1_0.password,
        u1_0.phone,
        u1_0.role,
        u1_0.status,
        u1_0.username 
    from
        users u1_0 
    where
        u1_0.username=?
2026-01-12 18:51:11 [http-nio-8989-exec-5] DEBUG org.hibernate.SQL - 
    select
        l1_0.id,
        l1_0.applied_date,
        l1_0.approved_by,
        l1_0.approved_date,
        l1_0.disbursement_date,
        l1_0.emi_amount,
        l1_0.interest_rate,
        l1_0.account_id,
        la1_0.id,
        la1_0.account_number,
        la1_0.account_type,
        la1_0.balance,
        la1_0.created_at,
        la1_0.interest_rate,
        la1_0.last_transaction_at,
        la1_0.minimum_balance,
        la1_0.status,
        la1_0.user_id,
        u1_0.id,
        u1_0.aadhar_number,
        u1_0.address,
        u1_0.created_at,
        u1_0.email,
        u1_0.failed_login_attempts,
        u1_0.first_name,
        u1_0.last_login_at,
        u1_0.last_name,
        u1_0.monthly_income,
        u1_0.pan_number,
        u1_0.password,
        u1_0.phone,
        u1_0.role,
        u1_0.status,
        u1_0.username,
        l1_0.loan_account_number,
        l1_0.loan_type,
        l1_0.maturity_date,
        l1_0.principal_amount,
        l1_0.status,
        l1_0.tenure_months,
        l1_0.total_amount,
        l1_0.user_id,
        u2_0.id,
        u2_0.aadhar_number,
        u2_0.address,
        u2_0.created_at,
        u2_0.email,
        u2_0.failed_login_attempts,
        u2_0.first_name,
        u2_0.last_login_at,
        u2_0.last_name,
        u2_0.monthly_income,
        u2_0.pan_number,
        u2_0.password,
        u2_0.phone,
        u2_0.role,
        u2_0.status,
        u2_0.username 
    from
        loans l1_0 
    join
        accounts la1_0 
            on la1_0.id=l1_0.account_id 
    join
        users u1_0 
            on u1_0.id=la1_0.user_id 
    join
        users u2_0 
            on u2_0.id=l1_0.user_id 
    where
        l1_0.id=?
2026-01-12 18:51:11 [http-nio-8989-exec-5] DEBUG org.hibernate.SQL - 
    select
        lr1_0.id,
        lr1_0.created_at,
        lr1_0.created_by,
        lr1_0.due_amount,
        lr1_0.due_date,
        lr1_0.grace_period_end_date,
        lr1_0.installment_number,
        lr1_0.interest_amount,
        lr1_0.late_payment_fee,
        lr1_0.loan_id,
        lr1_0.paid_amount,
        lr1_0.payment_date,
        lr1_0.payment_mode,
        lr1_0.payment_reference,
        lr1_0.penalty_rate,
        lr1_0.principal_amount,
        lr1_0.remaining_principal,
        lr1_0.remarks,
        lr1_0.status,
        lr1_0.total_outstanding,
        lr1_0.transaction_id,
        lr1_0.updated_at,
        lr1_0.updated_by 
    from
        loan_repayments lr1_0 
    where
        lr1_0.loan_id=? 
        and lr1_0.status='PENDING' 
    order by
        lr1_0.due_date
2026-01-12 18:51:11 [http-nio-8989-exec-5] DEBUG o.s.web.servlet.DispatcherServlet - Failed to complete request: com.app.bank.web.exception.BankException: No pending EMI found
2026-01-12 18:51:11 [http-nio-8989-exec-5] ERROR o.a.c.c.C.[.[.[.[dispatcherServlet] - Servlet.service() for servlet [dispatcherServlet] in context with path [] threw exception [Request processing failed: com.app.bank.web.exception.BankException: No pending EMI found] with root cause
com.app.bank.web.exception.BankException: No pending EMI found
	at com.app.bank.web.service.LoanRepaymentService.lambda$3(LoanRepaymentService.java:71)
	at java.base/java.util.Optional.orElseThrow(Optional.java:403)
	at com.app.bank.web.service.LoanRepaymentService.payEmi(LoanRepaymentService.java:70)
	at java.base/jdk.internal.reflect.NativeMethodAccessorImpl.invoke0(Native Method)
	at java.base/jdk.internal.reflect.NativeMethodAccessorImpl.invoke(NativeMethodAccessorImpl.java:77)
	at java.base/jdk.internal.reflect.DelegatingMethodAccessorImpl.invoke(DelegatingMethodAccessorImpl.java:43)
	at java.base/java.lang.reflect.Method.invoke(Method.java:568)
	at org.springframework.aop.support.AopUtils.invokeJoinpointUsingReflection(AopUtils.java:360)
	at org.springframework.aop.framework.ReflectiveMethodInvocation.invokeJoinpoint(ReflectiveMethodInvocation.java:196)
	at org.springframework.aop.framework.ReflectiveMethodInvocation.proceed(ReflectiveMethodInvocation.java:163)
	at org.springframework.transaction.interceptor.TransactionAspectSupport.invokeWithinTransaction(TransactionAspectSupport.java:380)
	at org.springframework.transaction.interceptor.TransactionInterceptor.invoke(TransactionInterceptor.java:119)
	at org.springframework.aop.framework.ReflectiveMethodInvocation.proceed(ReflectiveMethodInvocation.java:184)
	at org.springframework.aop.framework.CglibAopProxy$DynamicAdvisedInterceptor.intercept(CglibAopProxy.java:728)
	at com.app.bank.web.service.LoanRepaymentService$$SpringCGLIB$$0.payEmi(<generated>)
	at com.app.bank.web.controller.LoanRepaymentController.payEmi(LoanRepaymentController.java:45)
	at java.base/jdk.internal.reflect.NativeMethodAccessorImpl.invoke0(Native Method)
	at java.base/jdk.internal.reflect.NativeMethodAccessorImpl.invoke(NativeMethodAccessorImpl.java:77)
	at java.base/jdk.internal.reflect.DelegatingMethodAccessorImpl.invoke(DelegatingMethodAccessorImpl.java:43)
	at java.base/java.lang.reflect.Method.invoke(Method.java:568)
	at org.springframework.web.method.support.InvocableHandlerMethod.doInvoke(InvocableHandlerMethod.java:258)
	at org.springframework.web.method.support.InvocableHandlerMethod.invokeForRequest(InvocableHandlerMethod.java:191)
	at org.springframework.web.servlet.mvc.method.annotation.ServletInvocableHandlerMethod.invokeAndHandle(ServletInvocableHandlerMethod.java:118)
	at org.springframework.web.servlet.mvc.method.annotation.RequestMappingHandlerAdapter.invokeHandlerMethod(RequestMappingHandlerAdapter.java:991)
	at org.springframework.web.servlet.mvc.method.annotation.RequestMappingHandlerAdapter.handleInternal(RequestMappingHandlerAdapter.java:896)
	at org.springframework.web.servlet.mvc.method.AbstractHandlerMethodAdapter.handle(AbstractHandlerMethodAdapter.java:87)
	at org.springframework.web.servlet.DispatcherServlet.doDispatch(DispatcherServlet.java:1089)
	at org.springframework.web.servlet.DispatcherServlet.doService(DispatcherServlet.java:979)
	at org.springframework.web.servlet.FrameworkServlet.processRequest(FrameworkServlet.java:1014)
	at org.springframework.web.servlet.FrameworkServlet.doPost(FrameworkServlet.java:914)
	at jakarta.servlet.http.HttpServlet.service(HttpServlet.java:590)
	at org.springframework.web.servlet.FrameworkServlet.service(FrameworkServlet.java:885)
	at jakarta.servlet.http.HttpServlet.service(HttpServlet.java:658)
	at org.apache.catalina.core.ApplicationFilterChain.internalDoFilter(ApplicationFilterChain.java:193)
	at org.apache.catalina.core.ApplicationFilterChain.doFilter(ApplicationFilterChain.java:138)
	at org.apache.tomcat.websocket.server.WsFilter.doFilter(WsFilter.java:51)
	at org.apache.catalina.core.ApplicationFilterChain.internalDoFilter(ApplicationFilterChain.java:162)
	at org.apache.catalina.core.ApplicationFilterChain.doFilter(ApplicationFilterChain.java:138)
	at org.springframework.web.filter.OncePerRequestFilter.doFilter(OncePerRequestFilter.java:110)
	at org.apache.catalina.core.ApplicationFilterChain.internalDoFilter(ApplicationFilterChain.java:162)
	at org.apache.catalina.core.ApplicationFilterChain.doFilter(ApplicationFilterChain.java:138)
	at org.springframework.web.filter.CompositeFilter$VirtualFilterChain.doFilter(CompositeFilter.java:108)
	at org.springframework.web.filter.CompositeFilter$VirtualFilterChain.doFilter(CompositeFilter.java:108)
	at org.springframework.security.web.FilterChainProxy.lambda$doFilterInternal$3(FilterChainProxy.java:231)
	at org.springframework.security.web.FilterChainProxy$VirtualFilterChain.doFilter(FilterChainProxy.java:365)
	at org.springframework.security.web.access.intercept.AuthorizationFilter.doFilter(AuthorizationFilter.java:101)
	at org.springframework.security.web.FilterChainProxy$VirtualFilterChain.doFilter(FilterChainProxy.java:374)
	at org.springframework.security.web.access.ExceptionTranslationFilter.doFilter(ExceptionTranslationFilter.java:125)
	at org.springframework.security.web.access.ExceptionTranslationFilter.doFilter(ExceptionTranslationFilter.java:119)
	at org.springframework.security.web.FilterChainProxy$VirtualFilterChain.doFilter(FilterChainProxy.java:374)
	at org.springframework.security.web.session.SessionManagementFilter.doFilter(SessionManagementFilter.java:131)
	at org.springframework.security.web.session.SessionManagementFilter.doFilter(SessionManagementFilter.java:85)
	at org.springframework.security.web.FilterChainProxy$VirtualFilterChain.doFilter(FilterChainProxy.java:374)
	at org.springframework.security.web.authentication.AnonymousAuthenticationFilter.doFilter(AnonymousAuthenticationFilter.java:100)
	at org.springframework.security.web.FilterChainProxy$VirtualFilterChain.doFilter(FilterChainProxy.java:374)
	at org.springframework.security.web.servletapi.SecurityContextHolderAwareRequestFilter.doFilter(SecurityContextHolderAwareRequestFilter.java:179)
	at org.springframework.security.web.FilterChainProxy$VirtualFilterChain.doFilter(FilterChainProxy.java:374)
	at org.springframework.security.web.savedrequest.RequestCacheAwareFilter.doFilter(RequestCacheAwareFilter.java:63)
	at org.springframework.security.web.FilterChainProxy$VirtualFilterChain.doFilter(FilterChainProxy.java:374)
	at com.app.bank.web.security.JwtAuthenticationFilter.doFilterInternal(JwtAuthenticationFilter.java:137)
	at org.springframework.web.filter.OncePerRequestFilter.doFilter(OncePerRequestFilter.java:116)
	at org.springframework.security.web.FilterChainProxy$VirtualFilterChain.doFilter(FilterChainProxy.java:374)
	at org.springframework.security.web.authentication.logout.LogoutFilter.doFilter(LogoutFilter.java:107)
	at org.springframework.security.web.authentication.logout.LogoutFilter.doFilter(LogoutFilter.java:93)
	at org.springframework.security.web.FilterChainProxy$VirtualFilterChain.doFilter(FilterChainProxy.java:374)
	at org.springframework.web.filter.CorsFilter.doFilterInternal(CorsFilter.java:91)
	at org.springframework.web.filter.OncePerRequestFilter.doFilter(OncePerRequestFilter.java:116)
	at org.springframework.security.web.FilterChainProxy$VirtualFilterChain.doFilter(FilterChainProxy.java:374)
	at org.springframework.security.web.header.HeaderWriterFilter.doHeadersAfter(HeaderWriterFilter.java:90)
	at org.springframework.security.web.header.HeaderWriterFilter.doFilterInternal(HeaderWriterFilter.java:75)
	at org.springframework.web.filter.OncePerRequestFilter.doFilter(OncePerRequestFilter.java:116)
	at org.springframework.security.web.FilterChainProxy$VirtualFilterChain.doFilter(FilterChainProxy.java:374)
	at org.springframework.security.web.context.SecurityContextHolderFilter.doFilter(SecurityContextHolderFilter.java:82)
	at org.springframework.security.web.context.SecurityContextHolderFilter.doFilter(SecurityContextHolderFilter.java:69)
	at org.springframework.security.web.FilterChainProxy$VirtualFilterChain.doFilter(FilterChainProxy.java:374)
	at org.springframework.security.web.context.request.async.WebAsyncManagerIntegrationFilter.doFilterInternal(WebAsyncManagerIntegrationFilter.java:62)
	at org.springframework.web.filter.OncePerRequestFilter.doFilter(OncePerRequestFilter.java:116)
	at org.springframework.security.web.FilterChainProxy$VirtualFilterChain.doFilter(FilterChainProxy.java:374)
	at org.springframework.security.web.session.DisableEncodeUrlFilter.doFilterInternal(DisableEncodeUrlFilter.java:42)
	at org.springframework.web.filter.OncePerRequestFilter.doFilter(OncePerRequestFilter.java:116)
	at org.springframework.security.web.FilterChainProxy$VirtualFilterChain.doFilter(FilterChainProxy.java:374)
	at org.springframework.security.web.FilterChainProxy.doFilterInternal(FilterChainProxy.java:233)
	at org.springframework.security.web.FilterChainProxy.doFilter(FilterChainProxy.java:191)
	at org.springframework.web.filter.CompositeFilter$VirtualFilterChain.doFilter(CompositeFilter.java:113)
	at org.springframework.web.filter.ServletRequestPathFilter.doFilter(ServletRequestPathFilter.java:52)
	at org.springframework.web.filter.CompositeFilter$VirtualFilterChain.doFilter(CompositeFilter.java:113)
	at org.springframework.web.filter.CompositeFilter.doFilter(CompositeFilter.java:74)
	at org.springframework.security.config.annotation.web.configuration.WebSecurityConfiguration$CompositeFilterChainProxy.doFilter(WebSecurityConfiguration.java:319)
	at org.springframework.web.filter.CompositeFilter$VirtualFilterChain.doFilter(CompositeFilter.java:113)
	at org.springframework.web.servlet.handler.HandlerMappingIntrospector.lambda$createCacheFilter$4(HandlerMappingIntrospector.java:267)
	at org.springframework.web.filter.CompositeFilter$VirtualFilterChain.doFilter(CompositeFilter.java:113)
	at org.springframework.web.filter.CompositeFilter.doFilter(CompositeFilter.java:74)
	at org.springframework.security.config.annotation.web.configuration.WebMvcSecurityConfiguration$CompositeFilterChainProxy.doFilter(WebMvcSecurityConfiguration.java:240)
	at org.springframework.web.filter.DelegatingFilterProxy.invokeDelegate(DelegatingFilterProxy.java:362)
	at org.springframework.web.filter.DelegatingFilterProxy.doFilter(DelegatingFilterProxy.java:278)
	at org.apache.catalina.core.ApplicationFilterChain.internalDoFilter(ApplicationFilterChain.java:162)
	at org.apache.catalina.core.ApplicationFilterChain.doFilter(ApplicationFilterChain.java:138)
	at org.springframework.web.filter.RequestContextFilter.doFilterInternal(RequestContextFilter.java:100)
	at org.springframework.web.filter.OncePerRequestFilter.doFilter(OncePerRequestFilter.java:116)
	at org.apache.catalina.core.ApplicationFilterChain.internalDoFilter(ApplicationFilterChain.java:162)
	at org.apache.catalina.core.ApplicationFilterChain.doFilter(ApplicationFilterChain.java:138)
	at org.springframework.web.filter.FormContentFilter.doFilterInternal(FormContentFilter.java:93)
	at org.springframework.web.filter.OncePerRequestFilter.doFilter(OncePerRequestFilter.java:116)
	at org.apache.catalina.core.ApplicationFilterChain.internalDoFilter(ApplicationFilterChain.java:162)
	at org.apache.catalina.core.ApplicationFilterChain.doFilter(ApplicationFilterChain.java:138)
	at org.springframework.web.filter.CharacterEncodingFilter.doFilterInternal(CharacterEncodingFilter.java:201)
	at org.springframework.web.filter.OncePerRequestFilter.doFilter(OncePerRequestFilter.java:116)
	at org.apache.catalina.core.ApplicationFilterChain.internalDoFilter(ApplicationFilterChain.java:162)
	at org.apache.catalina.core.ApplicationFilterChain.doFilter(ApplicationFilterChain.java:138)
	at org.apache.catalina.core.StandardWrapperValve.invoke(StandardWrapperValve.java:165)
	at org.apache.catalina.core.StandardContextValve.invoke(StandardContextValve.java:88)
	at org.apache.catalina.authenticator.AuthenticatorBase.invoke(AuthenticatorBase.java:482)
	at org.apache.catalina.core.StandardHostValve.invoke(StandardHostValve.java:113)
	at org.apache.catalina.valves.ErrorReportValve.invoke(ErrorReportValve.java:83)
	at org.apache.catalina.core.StandardEngineValve.invoke(StandardEngineValve.java:72)
	at org.apache.catalina.connector.CoyoteAdapter.service(CoyoteAdapter.java:342)
	at org.apache.coyote.http11.Http11Processor.service(Http11Processor.java:399)
	at org.apache.coyote.AbstractProcessorLight.process(AbstractProcessorLight.java:63)
	at org.apache.coyote.AbstractProtocol$ConnectionHandler.process(AbstractProtocol.java:903)
	at org.apache.tomcat.util.net.NioEndpoint$SocketProcessor.doRun(NioEndpoint.java:1774)
	at org.apache.tomcat.util.net.SocketProcessorBase.run(SocketProcessorBase.java:52)
	at org.apache.tomcat.util.threads.ThreadPoolExecutor.runWorker(ThreadPoolExecutor.java:973)
	at org.apache.tomcat.util.threads.ThreadPoolExecutor$Worker.run(ThreadPoolExecutor.java:491)
	at org.apache.tomcat.util.threads.TaskThread$WrappingRunnable.run(TaskThread.java:63)
	at java.base/java.lang.Thread.run(Thread.java:842)
2026-01-12 18:51:11 [http-nio-8989-exec-5] DEBUG o.s.security.web.FilterChainProxy - Securing POST /error?amount=927.52
2026-01-12 18:51:11 [http-nio-8989-exec-5] DEBUG o.s.security.web.FilterChainProxy - Secured POST /error?amount=927.52
2026-01-12 18:51:11 [http-nio-8989-exec-5] DEBUG o.s.web.servlet.DispatcherServlet - "ERROR" dispatch for POST "/error?amount=927.52", parameters={masked}
2026-01-12 18:51:11 [http-nio-8989-exec-5] DEBUG o.s.w.s.m.m.a.RequestMappingHandlerMapping - Mapped to org.springframework.boot.autoconfigure.web.servlet.error.BasicErrorController#error(HttpServletRequest)
2026-01-12 18:51:11 [http-nio-8989-exec-5] DEBUG o.s.w.s.m.m.a.HttpEntityMethodProcessor - Using 'application/json', given [*/*] and supported [application/json, application/*+json]
2026-01-12 18:51:11 [http-nio-8989-exec-5] DEBUG o.s.w.s.m.m.a.HttpEntityMethodProcessor - Writing [{timestamp=Mon Jan 12 18:51:11 IST 2026, status=500, error=Internal Server Error, trace=com.app.bank (truncated)...]
2026-01-12 18:51:11 [http-nio-8989-exec-5] DEBUG o.s.web.servlet.DispatcherServlet - Exiting from "ERROR" dispatch, status 500
2026-01-12 18:51:11 [http-nio-8989-exec-5] DEBUG o.s.s.w.a.AnonymousAuthenticationFilter - Set SecurityContextHolder to anonymous SecurityContext
2026-01-12 18:54:33 [http-nio-8989-exec-7] DEBUG o.s.security.web.FilterChainProxy - Securing GET /api/v1/auth/repayments/schedule/2
2026-01-12 18:54:33 [http-nio-8989-exec-7] DEBUG org.hibernate.SQL - 
    select
        u1_0.id,
        u1_0.aadhar_number,
        u1_0.address,
        u1_0.created_at,
        u1_0.email,
        u1_0.failed_login_attempts,
        u1_0.first_name,
        u1_0.last_login_at,
        u1_0.last_name,
        u1_0.monthly_income,
        u1_0.pan_number,
        u1_0.password,
        u1_0.phone,
        u1_0.role,
        u1_0.status,
        u1_0.username 
    from
        users u1_0 
    where
        u1_0.username=?
2026-01-12 18:54:33 [http-nio-8989-exec-7] DEBUG o.s.security.web.FilterChainProxy - Secured GET /api/v1/auth/repayments/schedule/2
2026-01-12 18:54:33 [http-nio-8989-exec-7] DEBUG o.s.web.servlet.DispatcherServlet - GET "/api/v1/auth/repayments/schedule/2", parameters={}
2026-01-12 18:54:33 [http-nio-8989-exec-7] DEBUG o.s.w.s.m.m.a.RequestMappingHandlerMapping - Mapped to com.app.bank.web.controller.LoanRepaymentController#getSchedule(Long)
2026-01-12 18:54:33 [http-nio-8989-exec-7] DEBUG org.hibernate.SQL - 
    select
        lr1_0.id,
        lr1_0.created_at,
        lr1_0.created_by,
        lr1_0.due_amount,
        lr1_0.due_date,
        lr1_0.grace_period_end_date,
        lr1_0.installment_number,
        lr1_0.interest_amount,
        lr1_0.late_payment_fee,
        lr1_0.loan_id,
        lr1_0.paid_amount,
        lr1_0.payment_date,
        lr1_0.payment_mode,
        lr1_0.payment_reference,
        lr1_0.penalty_rate,
        lr1_0.principal_amount,
        lr1_0.remaining_principal,
        lr1_0.remarks,
        lr1_0.status,
        lr1_0.total_outstanding,
        lr1_0.transaction_id,
        lr1_0.updated_at,
        lr1_0.updated_by 
    from
        loan_repayments lr1_0 
    left join
        loans l1_0 
            on l1_0.id=lr1_0.loan_id 
    where
        l1_0.id=?
2026-01-12 18:54:33 [http-nio-8989-exec-7] DEBUG o.s.w.s.m.m.a.HttpEntityMethodProcessor - Using 'application/json', given [*/*] and supported [application/json, application/*+json]
2026-01-12 18:54:33 [http-nio-8989-exec-7] DEBUG o.s.w.s.m.m.a.HttpEntityMethodProcessor - Writing [[]]
2026-01-12 18:54:33 [http-nio-8989-exec-7] DEBUG o.s.web.servlet.DispatcherServlet - Completed 200 OK
2026-01-12 18:58:31 [RMI TCP Connection(29)-127.0.0.1] INFO  o.s.b.a.SpringApplicationAdminMXBeanRegistrar$SpringApplicationAdmin - Application shutdown requested.
2026-01-12 18:58:31 [RMI TCP Connection(29)-127.0.0.1] INFO  o.s.b.w.e.tomcat.GracefulShutdown - Commencing graceful shutdown. Waiting for active requests to complete
2026-01-12 18:58:31 [tomcat-shutdown] INFO  o.a.coyote.http11.Http11NioProtocol - Pausing ProtocolHandler ["http-nio-8989"]
2026-01-12 18:58:31 [tomcat-shutdown] INFO  o.s.b.w.e.tomcat.GracefulShutdown - Graceful shutdown complete
2026-01-12 18:58:31 [RMI TCP Connection(29)-127.0.0.1] INFO  o.a.coyote.http11.Http11NioProtocol - Stopping ProtocolHandler ["http-nio-8989"]
2026-01-12 18:58:31 [RMI TCP Connection(29)-127.0.0.1] INFO  o.s.o.j.LocalContainerEntityManagerFactoryBean - Closing JPA EntityManagerFactory for persistence unit 'default'
2026-01-12 18:58:31 [RMI TCP Connection(29)-127.0.0.1] INFO  com.zaxxer.hikari.HikariDataSource - HikariPool-1 - Shutdown initiated...
2026-01-12 18:58:31 [RMI TCP Connection(29)-127.0.0.1] INFO  com.zaxxer.hikari.HikariDataSource - HikariPool-1 - Shutdown completed.
2026-01-12 19:01:35 [background-preinit] INFO  o.h.validator.internal.util.Version - HV000001: Hibernate Validator 8.0.3.Final
2026-01-12 19:01:35 [restartedMain] INFO  c.app.bank.web.ZplusbankApplication - Starting ZplusbankApplication using Java 17.0.10 with PID 32568 (C:\Users\91790\Documents\workspace-spring-tools-for-eclipse-5.0.0.RELEASE\zplusbank\target\classes started by 91790 in C:\Users\91790\Documents\workspace-spring-tools-for-eclipse-5.0.0.RELEASE\zplusbank)
2026-01-12 19:01:35 [restartedMain] INFO  c.app.bank.web.ZplusbankApplication - No active profile set, falling back to 1 default profile: "default"
2026-01-12 19:01:35 [restartedMain] INFO  o.s.b.d.restart.ChangeableUrls - The Class-Path manifest attribute in C:\Users\91790\.m2\repository\org\glassfish\jaxb\jaxb-runtime\2.3.1\jaxb-runtime-2.3.1.jar referenced one or more files that do not exist: file:/C:/Users/91790/.m2/repository/org/glassfish/jaxb/jaxb-runtime/2.3.1/jaxb-api-2.3.1.jar,file:/C:/Users/91790/.m2/repository/org/glassfish/jaxb/jaxb-runtime/2.3.1/txw2-2.3.1.jar,file:/C:/Users/91790/.m2/repository/org/glassfish/jaxb/jaxb-runtime/2.3.1/istack-commons-runtime-3.0.7.jar,file:/C:/Users/91790/.m2/repository/org/glassfish/jaxb/jaxb-runtime/2.3.1/stax-ex-1.8.jar,file:/C:/Users/91790/.m2/repository/org/glassfish/jaxb/jaxb-runtime/2.3.1/FastInfoset-1.2.15.jar,file:/C:/Users/91790/.m2/repository/org/glassfish/jaxb/jaxb-runtime/2.3.1/javax.activation-api-1.2.0.jar
2026-01-12 19:01:35 [restartedMain] INFO  o.s.b.d.e.DevToolsPropertyDefaultsPostProcessor - Devtools property defaults active! Set 'spring.devtools.add-properties' to 'false' to disable
2026-01-12 19:01:35 [restartedMain] INFO  o.s.b.d.e.DevToolsPropertyDefaultsPostProcessor - For additional web related logging consider setting the 'logging.level.web' property to 'DEBUG'
2026-01-12 19:01:36 [restartedMain] INFO  o.s.d.r.c.RepositoryConfigurationDelegate - Bootstrapping Spring Data JPA repositories in DEFAULT mode.
2026-01-12 19:01:36 [restartedMain] INFO  o.s.d.r.c.RepositoryConfigurationDelegate - Finished Spring Data repository scanning in 67 ms. Found 5 JPA repository interfaces.
2026-01-12 19:01:37 [restartedMain] INFO  o.s.b.w.e.tomcat.TomcatWebServer - Tomcat initialized with port 8989 (http)
2026-01-12 19:01:37 [restartedMain] INFO  o.a.coyote.http11.Http11NioProtocol - Initializing ProtocolHandler ["http-nio-8989"]
2026-01-12 19:01:37 [restartedMain] INFO  o.a.catalina.core.StandardService - Starting service [Tomcat]
2026-01-12 19:01:37 [restartedMain] INFO  o.a.catalina.core.StandardEngine - Starting Servlet engine: [Apache Tomcat/10.1.50]
2026-01-12 19:01:37 [restartedMain] INFO  o.a.c.c.C.[Tomcat].[localhost].[/] - Initializing Spring embedded WebApplicationContext
2026-01-12 19:01:37 [restartedMain] INFO  o.s.b.w.s.c.ServletWebServerApplicationContext - Root WebApplicationContext: initialization completed in 1537 ms
2026-01-12 19:01:37 [restartedMain] INFO  o.h.jpa.internal.util.LogHelper - HHH000204: Processing PersistenceUnitInfo [name: default]
2026-01-12 19:01:37 [restartedMain] INFO  org.hibernate.Version - HHH000412: Hibernate ORM core version 6.6.39.Final
2026-01-12 19:01:37 [restartedMain] INFO  o.h.c.i.RegionFactoryInitiator - HHH000026: Second-level cache disabled
2026-01-12 19:01:37 [restartedMain] INFO  o.s.o.j.p.SpringPersistenceUnitInfo - No LoadTimeWeaver setup: ignoring JPA class transformer
2026-01-12 19:01:37 [restartedMain] INFO  com.zaxxer.hikari.HikariDataSource - HikariPool-1 - Starting...
2026-01-12 19:01:38 [restartedMain] INFO  com.zaxxer.hikari.pool.HikariPool - HikariPool-1 - Added connection com.mysql.cj.jdbc.ConnectionImpl@23f1925e
2026-01-12 19:01:38 [restartedMain] INFO  com.zaxxer.hikari.HikariDataSource - HikariPool-1 - Start completed.
2026-01-12 19:01:38 [restartedMain] WARN  org.hibernate.orm.deprecation - HHH90000025: MySQL8Dialect does not need to be specified explicitly using 'hibernate.dialect' (remove the property setting and it will be selected by default)
2026-01-12 19:01:38 [restartedMain] WARN  org.hibernate.orm.deprecation - HHH90000026: MySQL8Dialect has been deprecated; use org.hibernate.dialect.MySQLDialect instead
2026-01-12 19:01:38 [restartedMain] INFO  o.hibernate.orm.connections.pooling - HHH10001005: Database info:
	Database JDBC URL [Connecting through datasource 'HikariDataSource (HikariPool-1)']
	Database driver: undefined/unknown
	Database version: 8.0
	Autocommit mode: undefined/unknown
	Isolation level: undefined/unknown
	Minimum pool size: undefined/unknown
	Maximum pool size: undefined/unknown
2026-01-12 19:01:39 [restartedMain] INFO  o.h.e.t.j.p.i.JtaPlatformInitiator - HHH000489: No JTA platform available (set 'hibernate.transaction.jta.platform' to enable JTA platform integration)
2026-01-12 19:01:39 [restartedMain] DEBUG org.hibernate.SQL - 
    alter table loan_repayments 
       modify column status enum ('ADVANCED_PAID','DEFAULTED','OVERDUE','PAID','PARTIALLY_PAID','PENDING','WAIVED_OFF') not null
2026-01-12 19:01:39 [restartedMain] INFO  o.s.o.j.LocalContainerEntityManagerFactoryBean - Initialized JPA EntityManagerFactory for persistence unit 'default'
2026-01-12 19:01:39 [restartedMain] DEBUG o.h.s.internal.StatisticsInitiator - Statistics initialized [enabled=false]
2026-01-12 19:01:39 [restartedMain] INFO  o.s.d.j.r.query.QueryEnhancerFactory - Hibernate is in classpath; If applicable, HQL parser will be used.
2026-01-12 19:01:40 [restartedMain] INFO  o.s.s.c.a.a.c.InitializeAuthenticationProviderBeanManagerConfigurer$InitializeAuthenticationProviderManagerConfigurer - Global AuthenticationManager configured with AuthenticationProvider bean with name authenticationProvider
2026-01-12 19:01:40 [restartedMain] WARN  o.s.s.c.a.a.c.InitializeUserDetailsBeanManagerConfigurer$InitializeUserDetailsManagerConfigurer - Global AuthenticationManager configured with an AuthenticationProvider bean. UserDetailsService beans will not be used by Spring Security for automatically configuring username/password login. Consider removing the AuthenticationProvider bean. Alternatively, consider using the UserDetailsService in a manually instantiated DaoAuthenticationProvider. If the current configuration is intentional, to turn off this warning, increase the logging level of 'org.springframework.security.config.annotation.authentication.configuration.InitializeUserDetailsBeanManagerConfigurer' to ERROR
2026-01-12 19:01:40 [restartedMain] DEBUG o.s.w.s.m.m.a.RequestMappingHandlerMapping - 26 mappings in 'requestMappingHandlerMapping'
2026-01-12 19:01:40 [restartedMain] DEBUG o.s.w.s.h.SimpleUrlHandlerMapping - Patterns [/webjars/**, /**] in 'resourceHandlerMapping'
2026-01-12 19:01:40 [restartedMain] DEBUG o.s.s.web.DefaultSecurityFilterChain - Will secure any request with filters: DisableEncodeUrlFilter, WebAsyncManagerIntegrationFilter, SecurityContextHolderFilter, HeaderWriterFilter, CorsFilter, LogoutFilter, JwtAuthenticationFilter, RequestCacheAwareFilter, SecurityContextHolderAwareRequestFilter, AnonymousAuthenticationFilter, SessionManagementFilter, ExceptionTranslationFilter, AuthorizationFilter
2026-01-12 19:01:40 [restartedMain] DEBUG o.s.w.s.m.m.a.RequestMappingHandlerAdapter - ControllerAdvice beans: 0 @ModelAttribute, 0 @InitBinder, 1 RequestBodyAdvice, 1 ResponseBodyAdvice
2026-01-12 19:01:41 [restartedMain] WARN  o.s.b.a.t.ThymeleafAutoConfiguration$DefaultTemplateResolverConfiguration - Cannot find template location: classpath:/templates/emails/ (please add some templates, check your Thymeleaf configuration, or set spring.thymeleaf.check-template-location=false)
2026-01-12 19:01:41 [restartedMain] DEBUG o.s.w.s.m.m.a.ExceptionHandlerExceptionResolver - ControllerAdvice beans: 0 @ExceptionHandler, 1 ResponseBodyAdvice
2026-01-12 19:01:41 [restartedMain] INFO  o.s.b.d.a.OptionalLiveReloadServer - LiveReload server is running on port 35729
2026-01-12 19:01:41 [restartedMain] INFO  o.a.coyote.http11.Http11NioProtocol - Starting ProtocolHandler ["http-nio-8989"]
2026-01-12 19:01:41 [restartedMain] INFO  o.s.b.w.e.tomcat.TomcatWebServer - Tomcat started on port 8989 (http) with context path '/'
2026-01-12 19:01:41 [restartedMain] INFO  c.app.bank.web.ZplusbankApplication - Started ZplusbankApplication in 6.062 seconds (process running for 6.655)
2026-01-12 19:02:47 [http-nio-8989-exec-1] INFO  o.a.c.c.C.[Tomcat].[localhost].[/] - Initializing Spring DispatcherServlet 'dispatcherServlet'
2026-01-12 19:02:47 [http-nio-8989-exec-1] INFO  o.s.web.servlet.DispatcherServlet - Initializing Servlet 'dispatcherServlet'
2026-01-12 19:02:47 [http-nio-8989-exec-1] DEBUG o.s.web.servlet.DispatcherServlet - Detected StandardServletMultipartResolver
2026-01-12 19:02:47 [http-nio-8989-exec-1] DEBUG o.s.web.servlet.DispatcherServlet - Detected AcceptHeaderLocaleResolver
2026-01-12 19:02:47 [http-nio-8989-exec-1] DEBUG o.s.web.servlet.DispatcherServlet - Detected FixedThemeResolver
2026-01-12 19:02:47 [http-nio-8989-exec-1] DEBUG o.s.web.servlet.DispatcherServlet - Detected org.springframework.web.servlet.view.DefaultRequestToViewNameTranslator@2eccd3d6
2026-01-12 19:02:47 [http-nio-8989-exec-1] DEBUG o.s.web.servlet.DispatcherServlet - Detected org.springframework.web.servlet.support.SessionFlashMapManager@5bf853a7
2026-01-12 19:02:47 [http-nio-8989-exec-1] DEBUG o.s.web.servlet.DispatcherServlet - enableLoggingRequestDetails='false': request parameters and headers will be masked to prevent unsafe logging of potentially sensitive data
2026-01-12 19:02:47 [http-nio-8989-exec-1] INFO  o.s.web.servlet.DispatcherServlet - Completed initialization in 4 ms
2026-01-12 19:02:47 [http-nio-8989-exec-1] DEBUG o.s.security.web.FilterChainProxy - Securing POST /api/v1/auth/apply-loan
2026-01-12 19:02:47 [http-nio-8989-exec-1] DEBUG o.s.s.w.a.AnonymousAuthenticationFilter - Set SecurityContextHolder to anonymous SecurityContext
2026-01-12 19:02:47 [http-nio-8989-exec-1] ERROR c.a.b.w.c.JwtAuthenticationEntryPoint - Unothorized error: Full authentication is required to access this resource
2026-01-12 19:02:47 [http-nio-8989-exec-1] ERROR c.a.b.w.c.JwtAuthenticationEntryPoint - Request URI: /api/v1/auth/apply-loan
2026-01-12 19:03:12 [http-nio-8989-exec-3] DEBUG o.s.security.web.FilterChainProxy - Securing POST /api/v1/auth/apply-loan
2026-01-12 19:03:12 [http-nio-8989-exec-3] DEBUG org.hibernate.SQL - 
    select
        u1_0.id,
        u1_0.aadhar_number,
        u1_0.address,
        u1_0.created_at,
        u1_0.email,
        u1_0.failed_login_attempts,
        u1_0.first_name,
        u1_0.last_login_at,
        u1_0.last_name,
        u1_0.monthly_income,
        u1_0.pan_number,
        u1_0.password,
        u1_0.phone,
        u1_0.role,
        u1_0.status,
        u1_0.username 
    from
        users u1_0 
    where
        u1_0.username=?
2026-01-12 19:03:12 [http-nio-8989-exec-3] DEBUG o.s.security.web.FilterChainProxy - Secured POST /api/v1/auth/apply-loan
2026-01-12 19:03:12 [http-nio-8989-exec-3] DEBUG o.s.web.servlet.DispatcherServlet - POST "/api/v1/auth/apply-loan", parameters={}
2026-01-12 19:03:12 [http-nio-8989-exec-3] DEBUG o.s.w.s.m.m.a.RequestMappingHandlerMapping - Mapped to com.app.bank.web.controller.LoanController#applyForLoan(LoanRequest, Authentication)
2026-01-12 19:03:12 [http-nio-8989-exec-3] DEBUG o.s.w.s.m.m.a.RequestResponseBodyMethodProcessor - Read "application/json;charset=UTF-8" to [com.app.bank.web.dto.LoanRequest@6512f0c]
2026-01-12 19:03:12 [http-nio-8989-exec-3] DEBUG org.hibernate.SQL - 
    select
        u1_0.id,
        u1_0.aadhar_number,
        u1_0.address,
        u1_0.created_at,
        u1_0.email,
        u1_0.failed_login_attempts,
        u1_0.first_name,
        u1_0.last_login_at,
        u1_0.last_name,
        u1_0.monthly_income,
        u1_0.pan_number,
        u1_0.password,
        u1_0.phone,
        u1_0.role,
        u1_0.status,
        u1_0.username 
    from
        users u1_0 
    where
        u1_0.username=?
2026-01-12 19:03:12 [http-nio-8989-exec-3] DEBUG org.hibernate.SQL - 
    select
        a1_0.id,
        a1_0.account_number,
        a1_0.account_type,
        a1_0.balance,
        a1_0.created_at,
        a1_0.interest_rate,
        a1_0.last_transaction_at,
        a1_0.minimum_balance,
        a1_0.status,
        a1_0.user_id 
    from
        accounts a1_0 
    where
        a1_0.account_number=?
2026-01-12 19:03:12 [http-nio-8989-exec-3] DEBUG org.hibernate.SQL - 
    select
        count(l1_0.id) 
    from
        loans l1_0 
    left join
        users u1_0 
            on u1_0.id=l1_0.user_id 
    where
        u1_0.id=? 
        and l1_0.status=?
2026-01-12 19:03:12 [http-nio-8989-exec-3] DEBUG o.s.web.servlet.DispatcherServlet - Failed to complete request: com.app.bank.web.exception.BankException: Loan application is not eligible
2026-01-12 19:03:12 [http-nio-8989-exec-3] ERROR o.a.c.c.C.[.[.[.[dispatcherServlet] - Servlet.service() for servlet [dispatcherServlet] in context with path [] threw exception [Request processing failed: com.app.bank.web.exception.BankException: Loan application is not eligible] with root cause
com.app.bank.web.exception.BankException: Loan application is not eligible
	at com.app.bank.web.service.LoanService.applyForLoan(LoanService.java:55)
	at java.base/jdk.internal.reflect.NativeMethodAccessorImpl.invoke0(Native Method)
	at java.base/jdk.internal.reflect.NativeMethodAccessorImpl.invoke(NativeMethodAccessorImpl.java:77)
	at java.base/jdk.internal.reflect.DelegatingMethodAccessorImpl.invoke(DelegatingMethodAccessorImpl.java:43)
	at java.base/java.lang.reflect.Method.invoke(Method.java:568)
	at org.springframework.aop.support.AopUtils.invokeJoinpointUsingReflection(AopUtils.java:360)
	at org.springframework.aop.framework.ReflectiveMethodInvocation.invokeJoinpoint(ReflectiveMethodInvocation.java:196)
	at org.springframework.aop.framework.ReflectiveMethodInvocation.proceed(ReflectiveMethodInvocation.java:163)
	at org.springframework.transaction.interceptor.TransactionAspectSupport.invokeWithinTransaction(TransactionAspectSupport.java:380)
	at org.springframework.transaction.interceptor.TransactionInterceptor.invoke(TransactionInterceptor.java:119)
	at org.springframework.aop.framework.ReflectiveMethodInvocation.proceed(ReflectiveMethodInvocation.java:184)
	at org.springframework.aop.framework.CglibAopProxy$DynamicAdvisedInterceptor.intercept(CglibAopProxy.java:728)
	at com.app.bank.web.service.LoanService$$SpringCGLIB$$0.applyForLoan(<generated>)
	at com.app.bank.web.controller.LoanController.applyForLoan(LoanController.java:35)
	at java.base/jdk.internal.reflect.NativeMethodAccessorImpl.invoke0(Native Method)
	at java.base/jdk.internal.reflect.NativeMethodAccessorImpl.invoke(NativeMethodAccessorImpl.java:77)
	at java.base/jdk.internal.reflect.DelegatingMethodAccessorImpl.invoke(DelegatingMethodAccessorImpl.java:43)
	at java.base/java.lang.reflect.Method.invoke(Method.java:568)
	at org.springframework.web.method.support.InvocableHandlerMethod.doInvoke(InvocableHandlerMethod.java:258)
	at org.springframework.web.method.support.InvocableHandlerMethod.invokeForRequest(InvocableHandlerMethod.java:191)
	at org.springframework.web.servlet.mvc.method.annotation.ServletInvocableHandlerMethod.invokeAndHandle(ServletInvocableHandlerMethod.java:118)
	at org.springframework.web.servlet.mvc.method.annotation.RequestMappingHandlerAdapter.invokeHandlerMethod(RequestMappingHandlerAdapter.java:991)
	at org.springframework.web.servlet.mvc.method.annotation.RequestMappingHandlerAdapter.handleInternal(RequestMappingHandlerAdapter.java:896)
	at org.springframework.web.servlet.mvc.method.AbstractHandlerMethodAdapter.handle(AbstractHandlerMethodAdapter.java:87)
	at org.springframework.web.servlet.DispatcherServlet.doDispatch(DispatcherServlet.java:1089)
	at org.springframework.web.servlet.DispatcherServlet.doService(DispatcherServlet.java:979)
	at org.springframework.web.servlet.FrameworkServlet.processRequest(FrameworkServlet.java:1014)
	at org.springframework.web.servlet.FrameworkServlet.doPost(FrameworkServlet.java:914)
	at jakarta.servlet.http.HttpServlet.service(HttpServlet.java:590)
	at org.springframework.web.servlet.FrameworkServlet.service(FrameworkServlet.java:885)
	at jakarta.servlet.http.HttpServlet.service(HttpServlet.java:658)
	at org.apache.catalina.core.ApplicationFilterChain.internalDoFilter(ApplicationFilterChain.java:193)
	at org.apache.catalina.core.ApplicationFilterChain.doFilter(ApplicationFilterChain.java:138)
	at org.apache.tomcat.websocket.server.WsFilter.doFilter(WsFilter.java:51)
	at org.apache.catalina.core.ApplicationFilterChain.internalDoFilter(ApplicationFilterChain.java:162)
	at org.apache.catalina.core.ApplicationFilterChain.doFilter(ApplicationFilterChain.java:138)
	at org.springframework.web.filter.OncePerRequestFilter.doFilter(OncePerRequestFilter.java:110)
	at org.apache.catalina.core.ApplicationFilterChain.internalDoFilter(ApplicationFilterChain.java:162)
	at org.apache.catalina.core.ApplicationFilterChain.doFilter(ApplicationFilterChain.java:138)
	at org.springframework.web.filter.CompositeFilter$VirtualFilterChain.doFilter(CompositeFilter.java:108)
	at org.springframework.web.filter.CompositeFilter$VirtualFilterChain.doFilter(CompositeFilter.java:108)
	at org.springframework.security.web.FilterChainProxy.lambda$doFilterInternal$3(FilterChainProxy.java:231)
	at org.springframework.security.web.FilterChainProxy$VirtualFilterChain.doFilter(FilterChainProxy.java:365)
	at org.springframework.security.web.access.intercept.AuthorizationFilter.doFilter(AuthorizationFilter.java:101)
	at org.springframework.security.web.FilterChainProxy$VirtualFilterChain.doFilter(FilterChainProxy.java:374)
	at org.springframework.security.web.access.ExceptionTranslationFilter.doFilter(ExceptionTranslationFilter.java:125)
	at org.springframework.security.web.access.ExceptionTranslationFilter.doFilter(ExceptionTranslationFilter.java:119)
	at org.springframework.security.web.FilterChainProxy$VirtualFilterChain.doFilter(FilterChainProxy.java:374)
	at org.springframework.security.web.session.SessionManagementFilter.doFilter(SessionManagementFilter.java:131)
	at org.springframework.security.web.session.SessionManagementFilter.doFilter(SessionManagementFilter.java:85)
	at org.springframework.security.web.FilterChainProxy$VirtualFilterChain.doFilter(FilterChainProxy.java:374)
	at org.springframework.security.web.authentication.AnonymousAuthenticationFilter.doFilter(AnonymousAuthenticationFilter.java:100)
	at org.springframework.security.web.FilterChainProxy$VirtualFilterChain.doFilter(FilterChainProxy.java:374)
	at org.springframework.security.web.servletapi.SecurityContextHolderAwareRequestFilter.doFilter(SecurityContextHolderAwareRequestFilter.java:179)
	at org.springframework.security.web.FilterChainProxy$VirtualFilterChain.doFilter(FilterChainProxy.java:374)
	at org.springframework.security.web.savedrequest.RequestCacheAwareFilter.doFilter(RequestCacheAwareFilter.java:63)
	at org.springframework.security.web.FilterChainProxy$VirtualFilterChain.doFilter(FilterChainProxy.java:374)
	at com.app.bank.web.security.JwtAuthenticationFilter.doFilterInternal(JwtAuthenticationFilter.java:137)
	at org.springframework.web.filter.OncePerRequestFilter.doFilter(OncePerRequestFilter.java:116)
	at org.springframework.security.web.FilterChainProxy$VirtualFilterChain.doFilter(FilterChainProxy.java:374)
	at org.springframework.security.web.authentication.logout.LogoutFilter.doFilter(LogoutFilter.java:107)
	at org.springframework.security.web.authentication.logout.LogoutFilter.doFilter(LogoutFilter.java:93)
	at org.springframework.security.web.FilterChainProxy$VirtualFilterChain.doFilter(FilterChainProxy.java:374)
	at org.springframework.web.filter.CorsFilter.doFilterInternal(CorsFilter.java:91)
	at org.springframework.web.filter.OncePerRequestFilter.doFilter(OncePerRequestFilter.java:116)
	at org.springframework.security.web.FilterChainProxy$VirtualFilterChain.doFilter(FilterChainProxy.java:374)
	at org.springframework.security.web.header.HeaderWriterFilter.doHeadersAfter(HeaderWriterFilter.java:90)
	at org.springframework.security.web.header.HeaderWriterFilter.doFilterInternal(HeaderWriterFilter.java:75)
	at org.springframework.web.filter.OncePerRequestFilter.doFilter(OncePerRequestFilter.java:116)
	at org.springframework.security.web.FilterChainProxy$VirtualFilterChain.doFilter(FilterChainProxy.java:374)
	at org.springframework.security.web.context.SecurityContextHolderFilter.doFilter(SecurityContextHolderFilter.java:82)
	at org.springframework.security.web.context.SecurityContextHolderFilter.doFilter(SecurityContextHolderFilter.java:69)
	at org.springframework.security.web.FilterChainProxy$VirtualFilterChain.doFilter(FilterChainProxy.java:374)
	at org.springframework.security.web.context.request.async.WebAsyncManagerIntegrationFilter.doFilterInternal(WebAsyncManagerIntegrationFilter.java:62)
	at org.springframework.web.filter.OncePerRequestFilter.doFilter(OncePerRequestFilter.java:116)
	at org.springframework.security.web.FilterChainProxy$VirtualFilterChain.doFilter(FilterChainProxy.java:374)
	at org.springframework.security.web.session.DisableEncodeUrlFilter.doFilterInternal(DisableEncodeUrlFilter.java:42)
	at org.springframework.web.filter.OncePerRequestFilter.doFilter(OncePerRequestFilter.java:116)
	at org.springframework.security.web.FilterChainProxy$VirtualFilterChain.doFilter(FilterChainProxy.java:374)
	at org.springframework.security.web.FilterChainProxy.doFilterInternal(FilterChainProxy.java:233)
	at org.springframework.security.web.FilterChainProxy.doFilter(FilterChainProxy.java:191)
	at org.springframework.web.filter.CompositeFilter$VirtualFilterChain.doFilter(CompositeFilter.java:113)
	at org.springframework.web.filter.ServletRequestPathFilter.doFilter(ServletRequestPathFilter.java:52)
	at org.springframework.web.filter.CompositeFilter$VirtualFilterChain.doFilter(CompositeFilter.java:113)
	at org.springframework.web.filter.CompositeFilter.doFilter(CompositeFilter.java:74)
	at org.springframework.security.config.annotation.web.configuration.WebSecurityConfiguration$CompositeFilterChainProxy.doFilter(WebSecurityConfiguration.java:319)
	at org.springframework.web.filter.CompositeFilter$VirtualFilterChain.doFilter(CompositeFilter.java:113)
	at org.springframework.web.servlet.handler.HandlerMappingIntrospector.lambda$createCacheFilter$4(HandlerMappingIntrospector.java:267)
	at org.springframework.web.filter.CompositeFilter$VirtualFilterChain.doFilter(CompositeFilter.java:113)
	at org.springframework.web.filter.CompositeFilter.doFilter(CompositeFilter.java:74)
	at org.springframework.security.config.annotation.web.configuration.WebMvcSecurityConfiguration$CompositeFilterChainProxy.doFilter(WebMvcSecurityConfiguration.java:240)
	at org.springframework.web.filter.DelegatingFilterProxy.invokeDelegate(DelegatingFilterProxy.java:362)
	at org.springframework.web.filter.DelegatingFilterProxy.doFilter(DelegatingFilterProxy.java:278)
	at org.apache.catalina.core.ApplicationFilterChain.internalDoFilter(ApplicationFilterChain.java:162)
	at org.apache.catalina.core.ApplicationFilterChain.doFilter(ApplicationFilterChain.java:138)
	at org.springframework.web.filter.RequestContextFilter.doFilterInternal(RequestContextFilter.java:100)
	at org.springframework.web.filter.OncePerRequestFilter.doFilter(OncePerRequestFilter.java:116)
	at org.apache.catalina.core.ApplicationFilterChain.internalDoFilter(ApplicationFilterChain.java:162)
	at org.apache.catalina.core.ApplicationFilterChain.doFilter(ApplicationFilterChain.java:138)
	at org.springframework.web.filter.FormContentFilter.doFilterInternal(FormContentFilter.java:93)
	at org.springframework.web.filter.OncePerRequestFilter.doFilter(OncePerRequestFilter.java:116)
	at org.apache.catalina.core.ApplicationFilterChain.internalDoFilter(ApplicationFilterChain.java:162)
	at org.apache.catalina.core.ApplicationFilterChain.doFilter(ApplicationFilterChain.java:138)
	at org.springframework.web.filter.CharacterEncodingFilter.doFilterInternal(CharacterEncodingFilter.java:201)
	at org.springframework.web.filter.OncePerRequestFilter.doFilter(OncePerRequestFilter.java:116)
	at org.apache.catalina.core.ApplicationFilterChain.internalDoFilter(ApplicationFilterChain.java:162)
	at org.apache.catalina.core.ApplicationFilterChain.doFilter(ApplicationFilterChain.java:138)
	at org.apache.catalina.core.StandardWrapperValve.invoke(StandardWrapperValve.java:165)
	at org.apache.catalina.core.StandardContextValve.invoke(StandardContextValve.java:88)
	at org.apache.catalina.authenticator.AuthenticatorBase.invoke(AuthenticatorBase.java:482)
	at org.apache.catalina.core.StandardHostValve.invoke(StandardHostValve.java:113)
	at org.apache.catalina.valves.ErrorReportValve.invoke(ErrorReportValve.java:83)
	at org.apache.catalina.core.StandardEngineValve.invoke(StandardEngineValve.java:72)
	at org.apache.catalina.connector.CoyoteAdapter.service(CoyoteAdapter.java:342)
	at org.apache.coyote.http11.Http11Processor.service(Http11Processor.java:399)
	at org.apache.coyote.AbstractProcessorLight.process(AbstractProcessorLight.java:63)
	at org.apache.coyote.AbstractProtocol$ConnectionHandler.process(AbstractProtocol.java:903)
	at org.apache.tomcat.util.net.NioEndpoint$SocketProcessor.doRun(NioEndpoint.java:1774)
	at org.apache.tomcat.util.net.SocketProcessorBase.run(SocketProcessorBase.java:52)
	at org.apache.tomcat.util.threads.ThreadPoolExecutor.runWorker(ThreadPoolExecutor.java:973)
	at org.apache.tomcat.util.threads.ThreadPoolExecutor$Worker.run(ThreadPoolExecutor.java:491)
	at org.apache.tomcat.util.threads.TaskThread$WrappingRunnable.run(TaskThread.java:63)
	at java.base/java.lang.Thread.run(Thread.java:842)
2026-01-12 19:03:12 [http-nio-8989-exec-3] DEBUG o.s.security.web.FilterChainProxy - Securing POST /error
2026-01-12 19:03:12 [http-nio-8989-exec-3] DEBUG o.s.security.web.FilterChainProxy - Secured POST /error
2026-01-12 19:03:12 [http-nio-8989-exec-3] DEBUG o.s.web.servlet.DispatcherServlet - "ERROR" dispatch for POST "/error", parameters={}
2026-01-12 19:03:12 [http-nio-8989-exec-3] DEBUG o.s.w.s.m.m.a.RequestMappingHandlerMapping - Mapped to org.springframework.boot.autoconfigure.web.servlet.error.BasicErrorController#error(HttpServletRequest)
2026-01-12 19:03:12 [http-nio-8989-exec-3] DEBUG o.s.w.s.m.m.a.HttpEntityMethodProcessor - Using 'application/json', given [*/*] and supported [application/json, application/*+json]
2026-01-12 19:03:12 [http-nio-8989-exec-3] DEBUG o.s.w.s.m.m.a.HttpEntityMethodProcessor - Writing [{timestamp=Mon Jan 12 19:03:12 IST 2026, status=500, error=Internal Server Error, trace=com.app.bank (truncated)...]
2026-01-12 19:03:12 [http-nio-8989-exec-3] DEBUG o.s.web.servlet.DispatcherServlet - Exiting from "ERROR" dispatch, status 500
2026-01-12 19:03:12 [http-nio-8989-exec-3] DEBUG o.s.s.w.a.AnonymousAuthenticationFilter - Set SecurityContextHolder to anonymous SecurityContext
2026-01-12 19:03:41 [http-nio-8989-exec-6] DEBUG o.s.security.web.FilterChainProxy - Securing POST /api/v1/auth/apply-loan
2026-01-12 19:03:41 [http-nio-8989-exec-6] DEBUG org.hibernate.SQL - 
    select
        u1_0.id,
        u1_0.aadhar_number,
        u1_0.address,
        u1_0.created_at,
        u1_0.email,
        u1_0.failed_login_attempts,
        u1_0.first_name,
        u1_0.last_login_at,
        u1_0.last_name,
        u1_0.monthly_income,
        u1_0.pan_number,
        u1_0.password,
        u1_0.phone,
        u1_0.role,
        u1_0.status,
        u1_0.username 
    from
        users u1_0 
    where
        u1_0.username=?
2026-01-12 19:03:41 [http-nio-8989-exec-6] DEBUG o.s.security.web.FilterChainProxy - Secured POST /api/v1/auth/apply-loan
2026-01-12 19:03:41 [http-nio-8989-exec-6] DEBUG o.s.web.servlet.DispatcherServlet - POST "/api/v1/auth/apply-loan", parameters={}
2026-01-12 19:03:41 [http-nio-8989-exec-6] DEBUG o.s.w.s.m.m.a.RequestMappingHandlerMapping - Mapped to com.app.bank.web.controller.LoanController#applyForLoan(LoanRequest, Authentication)
2026-01-12 19:03:41 [http-nio-8989-exec-6] DEBUG o.s.w.s.m.m.a.RequestResponseBodyMethodProcessor - Read "application/json;charset=UTF-8" to [com.app.bank.web.dto.LoanRequest@53da0cea]
2026-01-12 19:03:41 [http-nio-8989-exec-6] DEBUG org.hibernate.SQL - 
    select
        u1_0.id,
        u1_0.aadhar_number,
        u1_0.address,
        u1_0.created_at,
        u1_0.email,
        u1_0.failed_login_attempts,
        u1_0.first_name,
        u1_0.last_login_at,
        u1_0.last_name,
        u1_0.monthly_income,
        u1_0.pan_number,
        u1_0.password,
        u1_0.phone,
        u1_0.role,
        u1_0.status,
        u1_0.username 
    from
        users u1_0 
    where
        u1_0.username=?
2026-01-12 19:03:41 [http-nio-8989-exec-6] DEBUG org.hibernate.SQL - 
    select
        a1_0.id,
        a1_0.account_number,
        a1_0.account_type,
        a1_0.balance,
        a1_0.created_at,
        a1_0.interest_rate,
        a1_0.last_transaction_at,
        a1_0.minimum_balance,
        a1_0.status,
        a1_0.user_id 
    from
        accounts a1_0 
    where
        a1_0.account_number=?
2026-01-12 19:03:41 [http-nio-8989-exec-6] DEBUG org.hibernate.SQL - 
    select
        count(l1_0.id) 
    from
        loans l1_0 
    left join
        users u1_0 
            on u1_0.id=l1_0.user_id 
    where
        u1_0.id=? 
        and l1_0.status=?
2026-01-12 19:03:41 [http-nio-8989-exec-6] DEBUG o.s.web.servlet.DispatcherServlet - Failed to complete request: com.app.bank.web.exception.BankException: Loan application is not eligible
2026-01-12 19:03:41 [http-nio-8989-exec-6] ERROR o.a.c.c.C.[.[.[.[dispatcherServlet] - Servlet.service() for servlet [dispatcherServlet] in context with path [] threw exception [Request processing failed: com.app.bank.web.exception.BankException: Loan application is not eligible] with root cause
com.app.bank.web.exception.BankException: Loan application is not eligible
	at com.app.bank.web.service.LoanService.applyForLoan(LoanService.java:55)
	at java.base/jdk.internal.reflect.NativeMethodAccessorImpl.invoke0(Native Method)
	at java.base/jdk.internal.reflect.NativeMethodAccessorImpl.invoke(NativeMethodAccessorImpl.java:77)
	at java.base/jdk.internal.reflect.DelegatingMethodAccessorImpl.invoke(DelegatingMethodAccessorImpl.java:43)
	at java.base/java.lang.reflect.Method.invoke(Method.java:568)
	at org.springframework.aop.support.AopUtils.invokeJoinpointUsingReflection(AopUtils.java:360)
	at org.springframework.aop.framework.ReflectiveMethodInvocation.invokeJoinpoint(ReflectiveMethodInvocation.java:196)
	at org.springframework.aop.framework.ReflectiveMethodInvocation.proceed(ReflectiveMethodInvocation.java:163)
	at org.springframework.transaction.interceptor.TransactionAspectSupport.invokeWithinTransaction(TransactionAspectSupport.java:380)
	at org.springframework.transaction.interceptor.TransactionInterceptor.invoke(TransactionInterceptor.java:119)
	at org.springframework.aop.framework.ReflectiveMethodInvocation.proceed(ReflectiveMethodInvocation.java:184)
	at org.springframework.aop.framework.CglibAopProxy$DynamicAdvisedInterceptor.intercept(CglibAopProxy.java:728)
	at com.app.bank.web.service.LoanService$$SpringCGLIB$$0.applyForLoan(<generated>)
	at com.app.bank.web.controller.LoanController.applyForLoan(LoanController.java:35)
	at java.base/jdk.internal.reflect.NativeMethodAccessorImpl.invoke0(Native Method)
	at java.base/jdk.internal.reflect.NativeMethodAccessorImpl.invoke(NativeMethodAccessorImpl.java:77)
	at java.base/jdk.internal.reflect.DelegatingMethodAccessorImpl.invoke(DelegatingMethodAccessorImpl.java:43)
	at java.base/java.lang.reflect.Method.invoke(Method.java:568)
	at org.springframework.web.method.support.InvocableHandlerMethod.doInvoke(InvocableHandlerMethod.java:258)
	at org.springframework.web.method.support.InvocableHandlerMethod.invokeForRequest(InvocableHandlerMethod.java:191)
	at org.springframework.web.servlet.mvc.method.annotation.ServletInvocableHandlerMethod.invokeAndHandle(ServletInvocableHandlerMethod.java:118)
	at org.springframework.web.servlet.mvc.method.annotation.RequestMappingHandlerAdapter.invokeHandlerMethod(RequestMappingHandlerAdapter.java:991)
	at org.springframework.web.servlet.mvc.method.annotation.RequestMappingHandlerAdapter.handleInternal(RequestMappingHandlerAdapter.java:896)
	at org.springframework.web.servlet.mvc.method.AbstractHandlerMethodAdapter.handle(AbstractHandlerMethodAdapter.java:87)
	at org.springframework.web.servlet.DispatcherServlet.doDispatch(DispatcherServlet.java:1089)
	at org.springframework.web.servlet.DispatcherServlet.doService(DispatcherServlet.java:979)
	at org.springframework.web.servlet.FrameworkServlet.processRequest(FrameworkServlet.java:1014)
	at org.springframework.web.servlet.FrameworkServlet.doPost(FrameworkServlet.java:914)
	at jakarta.servlet.http.HttpServlet.service(HttpServlet.java:590)
	at org.springframework.web.servlet.FrameworkServlet.service(FrameworkServlet.java:885)
	at jakarta.servlet.http.HttpServlet.service(HttpServlet.java:658)
	at org.apache.catalina.core.ApplicationFilterChain.internalDoFilter(ApplicationFilterChain.java:193)
	at org.apache.catalina.core.ApplicationFilterChain.doFilter(ApplicationFilterChain.java:138)
	at org.apache.tomcat.websocket.server.WsFilter.doFilter(WsFilter.java:51)
	at org.apache.catalina.core.ApplicationFilterChain.internalDoFilter(ApplicationFilterChain.java:162)
	at org.apache.catalina.core.ApplicationFilterChain.doFilter(ApplicationFilterChain.java:138)
	at org.springframework.web.filter.OncePerRequestFilter.doFilter(OncePerRequestFilter.java:110)
	at org.apache.catalina.core.ApplicationFilterChain.internalDoFilter(ApplicationFilterChain.java:162)
	at org.apache.catalina.core.ApplicationFilterChain.doFilter(ApplicationFilterChain.java:138)
	at org.springframework.web.filter.CompositeFilter$VirtualFilterChain.doFilter(CompositeFilter.java:108)
	at org.springframework.web.filter.CompositeFilter$VirtualFilterChain.doFilter(CompositeFilter.java:108)
	at org.springframework.security.web.FilterChainProxy.lambda$doFilterInternal$3(FilterChainProxy.java:231)
	at org.springframework.security.web.FilterChainProxy$VirtualFilterChain.doFilter(FilterChainProxy.java:365)
	at org.springframework.security.web.access.intercept.AuthorizationFilter.doFilter(AuthorizationFilter.java:101)
	at org.springframework.security.web.FilterChainProxy$VirtualFilterChain.doFilter(FilterChainProxy.java:374)
	at org.springframework.security.web.access.ExceptionTranslationFilter.doFilter(ExceptionTranslationFilter.java:125)
	at org.springframework.security.web.access.ExceptionTranslationFilter.doFilter(ExceptionTranslationFilter.java:119)
	at org.springframework.security.web.FilterChainProxy$VirtualFilterChain.doFilter(FilterChainProxy.java:374)
	at org.springframework.security.web.session.SessionManagementFilter.doFilter(SessionManagementFilter.java:131)
	at org.springframework.security.web.session.SessionManagementFilter.doFilter(SessionManagementFilter.java:85)
	at org.springframework.security.web.FilterChainProxy$VirtualFilterChain.doFilter(FilterChainProxy.java:374)
	at org.springframework.security.web.authentication.AnonymousAuthenticationFilter.doFilter(AnonymousAuthenticationFilter.java:100)
	at org.springframework.security.web.FilterChainProxy$VirtualFilterChain.doFilter(FilterChainProxy.java:374)
	at org.springframework.security.web.servletapi.SecurityContextHolderAwareRequestFilter.doFilter(SecurityContextHolderAwareRequestFilter.java:179)
	at org.springframework.security.web.FilterChainProxy$VirtualFilterChain.doFilter(FilterChainProxy.java:374)
	at org.springframework.security.web.savedrequest.RequestCacheAwareFilter.doFilter(RequestCacheAwareFilter.java:63)
	at org.springframework.security.web.FilterChainProxy$VirtualFilterChain.doFilter(FilterChainProxy.java:374)
	at com.app.bank.web.security.JwtAuthenticationFilter.doFilterInternal(JwtAuthenticationFilter.java:137)
	at org.springframework.web.filter.OncePerRequestFilter.doFilter(OncePerRequestFilter.java:116)
	at org.springframework.security.web.FilterChainProxy$VirtualFilterChain.doFilter(FilterChainProxy.java:374)
	at org.springframework.security.web.authentication.logout.LogoutFilter.doFilter(LogoutFilter.java:107)
	at org.springframework.security.web.authentication.logout.LogoutFilter.doFilter(LogoutFilter.java:93)
	at org.springframework.security.web.FilterChainProxy$VirtualFilterChain.doFilter(FilterChainProxy.java:374)
	at org.springframework.web.filter.CorsFilter.doFilterInternal(CorsFilter.java:91)
	at org.springframework.web.filter.OncePerRequestFilter.doFilter(OncePerRequestFilter.java:116)
	at org.springframework.security.web.FilterChainProxy$VirtualFilterChain.doFilter(FilterChainProxy.java:374)
	at org.springframework.security.web.header.HeaderWriterFilter.doHeadersAfter(HeaderWriterFilter.java:90)
	at org.springframework.security.web.header.HeaderWriterFilter.doFilterInternal(HeaderWriterFilter.java:75)
	at org.springframework.web.filter.OncePerRequestFilter.doFilter(OncePerRequestFilter.java:116)
	at org.springframework.security.web.FilterChainProxy$VirtualFilterChain.doFilter(FilterChainProxy.java:374)
	at org.springframework.security.web.context.SecurityContextHolderFilter.doFilter(SecurityContextHolderFilter.java:82)
	at org.springframework.security.web.context.SecurityContextHolderFilter.doFilter(SecurityContextHolderFilter.java:69)
	at org.springframework.security.web.FilterChainProxy$VirtualFilterChain.doFilter(FilterChainProxy.java:374)
	at org.springframework.security.web.context.request.async.WebAsyncManagerIntegrationFilter.doFilterInternal(WebAsyncManagerIntegrationFilter.java:62)
	at org.springframework.web.filter.OncePerRequestFilter.doFilter(OncePerRequestFilter.java:116)
	at org.springframework.security.web.FilterChainProxy$VirtualFilterChain.doFilter(FilterChainProxy.java:374)
	at org.springframework.security.web.session.DisableEncodeUrlFilter.doFilterInternal(DisableEncodeUrlFilter.java:42)
	at org.springframework.web.filter.OncePerRequestFilter.doFilter(OncePerRequestFilter.java:116)
	at org.springframework.security.web.FilterChainProxy$VirtualFilterChain.doFilter(FilterChainProxy.java:374)
	at org.springframework.security.web.FilterChainProxy.doFilterInternal(FilterChainProxy.java:233)
	at org.springframework.security.web.FilterChainProxy.doFilter(FilterChainProxy.java:191)
	at org.springframework.web.filter.CompositeFilter$VirtualFilterChain.doFilter(CompositeFilter.java:113)
	at org.springframework.web.filter.ServletRequestPathFilter.doFilter(ServletRequestPathFilter.java:52)
	at org.springframework.web.filter.CompositeFilter$VirtualFilterChain.doFilter(CompositeFilter.java:113)
	at org.springframework.web.filter.CompositeFilter.doFilter(CompositeFilter.java:74)
	at org.springframework.security.config.annotation.web.configuration.WebSecurityConfiguration$CompositeFilterChainProxy.doFilter(WebSecurityConfiguration.java:319)
	at org.springframework.web.filter.CompositeFilter$VirtualFilterChain.doFilter(CompositeFilter.java:113)
	at org.springframework.web.servlet.handler.HandlerMappingIntrospector.lambda$createCacheFilter$4(HandlerMappingIntrospector.java:267)
	at org.springframework.web.filter.CompositeFilter$VirtualFilterChain.doFilter(CompositeFilter.java:113)
	at org.springframework.web.filter.CompositeFilter.doFilter(CompositeFilter.java:74)
	at org.springframework.security.config.annotation.web.configuration.WebMvcSecurityConfiguration$CompositeFilterChainProxy.doFilter(WebMvcSecurityConfiguration.java:240)
	at org.springframework.web.filter.DelegatingFilterProxy.invokeDelegate(DelegatingFilterProxy.java:362)
	at org.springframework.web.filter.DelegatingFilterProxy.doFilter(DelegatingFilterProxy.java:278)
	at org.apache.catalina.core.ApplicationFilterChain.internalDoFilter(ApplicationFilterChain.java:162)
	at org.apache.catalina.core.ApplicationFilterChain.doFilter(ApplicationFilterChain.java:138)
	at org.springframework.web.filter.RequestContextFilter.doFilterInternal(RequestContextFilter.java:100)
	at org.springframework.web.filter.OncePerRequestFilter.doFilter(OncePerRequestFilter.java:116)
	at org.apache.catalina.core.ApplicationFilterChain.internalDoFilter(ApplicationFilterChain.java:162)
	at org.apache.catalina.core.ApplicationFilterChain.doFilter(ApplicationFilterChain.java:138)
	at org.springframework.web.filter.FormContentFilter.doFilterInternal(FormContentFilter.java:93)
	at org.springframework.web.filter.OncePerRequestFilter.doFilter(OncePerRequestFilter.java:116)
	at org.apache.catalina.core.ApplicationFilterChain.internalDoFilter(ApplicationFilterChain.java:162)
	at org.apache.catalina.core.ApplicationFilterChain.doFilter(ApplicationFilterChain.java:138)
	at org.springframework.web.filter.CharacterEncodingFilter.doFilterInternal(CharacterEncodingFilter.java:201)
	at org.springframework.web.filter.OncePerRequestFilter.doFilter(OncePerRequestFilter.java:116)
	at org.apache.catalina.core.ApplicationFilterChain.internalDoFilter(ApplicationFilterChain.java:162)
	at org.apache.catalina.core.ApplicationFilterChain.doFilter(ApplicationFilterChain.java:138)
	at org.apache.catalina.core.StandardWrapperValve.invoke(StandardWrapperValve.java:165)
	at org.apache.catalina.core.StandardContextValve.invoke(StandardContextValve.java:88)
	at org.apache.catalina.authenticator.AuthenticatorBase.invoke(AuthenticatorBase.java:482)
	at org.apache.catalina.core.StandardHostValve.invoke(StandardHostValve.java:113)
	at org.apache.catalina.valves.ErrorReportValve.invoke(ErrorReportValve.java:83)
	at org.apache.catalina.core.StandardEngineValve.invoke(StandardEngineValve.java:72)
	at org.apache.catalina.connector.CoyoteAdapter.service(CoyoteAdapter.java:342)
	at org.apache.coyote.http11.Http11Processor.service(Http11Processor.java:399)
	at org.apache.coyote.AbstractProcessorLight.process(AbstractProcessorLight.java:63)
	at org.apache.coyote.AbstractProtocol$ConnectionHandler.process(AbstractProtocol.java:903)
	at org.apache.tomcat.util.net.NioEndpoint$SocketProcessor.doRun(NioEndpoint.java:1774)
	at org.apache.tomcat.util.net.SocketProcessorBase.run(SocketProcessorBase.java:52)
	at org.apache.tomcat.util.threads.ThreadPoolExecutor.runWorker(ThreadPoolExecutor.java:973)
	at org.apache.tomcat.util.threads.ThreadPoolExecutor$Worker.run(ThreadPoolExecutor.java:491)
	at org.apache.tomcat.util.threads.TaskThread$WrappingRunnable.run(TaskThread.java:63)
	at java.base/java.lang.Thread.run(Thread.java:842)
2026-01-12 19:03:41 [http-nio-8989-exec-6] DEBUG o.s.security.web.FilterChainProxy - Securing POST /error
2026-01-12 19:03:41 [http-nio-8989-exec-6] DEBUG o.s.security.web.FilterChainProxy - Secured POST /error
2026-01-12 19:03:41 [http-nio-8989-exec-6] DEBUG o.s.web.servlet.DispatcherServlet - "ERROR" dispatch for POST "/error", parameters={}
2026-01-12 19:03:41 [http-nio-8989-exec-6] DEBUG o.s.w.s.m.m.a.RequestMappingHandlerMapping - Mapped to org.springframework.boot.autoconfigure.web.servlet.error.BasicErrorController#error(HttpServletRequest)
2026-01-12 19:03:41 [http-nio-8989-exec-6] DEBUG o.s.w.s.m.m.a.HttpEntityMethodProcessor - Using 'application/json', given [*/*] and supported [application/json, application/*+json]
2026-01-12 19:03:41 [http-nio-8989-exec-6] DEBUG o.s.w.s.m.m.a.HttpEntityMethodProcessor - Writing [{timestamp=Mon Jan 12 19:03:41 IST 2026, status=500, error=Internal Server Error, trace=com.app.bank (truncated)...]
2026-01-12 19:03:41 [http-nio-8989-exec-6] DEBUG o.s.web.servlet.DispatcherServlet - Exiting from "ERROR" dispatch, status 500
2026-01-12 19:03:41 [http-nio-8989-exec-6] DEBUG o.s.s.w.a.AnonymousAuthenticationFilter - Set SecurityContextHolder to anonymous SecurityContext
2026-01-12 19:03:49 [http-nio-8989-exec-8] DEBUG o.s.security.web.FilterChainProxy - Securing POST /api/v1/auth/apply-loan
2026-01-12 19:03:49 [http-nio-8989-exec-8] DEBUG org.hibernate.SQL - 
    select
        u1_0.id,
        u1_0.aadhar_number,
        u1_0.address,
        u1_0.created_at,
        u1_0.email,
        u1_0.failed_login_attempts,
        u1_0.first_name,
        u1_0.last_login_at,
        u1_0.last_name,
        u1_0.monthly_income,
        u1_0.pan_number,
        u1_0.password,
        u1_0.phone,
        u1_0.role,
        u1_0.status,
        u1_0.username 
    from
        users u1_0 
    where
        u1_0.username=?
2026-01-12 19:03:49 [http-nio-8989-exec-8] DEBUG o.s.security.web.FilterChainProxy - Secured POST /api/v1/auth/apply-loan
2026-01-12 19:03:49 [http-nio-8989-exec-8] DEBUG o.s.web.servlet.DispatcherServlet - POST "/api/v1/auth/apply-loan", parameters={}
2026-01-12 19:03:49 [http-nio-8989-exec-8] DEBUG o.s.w.s.m.m.a.RequestMappingHandlerMapping - Mapped to com.app.bank.web.controller.LoanController#applyForLoan(LoanRequest, Authentication)
2026-01-12 19:03:49 [http-nio-8989-exec-8] DEBUG o.s.w.s.m.m.a.RequestResponseBodyMethodProcessor - Read "application/json;charset=UTF-8" to [com.app.bank.web.dto.LoanRequest@29eee540]
2026-01-12 19:03:49 [http-nio-8989-exec-8] DEBUG org.hibernate.SQL - 
    select
        u1_0.id,
        u1_0.aadhar_number,
        u1_0.address,
        u1_0.created_at,
        u1_0.email,
        u1_0.failed_login_attempts,
        u1_0.first_name,
        u1_0.last_login_at,
        u1_0.last_name,
        u1_0.monthly_income,
        u1_0.pan_number,
        u1_0.password,
        u1_0.phone,
        u1_0.role,
        u1_0.status,
        u1_0.username 
    from
        users u1_0 
    where
        u1_0.username=?
2026-01-12 19:03:49 [http-nio-8989-exec-8] DEBUG org.hibernate.SQL - 
    select
        a1_0.id,
        a1_0.account_number,
        a1_0.account_type,
        a1_0.balance,
        a1_0.created_at,
        a1_0.interest_rate,
        a1_0.last_transaction_at,
        a1_0.minimum_balance,
        a1_0.status,
        a1_0.user_id 
    from
        accounts a1_0 
    where
        a1_0.account_number=?
2026-01-12 19:03:49 [http-nio-8989-exec-8] DEBUG org.hibernate.SQL - 
    select
        count(l1_0.id) 
    from
        loans l1_0 
    left join
        users u1_0 
            on u1_0.id=l1_0.user_id 
    where
        u1_0.id=? 
        and l1_0.status=?
2026-01-12 19:03:49 [http-nio-8989-exec-8] DEBUG o.s.web.servlet.DispatcherServlet - Failed to complete request: com.app.bank.web.exception.BankException: Loan application is not eligible
2026-01-12 19:03:49 [http-nio-8989-exec-8] ERROR o.a.c.c.C.[.[.[.[dispatcherServlet] - Servlet.service() for servlet [dispatcherServlet] in context with path [] threw exception [Request processing failed: com.app.bank.web.exception.BankException: Loan application is not eligible] with root cause
com.app.bank.web.exception.BankException: Loan application is not eligible
	at com.app.bank.web.service.LoanService.applyForLoan(LoanService.java:55)
	at java.base/jdk.internal.reflect.NativeMethodAccessorImpl.invoke0(Native Method)
	at java.base/jdk.internal.reflect.NativeMethodAccessorImpl.invoke(NativeMethodAccessorImpl.java:77)
	at java.base/jdk.internal.reflect.DelegatingMethodAccessorImpl.invoke(DelegatingMethodAccessorImpl.java:43)
	at java.base/java.lang.reflect.Method.invoke(Method.java:568)
	at org.springframework.aop.support.AopUtils.invokeJoinpointUsingReflection(AopUtils.java:360)
	at org.springframework.aop.framework.ReflectiveMethodInvocation.invokeJoinpoint(ReflectiveMethodInvocation.java:196)
	at org.springframework.aop.framework.ReflectiveMethodInvocation.proceed(ReflectiveMethodInvocation.java:163)
	at org.springframework.transaction.interceptor.TransactionAspectSupport.invokeWithinTransaction(TransactionAspectSupport.java:380)
	at org.springframework.transaction.interceptor.TransactionInterceptor.invoke(TransactionInterceptor.java:119)
	at org.springframework.aop.framework.ReflectiveMethodInvocation.proceed(ReflectiveMethodInvocation.java:184)
	at org.springframework.aop.framework.CglibAopProxy$DynamicAdvisedInterceptor.intercept(CglibAopProxy.java:728)
	at com.app.bank.web.service.LoanService$$SpringCGLIB$$0.applyForLoan(<generated>)
	at com.app.bank.web.controller.LoanController.applyForLoan(LoanController.java:35)
	at java.base/jdk.internal.reflect.NativeMethodAccessorImpl.invoke0(Native Method)
	at java.base/jdk.internal.reflect.NativeMethodAccessorImpl.invoke(NativeMethodAccessorImpl.java:77)
	at java.base/jdk.internal.reflect.DelegatingMethodAccessorImpl.invoke(DelegatingMethodAccessorImpl.java:43)
	at java.base/java.lang.reflect.Method.invoke(Method.java:568)
	at org.springframework.web.method.support.InvocableHandlerMethod.doInvoke(InvocableHandlerMethod.java:258)
	at org.springframework.web.method.support.InvocableHandlerMethod.invokeForRequest(InvocableHandlerMethod.java:191)
	at org.springframework.web.servlet.mvc.method.annotation.ServletInvocableHandlerMethod.invokeAndHandle(ServletInvocableHandlerMethod.java:118)
	at org.springframework.web.servlet.mvc.method.annotation.RequestMappingHandlerAdapter.invokeHandlerMethod(RequestMappingHandlerAdapter.java:991)
	at org.springframework.web.servlet.mvc.method.annotation.RequestMappingHandlerAdapter.handleInternal(RequestMappingHandlerAdapter.java:896)
	at org.springframework.web.servlet.mvc.method.AbstractHandlerMethodAdapter.handle(AbstractHandlerMethodAdapter.java:87)
	at org.springframework.web.servlet.DispatcherServlet.doDispatch(DispatcherServlet.java:1089)
	at org.springframework.web.servlet.DispatcherServlet.doService(DispatcherServlet.java:979)
	at org.springframework.web.servlet.FrameworkServlet.processRequest(FrameworkServlet.java:1014)
	at org.springframework.web.servlet.FrameworkServlet.doPost(FrameworkServlet.java:914)
	at jakarta.servlet.http.HttpServlet.service(HttpServlet.java:590)
	at org.springframework.web.servlet.FrameworkServlet.service(FrameworkServlet.java:885)
	at jakarta.servlet.http.HttpServlet.service(HttpServlet.java:658)
	at org.apache.catalina.core.ApplicationFilterChain.internalDoFilter(ApplicationFilterChain.java:193)
	at org.apache.catalina.core.ApplicationFilterChain.doFilter(ApplicationFilterChain.java:138)
	at org.apache.tomcat.websocket.server.WsFilter.doFilter(WsFilter.java:51)
	at org.apache.catalina.core.ApplicationFilterChain.internalDoFilter(ApplicationFilterChain.java:162)
	at org.apache.catalina.core.ApplicationFilterChain.doFilter(ApplicationFilterChain.java:138)
	at org.springframework.web.filter.OncePerRequestFilter.doFilter(OncePerRequestFilter.java:110)
	at org.apache.catalina.core.ApplicationFilterChain.internalDoFilter(ApplicationFilterChain.java:162)
	at org.apache.catalina.core.ApplicationFilterChain.doFilter(ApplicationFilterChain.java:138)
	at org.springframework.web.filter.CompositeFilter$VirtualFilterChain.doFilter(CompositeFilter.java:108)
	at org.springframework.web.filter.CompositeFilter$VirtualFilterChain.doFilter(CompositeFilter.java:108)
	at org.springframework.security.web.FilterChainProxy.lambda$doFilterInternal$3(FilterChainProxy.java:231)
	at org.springframework.security.web.FilterChainProxy$VirtualFilterChain.doFilter(FilterChainProxy.java:365)
	at org.springframework.security.web.access.intercept.AuthorizationFilter.doFilter(AuthorizationFilter.java:101)
	at org.springframework.security.web.FilterChainProxy$VirtualFilterChain.doFilter(FilterChainProxy.java:374)
	at org.springframework.security.web.access.ExceptionTranslationFilter.doFilter(ExceptionTranslationFilter.java:125)
	at org.springframework.security.web.access.ExceptionTranslationFilter.doFilter(ExceptionTranslationFilter.java:119)
	at org.springframework.security.web.FilterChainProxy$VirtualFilterChain.doFilter(FilterChainProxy.java:374)
	at org.springframework.security.web.session.SessionManagementFilter.doFilter(SessionManagementFilter.java:131)
	at org.springframework.security.web.session.SessionManagementFilter.doFilter(SessionManagementFilter.java:85)
	at org.springframework.security.web.FilterChainProxy$VirtualFilterChain.doFilter(FilterChainProxy.java:374)
	at org.springframework.security.web.authentication.AnonymousAuthenticationFilter.doFilter(AnonymousAuthenticationFilter.java:100)
	at org.springframework.security.web.FilterChainProxy$VirtualFilterChain.doFilter(FilterChainProxy.java:374)
	at org.springframework.security.web.servletapi.SecurityContextHolderAwareRequestFilter.doFilter(SecurityContextHolderAwareRequestFilter.java:179)
	at org.springframework.security.web.FilterChainProxy$VirtualFilterChain.doFilter(FilterChainProxy.java:374)
	at org.springframework.security.web.savedrequest.RequestCacheAwareFilter.doFilter(RequestCacheAwareFilter.java:63)
	at org.springframework.security.web.FilterChainProxy$VirtualFilterChain.doFilter(FilterChainProxy.java:374)
	at com.app.bank.web.security.JwtAuthenticationFilter.doFilterInternal(JwtAuthenticationFilter.java:137)
	at org.springframework.web.filter.OncePerRequestFilter.doFilter(OncePerRequestFilter.java:116)
	at org.springframework.security.web.FilterChainProxy$VirtualFilterChain.doFilter(FilterChainProxy.java:374)
	at org.springframework.security.web.authentication.logout.LogoutFilter.doFilter(LogoutFilter.java:107)
	at org.springframework.security.web.authentication.logout.LogoutFilter.doFilter(LogoutFilter.java:93)
	at org.springframework.security.web.FilterChainProxy$VirtualFilterChain.doFilter(FilterChainProxy.java:374)
	at org.springframework.web.filter.CorsFilter.doFilterInternal(CorsFilter.java:91)
	at org.springframework.web.filter.OncePerRequestFilter.doFilter(OncePerRequestFilter.java:116)
	at org.springframework.security.web.FilterChainProxy$VirtualFilterChain.doFilter(FilterChainProxy.java:374)
	at org.springframework.security.web.header.HeaderWriterFilter.doHeadersAfter(HeaderWriterFilter.java:90)
	at org.springframework.security.web.header.HeaderWriterFilter.doFilterInternal(HeaderWriterFilter.java:75)
	at org.springframework.web.filter.OncePerRequestFilter.doFilter(OncePerRequestFilter.java:116)
	at org.springframework.security.web.FilterChainProxy$VirtualFilterChain.doFilter(FilterChainProxy.java:374)
	at org.springframework.security.web.context.SecurityContextHolderFilter.doFilter(SecurityContextHolderFilter.java:82)
	at org.springframework.security.web.context.SecurityContextHolderFilter.doFilter(SecurityContextHolderFilter.java:69)
	at org.springframework.security.web.FilterChainProxy$VirtualFilterChain.doFilter(FilterChainProxy.java:374)
	at org.springframework.security.web.context.request.async.WebAsyncManagerIntegrationFilter.doFilterInternal(WebAsyncManagerIntegrationFilter.java:62)
	at org.springframework.web.filter.OncePerRequestFilter.doFilter(OncePerRequestFilter.java:116)
	at org.springframework.security.web.FilterChainProxy$VirtualFilterChain.doFilter(FilterChainProxy.java:374)
	at org.springframework.security.web.session.DisableEncodeUrlFilter.doFilterInternal(DisableEncodeUrlFilter.java:42)
	at org.springframework.web.filter.OncePerRequestFilter.doFilter(OncePerRequestFilter.java:116)
	at org.springframework.security.web.FilterChainProxy$VirtualFilterChain.doFilter(FilterChainProxy.java:374)
	at org.springframework.security.web.FilterChainProxy.doFilterInternal(FilterChainProxy.java:233)
	at org.springframework.security.web.FilterChainProxy.doFilter(FilterChainProxy.java:191)
	at org.springframework.web.filter.CompositeFilter$VirtualFilterChain.doFilter(CompositeFilter.java:113)
	at org.springframework.web.filter.ServletRequestPathFilter.doFilter(ServletRequestPathFilter.java:52)
	at org.springframework.web.filter.CompositeFilter$VirtualFilterChain.doFilter(CompositeFilter.java:113)
	at org.springframework.web.filter.CompositeFilter.doFilter(CompositeFilter.java:74)
	at org.springframework.security.config.annotation.web.configuration.WebSecurityConfiguration$CompositeFilterChainProxy.doFilter(WebSecurityConfiguration.java:319)
	at org.springframework.web.filter.CompositeFilter$VirtualFilterChain.doFilter(CompositeFilter.java:113)
	at org.springframework.web.servlet.handler.HandlerMappingIntrospector.lambda$createCacheFilter$4(HandlerMappingIntrospector.java:267)
	at org.springframework.web.filter.CompositeFilter$VirtualFilterChain.doFilter(CompositeFilter.java:113)
	at org.springframework.web.filter.CompositeFilter.doFilter(CompositeFilter.java:74)
	at org.springframework.security.config.annotation.web.configuration.WebMvcSecurityConfiguration$CompositeFilterChainProxy.doFilter(WebMvcSecurityConfiguration.java:240)
	at org.springframework.web.filter.DelegatingFilterProxy.invokeDelegate(DelegatingFilterProxy.java:362)
	at org.springframework.web.filter.DelegatingFilterProxy.doFilter(DelegatingFilterProxy.java:278)
	at org.apache.catalina.core.ApplicationFilterChain.internalDoFilter(ApplicationFilterChain.java:162)
	at org.apache.catalina.core.ApplicationFilterChain.doFilter(ApplicationFilterChain.java:138)
	at org.springframework.web.filter.RequestContextFilter.doFilterInternal(RequestContextFilter.java:100)
	at org.springframework.web.filter.OncePerRequestFilter.doFilter(OncePerRequestFilter.java:116)
	at org.apache.catalina.core.ApplicationFilterChain.internalDoFilter(ApplicationFilterChain.java:162)
	at org.apache.catalina.core.ApplicationFilterChain.doFilter(ApplicationFilterChain.java:138)
	at org.springframework.web.filter.FormContentFilter.doFilterInternal(FormContentFilter.java:93)
	at org.springframework.web.filter.OncePerRequestFilter.doFilter(OncePerRequestFilter.java:116)
	at org.apache.catalina.core.ApplicationFilterChain.internalDoFilter(ApplicationFilterChain.java:162)
	at org.apache.catalina.core.ApplicationFilterChain.doFilter(ApplicationFilterChain.java:138)
	at org.springframework.web.filter.CharacterEncodingFilter.doFilterInternal(CharacterEncodingFilter.java:201)
	at org.springframework.web.filter.OncePerRequestFilter.doFilter(OncePerRequestFilter.java:116)
	at org.apache.catalina.core.ApplicationFilterChain.internalDoFilter(ApplicationFilterChain.java:162)
	at org.apache.catalina.core.ApplicationFilterChain.doFilter(ApplicationFilterChain.java:138)
	at org.apache.catalina.core.StandardWrapperValve.invoke(StandardWrapperValve.java:165)
	at org.apache.catalina.core.StandardContextValve.invoke(StandardContextValve.java:88)
	at org.apache.catalina.authenticator.AuthenticatorBase.invoke(AuthenticatorBase.java:482)
	at org.apache.catalina.core.StandardHostValve.invoke(StandardHostValve.java:113)
	at org.apache.catalina.valves.ErrorReportValve.invoke(ErrorReportValve.java:83)
	at org.apache.catalina.core.StandardEngineValve.invoke(StandardEngineValve.java:72)
	at org.apache.catalina.connector.CoyoteAdapter.service(CoyoteAdapter.java:342)
	at org.apache.coyote.http11.Http11Processor.service(Http11Processor.java:399)
	at org.apache.coyote.AbstractProcessorLight.process(AbstractProcessorLight.java:63)
	at org.apache.coyote.AbstractProtocol$ConnectionHandler.process(AbstractProtocol.java:903)
	at org.apache.tomcat.util.net.NioEndpoint$SocketProcessor.doRun(NioEndpoint.java:1774)
	at org.apache.tomcat.util.net.SocketProcessorBase.run(SocketProcessorBase.java:52)
	at org.apache.tomcat.util.threads.ThreadPoolExecutor.runWorker(ThreadPoolExecutor.java:973)
	at org.apache.tomcat.util.threads.ThreadPoolExecutor$Worker.run(ThreadPoolExecutor.java:491)
	at org.apache.tomcat.util.threads.TaskThread$WrappingRunnable.run(TaskThread.java:63)
	at java.base/java.lang.Thread.run(Thread.java:842)
2026-01-12 19:03:49 [http-nio-8989-exec-8] DEBUG o.s.security.web.FilterChainProxy - Securing POST /error
2026-01-12 19:03:49 [http-nio-8989-exec-8] DEBUG o.s.security.web.FilterChainProxy - Secured POST /error
2026-01-12 19:03:49 [http-nio-8989-exec-8] DEBUG o.s.web.servlet.DispatcherServlet - "ERROR" dispatch for POST "/error", parameters={}
2026-01-12 19:03:49 [http-nio-8989-exec-8] DEBUG o.s.w.s.m.m.a.RequestMappingHandlerMapping - Mapped to org.springframework.boot.autoconfigure.web.servlet.error.BasicErrorController#error(HttpServletRequest)
2026-01-12 19:03:49 [http-nio-8989-exec-8] DEBUG o.s.w.s.m.m.a.HttpEntityMethodProcessor - Using 'application/json', given [*/*] and supported [application/json, application/*+json]
2026-01-12 19:03:49 [http-nio-8989-exec-8] DEBUG o.s.w.s.m.m.a.HttpEntityMethodProcessor - Writing [{timestamp=Mon Jan 12 19:03:49 IST 2026, status=500, error=Internal Server Error, trace=com.app.bank (truncated)...]
2026-01-12 19:03:49 [http-nio-8989-exec-8] DEBUG o.s.web.servlet.DispatcherServlet - Exiting from "ERROR" dispatch, status 500
2026-01-12 19:03:49 [http-nio-8989-exec-8] DEBUG o.s.s.w.a.AnonymousAuthenticationFilter - Set SecurityContextHolder to anonymous SecurityContext
2026-01-12 19:03:57 [http-nio-8989-exec-9] DEBUG o.s.security.web.FilterChainProxy - Securing POST /api/v1/auth/apply-loan
2026-01-12 19:03:57 [http-nio-8989-exec-9] DEBUG org.hibernate.SQL - 
    select
        u1_0.id,
        u1_0.aadhar_number,
        u1_0.address,
        u1_0.created_at,
        u1_0.email,
        u1_0.failed_login_attempts,
        u1_0.first_name,
        u1_0.last_login_at,
        u1_0.last_name,
        u1_0.monthly_income,
        u1_0.pan_number,
        u1_0.password,
        u1_0.phone,
        u1_0.role,
        u1_0.status,
        u1_0.username 
    from
        users u1_0 
    where
        u1_0.username=?
2026-01-12 19:03:57 [http-nio-8989-exec-9] DEBUG o.s.security.web.FilterChainProxy - Secured POST /api/v1/auth/apply-loan
2026-01-12 19:03:57 [http-nio-8989-exec-9] DEBUG o.s.web.servlet.DispatcherServlet - POST "/api/v1/auth/apply-loan", parameters={}
2026-01-12 19:03:57 [http-nio-8989-exec-9] DEBUG o.s.w.s.m.m.a.RequestMappingHandlerMapping - Mapped to com.app.bank.web.controller.LoanController#applyForLoan(LoanRequest, Authentication)
2026-01-12 19:03:57 [http-nio-8989-exec-9] DEBUG o.s.w.s.m.m.a.RequestResponseBodyMethodProcessor - Read "application/json;charset=UTF-8" to [com.app.bank.web.dto.LoanRequest@2d13b072]
2026-01-12 19:03:57 [http-nio-8989-exec-9] DEBUG org.hibernate.SQL - 
    select
        u1_0.id,
        u1_0.aadhar_number,
        u1_0.address,
        u1_0.created_at,
        u1_0.email,
        u1_0.failed_login_attempts,
        u1_0.first_name,
        u1_0.last_login_at,
        u1_0.last_name,
        u1_0.monthly_income,
        u1_0.pan_number,
        u1_0.password,
        u1_0.phone,
        u1_0.role,
        u1_0.status,
        u1_0.username 
    from
        users u1_0 
    where
        u1_0.username=?
2026-01-12 19:03:57 [http-nio-8989-exec-9] DEBUG org.hibernate.SQL - 
    select
        a1_0.id,
        a1_0.account_number,
        a1_0.account_type,
        a1_0.balance,
        a1_0.created_at,
        a1_0.interest_rate,
        a1_0.last_transaction_at,
        a1_0.minimum_balance,
        a1_0.status,
        a1_0.user_id 
    from
        accounts a1_0 
    where
        a1_0.account_number=?
2026-01-12 19:03:57 [http-nio-8989-exec-9] DEBUG org.hibernate.SQL - 
    select
        count(l1_0.id) 
    from
        loans l1_0 
    left join
        users u1_0 
            on u1_0.id=l1_0.user_id 
    where
        u1_0.id=? 
        and l1_0.status=?
2026-01-12 19:03:57 [http-nio-8989-exec-9] DEBUG o.s.web.servlet.DispatcherServlet - Failed to complete request: com.app.bank.web.exception.BankException: Loan application is not eligible
2026-01-12 19:03:57 [http-nio-8989-exec-9] ERROR o.a.c.c.C.[.[.[.[dispatcherServlet] - Servlet.service() for servlet [dispatcherServlet] in context with path [] threw exception [Request processing failed: com.app.bank.web.exception.BankException: Loan application is not eligible] with root cause
com.app.bank.web.exception.BankException: Loan application is not eligible
	at com.app.bank.web.service.LoanService.applyForLoan(LoanService.java:55)
	at java.base/jdk.internal.reflect.NativeMethodAccessorImpl.invoke0(Native Method)
	at java.base/jdk.internal.reflect.NativeMethodAccessorImpl.invoke(NativeMethodAccessorImpl.java:77)
	at java.base/jdk.internal.reflect.DelegatingMethodAccessorImpl.invoke(DelegatingMethodAccessorImpl.java:43)
	at java.base/java.lang.reflect.Method.invoke(Method.java:568)
	at org.springframework.aop.support.AopUtils.invokeJoinpointUsingReflection(AopUtils.java:360)
	at org.springframework.aop.framework.ReflectiveMethodInvocation.invokeJoinpoint(ReflectiveMethodInvocation.java:196)
	at org.springframework.aop.framework.ReflectiveMethodInvocation.proceed(ReflectiveMethodInvocation.java:163)
	at org.springframework.transaction.interceptor.TransactionAspectSupport.invokeWithinTransaction(TransactionAspectSupport.java:380)
	at org.springframework.transaction.interceptor.TransactionInterceptor.invoke(TransactionInterceptor.java:119)
	at org.springframework.aop.framework.ReflectiveMethodInvocation.proceed(ReflectiveMethodInvocation.java:184)
	at org.springframework.aop.framework.CglibAopProxy$DynamicAdvisedInterceptor.intercept(CglibAopProxy.java:728)
	at com.app.bank.web.service.LoanService$$SpringCGLIB$$0.applyForLoan(<generated>)
	at com.app.bank.web.controller.LoanController.applyForLoan(LoanController.java:35)
	at java.base/jdk.internal.reflect.NativeMethodAccessorImpl.invoke0(Native Method)
	at java.base/jdk.internal.reflect.NativeMethodAccessorImpl.invoke(NativeMethodAccessorImpl.java:77)
	at java.base/jdk.internal.reflect.DelegatingMethodAccessorImpl.invoke(DelegatingMethodAccessorImpl.java:43)
	at java.base/java.lang.reflect.Method.invoke(Method.java:568)
	at org.springframework.web.method.support.InvocableHandlerMethod.doInvoke(InvocableHandlerMethod.java:258)
	at org.springframework.web.method.support.InvocableHandlerMethod.invokeForRequest(InvocableHandlerMethod.java:191)
	at org.springframework.web.servlet.mvc.method.annotation.ServletInvocableHandlerMethod.invokeAndHandle(ServletInvocableHandlerMethod.java:118)
	at org.springframework.web.servlet.mvc.method.annotation.RequestMappingHandlerAdapter.invokeHandlerMethod(RequestMappingHandlerAdapter.java:991)
	at org.springframework.web.servlet.mvc.method.annotation.RequestMappingHandlerAdapter.handleInternal(RequestMappingHandlerAdapter.java:896)
	at org.springframework.web.servlet.mvc.method.AbstractHandlerMethodAdapter.handle(AbstractHandlerMethodAdapter.java:87)
	at org.springframework.web.servlet.DispatcherServlet.doDispatch(DispatcherServlet.java:1089)
	at org.springframework.web.servlet.DispatcherServlet.doService(DispatcherServlet.java:979)
	at org.springframework.web.servlet.FrameworkServlet.processRequest(FrameworkServlet.java:1014)
	at org.springframework.web.servlet.FrameworkServlet.doPost(FrameworkServlet.java:914)
	at jakarta.servlet.http.HttpServlet.service(HttpServlet.java:590)
	at org.springframework.web.servlet.FrameworkServlet.service(FrameworkServlet.java:885)
	at jakarta.servlet.http.HttpServlet.service(HttpServlet.java:658)
	at org.apache.catalina.core.ApplicationFilterChain.internalDoFilter(ApplicationFilterChain.java:193)
	at org.apache.catalina.core.ApplicationFilterChain.doFilter(ApplicationFilterChain.java:138)
	at org.apache.tomcat.websocket.server.WsFilter.doFilter(WsFilter.java:51)
	at org.apache.catalina.core.ApplicationFilterChain.internalDoFilter(ApplicationFilterChain.java:162)
	at org.apache.catalina.core.ApplicationFilterChain.doFilter(ApplicationFilterChain.java:138)
	at org.springframework.web.filter.OncePerRequestFilter.doFilter(OncePerRequestFilter.java:110)
	at org.apache.catalina.core.ApplicationFilterChain.internalDoFilter(ApplicationFilterChain.java:162)
	at org.apache.catalina.core.ApplicationFilterChain.doFilter(ApplicationFilterChain.java:138)
	at org.springframework.web.filter.CompositeFilter$VirtualFilterChain.doFilter(CompositeFilter.java:108)
	at org.springframework.web.filter.CompositeFilter$VirtualFilterChain.doFilter(CompositeFilter.java:108)
	at org.springframework.security.web.FilterChainProxy.lambda$doFilterInternal$3(FilterChainProxy.java:231)
	at org.springframework.security.web.FilterChainProxy$VirtualFilterChain.doFilter(FilterChainProxy.java:365)
	at org.springframework.security.web.access.intercept.AuthorizationFilter.doFilter(AuthorizationFilter.java:101)
	at org.springframework.security.web.FilterChainProxy$VirtualFilterChain.doFilter(FilterChainProxy.java:374)
	at org.springframework.security.web.access.ExceptionTranslationFilter.doFilter(ExceptionTranslationFilter.java:125)
	at org.springframework.security.web.access.ExceptionTranslationFilter.doFilter(ExceptionTranslationFilter.java:119)
	at org.springframework.security.web.FilterChainProxy$VirtualFilterChain.doFilter(FilterChainProxy.java:374)
	at org.springframework.security.web.session.SessionManagementFilter.doFilter(SessionManagementFilter.java:131)
	at org.springframework.security.web.session.SessionManagementFilter.doFilter(SessionManagementFilter.java:85)
	at org.springframework.security.web.FilterChainProxy$VirtualFilterChain.doFilter(FilterChainProxy.java:374)
	at org.springframework.security.web.authentication.AnonymousAuthenticationFilter.doFilter(AnonymousAuthenticationFilter.java:100)
	at org.springframework.security.web.FilterChainProxy$VirtualFilterChain.doFilter(FilterChainProxy.java:374)
	at org.springframework.security.web.servletapi.SecurityContextHolderAwareRequestFilter.doFilter(SecurityContextHolderAwareRequestFilter.java:179)
	at org.springframework.security.web.FilterChainProxy$VirtualFilterChain.doFilter(FilterChainProxy.java:374)
	at org.springframework.security.web.savedrequest.RequestCacheAwareFilter.doFilter(RequestCacheAwareFilter.java:63)
	at org.springframework.security.web.FilterChainProxy$VirtualFilterChain.doFilter(FilterChainProxy.java:374)
	at com.app.bank.web.security.JwtAuthenticationFilter.doFilterInternal(JwtAuthenticationFilter.java:137)
	at org.springframework.web.filter.OncePerRequestFilter.doFilter(OncePerRequestFilter.java:116)
	at org.springframework.security.web.FilterChainProxy$VirtualFilterChain.doFilter(FilterChainProxy.java:374)
	at org.springframework.security.web.authentication.logout.LogoutFilter.doFilter(LogoutFilter.java:107)
	at org.springframework.security.web.authentication.logout.LogoutFilter.doFilter(LogoutFilter.java:93)
	at org.springframework.security.web.FilterChainProxy$VirtualFilterChain.doFilter(FilterChainProxy.java:374)
	at org.springframework.web.filter.CorsFilter.doFilterInternal(CorsFilter.java:91)
	at org.springframework.web.filter.OncePerRequestFilter.doFilter(OncePerRequestFilter.java:116)
	at org.springframework.security.web.FilterChainProxy$VirtualFilterChain.doFilter(FilterChainProxy.java:374)
	at org.springframework.security.web.header.HeaderWriterFilter.doHeadersAfter(HeaderWriterFilter.java:90)
	at org.springframework.security.web.header.HeaderWriterFilter.doFilterInternal(HeaderWriterFilter.java:75)
	at org.springframework.web.filter.OncePerRequestFilter.doFilter(OncePerRequestFilter.java:116)
	at org.springframework.security.web.FilterChainProxy$VirtualFilterChain.doFilter(FilterChainProxy.java:374)
	at org.springframework.security.web.context.SecurityContextHolderFilter.doFilter(SecurityContextHolderFilter.java:82)
	at org.springframework.security.web.context.SecurityContextHolderFilter.doFilter(SecurityContextHolderFilter.java:69)
	at org.springframework.security.web.FilterChainProxy$VirtualFilterChain.doFilter(FilterChainProxy.java:374)
	at org.springframework.security.web.context.request.async.WebAsyncManagerIntegrationFilter.doFilterInternal(WebAsyncManagerIntegrationFilter.java:62)
	at org.springframework.web.filter.OncePerRequestFilter.doFilter(OncePerRequestFilter.java:116)
	at org.springframework.security.web.FilterChainProxy$VirtualFilterChain.doFilter(FilterChainProxy.java:374)
	at org.springframework.security.web.session.DisableEncodeUrlFilter.doFilterInternal(DisableEncodeUrlFilter.java:42)
	at org.springframework.web.filter.OncePerRequestFilter.doFilter(OncePerRequestFilter.java:116)
	at org.springframework.security.web.FilterChainProxy$VirtualFilterChain.doFilter(FilterChainProxy.java:374)
	at org.springframework.security.web.FilterChainProxy.doFilterInternal(FilterChainProxy.java:233)
	at org.springframework.security.web.FilterChainProxy.doFilter(FilterChainProxy.java:191)
	at org.springframework.web.filter.CompositeFilter$VirtualFilterChain.doFilter(CompositeFilter.java:113)
	at org.springframework.web.filter.ServletRequestPathFilter.doFilter(ServletRequestPathFilter.java:52)
	at org.springframework.web.filter.CompositeFilter$VirtualFilterChain.doFilter(CompositeFilter.java:113)
	at org.springframework.web.filter.CompositeFilter.doFilter(CompositeFilter.java:74)
	at org.springframework.security.config.annotation.web.configuration.WebSecurityConfiguration$CompositeFilterChainProxy.doFilter(WebSecurityConfiguration.java:319)
	at org.springframework.web.filter.CompositeFilter$VirtualFilterChain.doFilter(CompositeFilter.java:113)
	at org.springframework.web.servlet.handler.HandlerMappingIntrospector.lambda$createCacheFilter$4(HandlerMappingIntrospector.java:267)
	at org.springframework.web.filter.CompositeFilter$VirtualFilterChain.doFilter(CompositeFilter.java:113)
	at org.springframework.web.filter.CompositeFilter.doFilter(CompositeFilter.java:74)
	at org.springframework.security.config.annotation.web.configuration.WebMvcSecurityConfiguration$CompositeFilterChainProxy.doFilter(WebMvcSecurityConfiguration.java:240)
	at org.springframework.web.filter.DelegatingFilterProxy.invokeDelegate(DelegatingFilterProxy.java:362)
	at org.springframework.web.filter.DelegatingFilterProxy.doFilter(DelegatingFilterProxy.java:278)
	at org.apache.catalina.core.ApplicationFilterChain.internalDoFilter(ApplicationFilterChain.java:162)
	at org.apache.catalina.core.ApplicationFilterChain.doFilter(ApplicationFilterChain.java:138)
	at org.springframework.web.filter.RequestContextFilter.doFilterInternal(RequestContextFilter.java:100)
	at org.springframework.web.filter.OncePerRequestFilter.doFilter(OncePerRequestFilter.java:116)
	at org.apache.catalina.core.ApplicationFilterChain.internalDoFilter(ApplicationFilterChain.java:162)
	at org.apache.catalina.core.ApplicationFilterChain.doFilter(ApplicationFilterChain.java:138)
	at org.springframework.web.filter.FormContentFilter.doFilterInternal(FormContentFilter.java:93)
	at org.springframework.web.filter.OncePerRequestFilter.doFilter(OncePerRequestFilter.java:116)
	at org.apache.catalina.core.ApplicationFilterChain.internalDoFilter(ApplicationFilterChain.java:162)
	at org.apache.catalina.core.ApplicationFilterChain.doFilter(ApplicationFilterChain.java:138)
	at org.springframework.web.filter.CharacterEncodingFilter.doFilterInternal(CharacterEncodingFilter.java:201)
	at org.springframework.web.filter.OncePerRequestFilter.doFilter(OncePerRequestFilter.java:116)
	at org.apache.catalina.core.ApplicationFilterChain.internalDoFilter(ApplicationFilterChain.java:162)
	at org.apache.catalina.core.ApplicationFilterChain.doFilter(ApplicationFilterChain.java:138)
	at org.apache.catalina.core.StandardWrapperValve.invoke(StandardWrapperValve.java:165)
	at org.apache.catalina.core.StandardContextValve.invoke(StandardContextValve.java:88)
	at org.apache.catalina.authenticator.AuthenticatorBase.invoke(AuthenticatorBase.java:482)
	at org.apache.catalina.core.StandardHostValve.invoke(StandardHostValve.java:113)
	at org.apache.catalina.valves.ErrorReportValve.invoke(ErrorReportValve.java:83)
	at org.apache.catalina.core.StandardEngineValve.invoke(StandardEngineValve.java:72)
	at org.apache.catalina.connector.CoyoteAdapter.service(CoyoteAdapter.java:342)
	at org.apache.coyote.http11.Http11Processor.service(Http11Processor.java:399)
	at org.apache.coyote.AbstractProcessorLight.process(AbstractProcessorLight.java:63)
	at org.apache.coyote.AbstractProtocol$ConnectionHandler.process(AbstractProtocol.java:903)
	at org.apache.tomcat.util.net.NioEndpoint$SocketProcessor.doRun(NioEndpoint.java:1774)
	at org.apache.tomcat.util.net.SocketProcessorBase.run(SocketProcessorBase.java:52)
	at org.apache.tomcat.util.threads.ThreadPoolExecutor.runWorker(ThreadPoolExecutor.java:973)
	at org.apache.tomcat.util.threads.ThreadPoolExecutor$Worker.run(ThreadPoolExecutor.java:491)
	at org.apache.tomcat.util.threads.TaskThread$WrappingRunnable.run(TaskThread.java:63)
	at java.base/java.lang.Thread.run(Thread.java:842)
2026-01-12 19:03:57 [http-nio-8989-exec-9] DEBUG o.s.security.web.FilterChainProxy - Securing POST /error
2026-01-12 19:03:57 [http-nio-8989-exec-9] DEBUG o.s.security.web.FilterChainProxy - Secured POST /error
2026-01-12 19:03:57 [http-nio-8989-exec-9] DEBUG o.s.web.servlet.DispatcherServlet - "ERROR" dispatch for POST "/error", parameters={}
2026-01-12 19:03:57 [http-nio-8989-exec-9] DEBUG o.s.w.s.m.m.a.RequestMappingHandlerMapping - Mapped to org.springframework.boot.autoconfigure.web.servlet.error.BasicErrorController#error(HttpServletRequest)
2026-01-12 19:03:57 [http-nio-8989-exec-9] DEBUG o.s.w.s.m.m.a.HttpEntityMethodProcessor - Using 'application/json', given [*/*] and supported [application/json, application/*+json]
2026-01-12 19:03:57 [http-nio-8989-exec-9] DEBUG o.s.w.s.m.m.a.HttpEntityMethodProcessor - Writing [{timestamp=Mon Jan 12 19:03:57 IST 2026, status=500, error=Internal Server Error, trace=com.app.bank (truncated)...]
2026-01-12 19:03:57 [http-nio-8989-exec-9] DEBUG o.s.web.servlet.DispatcherServlet - Exiting from "ERROR" dispatch, status 500
2026-01-12 19:03:57 [http-nio-8989-exec-9] DEBUG o.s.s.w.a.AnonymousAuthenticationFilter - Set SecurityContextHolder to anonymous SecurityContext
2026-01-12 19:04:38 [http-nio-8989-exec-4] DEBUG o.s.security.web.FilterChainProxy - Securing POST /api/v1/auth/login
2026-01-12 19:04:38 [http-nio-8989-exec-4] DEBUG o.s.s.w.a.AnonymousAuthenticationFilter - Set SecurityContextHolder to anonymous SecurityContext
2026-01-12 19:04:38 [http-nio-8989-exec-4] DEBUG o.s.security.web.FilterChainProxy - Secured POST /api/v1/auth/login
2026-01-12 19:04:38 [http-nio-8989-exec-4] DEBUG o.s.web.servlet.DispatcherServlet - POST "/api/v1/auth/login", parameters={}
2026-01-12 19:04:38 [http-nio-8989-exec-4] DEBUG o.s.w.s.m.m.a.RequestMappingHandlerMapping - Mapped to com.app.bank.web.controller.AuthController#loginUser(LoginRequest)
2026-01-12 19:04:38 [http-nio-8989-exec-4] DEBUG o.s.w.s.m.m.a.RequestResponseBodyMethodProcessor - Read "application/json;charset=UTF-8" to [com.app.bank.web.dto.LoginRequest@7126b9ed]
2026-01-12 19:04:39 [http-nio-8989-exec-4] DEBUG org.hibernate.SQL - 
    select
        u1_0.id,
        u1_0.aadhar_number,
        u1_0.address,
        u1_0.created_at,
        u1_0.email,
        u1_0.failed_login_attempts,
        u1_0.first_name,
        u1_0.last_login_at,
        u1_0.last_name,
        u1_0.monthly_income,
        u1_0.pan_number,
        u1_0.password,
        u1_0.phone,
        u1_0.role,
        u1_0.status,
        u1_0.username 
    from
        users u1_0 
    where
        u1_0.username=?
2026-01-12 19:04:39 [http-nio-8989-exec-4] DEBUG o.s.s.a.d.DaoAuthenticationProvider - Authenticated user
2026-01-12 19:04:39 [http-nio-8989-exec-4] DEBUG o.s.w.s.m.m.a.HttpEntityMethodProcessor - Using 'application/json', given [*/*] and supported [application/json, application/*+json]
2026-01-12 19:04:39 [http-nio-8989-exec-4] DEBUG o.s.w.s.m.m.a.HttpEntityMethodProcessor - Writing [{tokenType=Bearer, token=eyJhbGciOiJIUzUxMiJ9.eyJzdWIiOiJrYWRpcjU2IiwiY3JlYXRlZCI6MTc2ODIyNDg3OTgxNC (truncated)...]
2026-01-12 19:04:39 [http-nio-8989-exec-4] DEBUG o.s.web.servlet.DispatcherServlet - Completed 200 OK
2026-01-12 19:05:22 [http-nio-8989-exec-1] DEBUG o.s.security.web.FilterChainProxy - Securing POST /api/v1/auth/apply-loan
2026-01-12 19:05:22 [http-nio-8989-exec-1] DEBUG org.hibernate.SQL - 
    select
        u1_0.id,
        u1_0.aadhar_number,
        u1_0.address,
        u1_0.created_at,
        u1_0.email,
        u1_0.failed_login_attempts,
        u1_0.first_name,
        u1_0.last_login_at,
        u1_0.last_name,
        u1_0.monthly_income,
        u1_0.pan_number,
        u1_0.password,
        u1_0.phone,
        u1_0.role,
        u1_0.status,
        u1_0.username 
    from
        users u1_0 
    where
        u1_0.username=?
2026-01-12 19:05:22 [http-nio-8989-exec-1] DEBUG o.s.security.web.FilterChainProxy - Secured POST /api/v1/auth/apply-loan
2026-01-12 19:05:22 [http-nio-8989-exec-1] DEBUG o.s.web.servlet.DispatcherServlet - POST "/api/v1/auth/apply-loan", parameters={}
2026-01-12 19:05:22 [http-nio-8989-exec-1] DEBUG o.s.w.s.m.m.a.RequestMappingHandlerMapping - Mapped to com.app.bank.web.controller.LoanController#applyForLoan(LoanRequest, Authentication)
2026-01-12 19:05:22 [http-nio-8989-exec-1] DEBUG o.s.w.s.m.m.a.RequestResponseBodyMethodProcessor - Read "application/json;charset=UTF-8" to [com.app.bank.web.dto.LoanRequest@5153be29]
2026-01-12 19:05:22 [http-nio-8989-exec-1] DEBUG org.hibernate.SQL - 
    select
        u1_0.id,
        u1_0.aadhar_number,
        u1_0.address,
        u1_0.created_at,
        u1_0.email,
        u1_0.failed_login_attempts,
        u1_0.first_name,
        u1_0.last_login_at,
        u1_0.last_name,
        u1_0.monthly_income,
        u1_0.pan_number,
        u1_0.password,
        u1_0.phone,
        u1_0.role,
        u1_0.status,
        u1_0.username 
    from
        users u1_0 
    where
        u1_0.username=?
2026-01-12 19:05:22 [http-nio-8989-exec-1] DEBUG org.hibernate.SQL - 
    select
        a1_0.id,
        a1_0.account_number,
        a1_0.account_type,
        a1_0.balance,
        a1_0.created_at,
        a1_0.interest_rate,
        a1_0.last_transaction_at,
        a1_0.minimum_balance,
        a1_0.status,
        a1_0.user_id 
    from
        accounts a1_0 
    where
        a1_0.account_number=?
2026-01-12 19:05:22 [http-nio-8989-exec-1] DEBUG org.hibernate.SQL - 
    select
        count(l1_0.id) 
    from
        loans l1_0 
    left join
        users u1_0 
            on u1_0.id=l1_0.user_id 
    where
        u1_0.id=? 
        and l1_0.status=?
2026-01-12 19:05:22 [http-nio-8989-exec-1] DEBUG org.hibernate.SQL - 
    insert 
    into
        loans
        (applied_date, approved_by, approved_date, disbursement_date, emi_amount, interest_rate, account_id, loan_account_number, loan_type, maturity_date, principal_amount, status, tenure_months, total_amount, user_id) 
    values
        (?, ?, ?, ?, ?, ?, ?, ?, ?, ?, ?, ?, ?, ?, ?)
2026-01-12 19:05:22 [http-nio-8989-exec-1] DEBUG o.s.w.s.m.m.a.HttpEntityMethodProcessor - Using 'application/json', given [*/*] and supported [application/json, application/*+json]
2026-01-12 19:05:22 [http-nio-8989-exec-1] DEBUG o.s.w.s.m.m.a.HttpEntityMethodProcessor - Writing [com.app.bank.web.dto.LoanResponse@5ec49ad9]
2026-01-12 19:05:22 [http-nio-8989-exec-1] DEBUG o.s.web.servlet.DispatcherServlet - Completed 200 OK
2026-01-12 19:05:36 [http-nio-8989-exec-3] DEBUG o.s.security.web.FilterChainProxy - Securing POST /api/v1/auth/login
2026-01-12 19:05:36 [http-nio-8989-exec-3] DEBUG o.s.s.w.a.AnonymousAuthenticationFilter - Set SecurityContextHolder to anonymous SecurityContext
2026-01-12 19:05:36 [http-nio-8989-exec-3] DEBUG o.s.security.web.FilterChainProxy - Secured POST /api/v1/auth/login
2026-01-12 19:05:36 [http-nio-8989-exec-3] DEBUG o.s.web.servlet.DispatcherServlet - POST "/api/v1/auth/login", parameters={}
2026-01-12 19:05:36 [http-nio-8989-exec-3] DEBUG o.s.w.s.m.m.a.RequestMappingHandlerMapping - Mapped to com.app.bank.web.controller.AuthController#loginUser(LoginRequest)
2026-01-12 19:05:36 [http-nio-8989-exec-3] DEBUG o.s.w.s.m.m.a.RequestResponseBodyMethodProcessor - Read "application/json;charset=UTF-8" to [com.app.bank.web.dto.LoginRequest@2ba041aa]
2026-01-12 19:05:36 [http-nio-8989-exec-3] DEBUG org.hibernate.SQL - 
    select
        u1_0.id,
        u1_0.aadhar_number,
        u1_0.address,
        u1_0.created_at,
        u1_0.email,
        u1_0.failed_login_attempts,
        u1_0.first_name,
        u1_0.last_login_at,
        u1_0.last_name,
        u1_0.monthly_income,
        u1_0.pan_number,
        u1_0.password,
        u1_0.phone,
        u1_0.role,
        u1_0.status,
        u1_0.username 
    from
        users u1_0 
    where
        u1_0.username=?
2026-01-12 19:05:36 [http-nio-8989-exec-3] DEBUG o.s.s.a.d.DaoAuthenticationProvider - Authenticated user
2026-01-12 19:05:36 [http-nio-8989-exec-3] DEBUG o.s.w.s.m.m.a.HttpEntityMethodProcessor - Using 'application/json', given [*/*] and supported [application/json, application/*+json]
2026-01-12 19:05:36 [http-nio-8989-exec-3] DEBUG o.s.w.s.m.m.a.HttpEntityMethodProcessor - Writing [{tokenType=Bearer, token=eyJhbGciOiJIUzUxMiJ9.eyJzdWIiOiJhZG1pbjAxIiwiY3JlYXRlZCI6MTc2ODIyNDkzNjYwMC (truncated)...]
2026-01-12 19:05:36 [http-nio-8989-exec-3] DEBUG o.s.web.servlet.DispatcherServlet - Completed 200 OK
2026-01-12 19:05:48 [http-nio-8989-exec-5] DEBUG o.s.security.web.FilterChainProxy - Securing POST /api/v1/auth/6/approve-loan
2026-01-12 19:05:48 [http-nio-8989-exec-5] DEBUG org.hibernate.SQL - 
    select
        u1_0.id,
        u1_0.aadhar_number,
        u1_0.address,
        u1_0.created_at,
        u1_0.email,
        u1_0.failed_login_attempts,
        u1_0.first_name,
        u1_0.last_login_at,
        u1_0.last_name,
        u1_0.monthly_income,
        u1_0.pan_number,
        u1_0.password,
        u1_0.phone,
        u1_0.role,
        u1_0.status,
        u1_0.username 
    from
        users u1_0 
    where
        u1_0.username=?
2026-01-12 19:05:48 [http-nio-8989-exec-5] DEBUG o.s.security.web.FilterChainProxy - Secured POST /api/v1/auth/6/approve-loan
2026-01-12 19:05:48 [http-nio-8989-exec-5] DEBUG o.s.web.servlet.DispatcherServlet - POST "/api/v1/auth/6/approve-loan", parameters={}
2026-01-12 19:05:48 [http-nio-8989-exec-5] DEBUG o.s.w.s.m.m.a.RequestMappingHandlerMapping - Mapped to com.app.bank.web.controller.LoanController#approveLoan(Long, Authentication)
2026-01-12 19:05:48 [http-nio-8989-exec-5] DEBUG org.hibernate.SQL - 
    select
        l1_0.id,
        l1_0.applied_date,
        l1_0.approved_by,
        l1_0.approved_date,
        l1_0.disbursement_date,
        l1_0.emi_amount,
        l1_0.interest_rate,
        l1_0.account_id,
        la1_0.id,
        la1_0.account_number,
        la1_0.account_type,
        la1_0.balance,
        la1_0.created_at,
        la1_0.interest_rate,
        la1_0.last_transaction_at,
        la1_0.minimum_balance,
        la1_0.status,
        la1_0.user_id,
        u1_0.id,
        u1_0.aadhar_number,
        u1_0.address,
        u1_0.created_at,
        u1_0.email,
        u1_0.failed_login_attempts,
        u1_0.first_name,
        u1_0.last_login_at,
        u1_0.last_name,
        u1_0.monthly_income,
        u1_0.pan_number,
        u1_0.password,
        u1_0.phone,
        u1_0.role,
        u1_0.status,
        u1_0.username,
        l1_0.loan_account_number,
        l1_0.loan_type,
        l1_0.maturity_date,
        l1_0.principal_amount,
        l1_0.status,
        l1_0.tenure_months,
        l1_0.total_amount,
        l1_0.user_id,
        u2_0.id,
        u2_0.aadhar_number,
        u2_0.address,
        u2_0.created_at,
        u2_0.email,
        u2_0.failed_login_attempts,
        u2_0.first_name,
        u2_0.last_login_at,
        u2_0.last_name,
        u2_0.monthly_income,
        u2_0.pan_number,
        u2_0.password,
        u2_0.phone,
        u2_0.role,
        u2_0.status,
        u2_0.username 
    from
        loans l1_0 
    join
        accounts la1_0 
            on la1_0.id=l1_0.account_id 
    join
        users u1_0 
            on u1_0.id=la1_0.user_id 
    join
        users u2_0 
            on u2_0.id=l1_0.user_id 
    where
        l1_0.id=?
2026-01-12 19:05:48 [http-nio-8989-exec-5] DEBUG o.s.web.servlet.DispatcherServlet - Failed to complete request: com.app.bank.web.exception.BankException: Loan cannot be approved in current status
2026-01-12 19:05:48 [http-nio-8989-exec-5] ERROR o.a.c.c.C.[.[.[.[dispatcherServlet] - Servlet.service() for servlet [dispatcherServlet] in context with path [] threw exception [Request processing failed: com.app.bank.web.exception.BankException: Loan cannot be approved in current status] with root cause
com.app.bank.web.exception.BankException: Loan cannot be approved in current status
	at com.app.bank.web.service.LoanService.approveLoan(LoanService.java:82)
	at java.base/jdk.internal.reflect.NativeMethodAccessorImpl.invoke0(Native Method)
	at java.base/jdk.internal.reflect.NativeMethodAccessorImpl.invoke(NativeMethodAccessorImpl.java:77)
	at java.base/jdk.internal.reflect.DelegatingMethodAccessorImpl.invoke(DelegatingMethodAccessorImpl.java:43)
	at java.base/java.lang.reflect.Method.invoke(Method.java:568)
	at org.springframework.aop.support.AopUtils.invokeJoinpointUsingReflection(AopUtils.java:360)
	at org.springframework.aop.framework.ReflectiveMethodInvocation.invokeJoinpoint(ReflectiveMethodInvocation.java:196)
	at org.springframework.aop.framework.ReflectiveMethodInvocation.proceed(ReflectiveMethodInvocation.java:163)
	at org.springframework.transaction.interceptor.TransactionAspectSupport.invokeWithinTransaction(TransactionAspectSupport.java:380)
	at org.springframework.transaction.interceptor.TransactionInterceptor.invoke(TransactionInterceptor.java:119)
	at org.springframework.aop.framework.ReflectiveMethodInvocation.proceed(ReflectiveMethodInvocation.java:184)
	at org.springframework.aop.framework.CglibAopProxy$DynamicAdvisedInterceptor.intercept(CglibAopProxy.java:728)
	at com.app.bank.web.service.LoanService$$SpringCGLIB$$0.approveLoan(<generated>)
	at com.app.bank.web.controller.LoanController.approveLoan(LoanController.java:40)
	at java.base/jdk.internal.reflect.NativeMethodAccessorImpl.invoke0(Native Method)
	at java.base/jdk.internal.reflect.NativeMethodAccessorImpl.invoke(NativeMethodAccessorImpl.java:77)
	at java.base/jdk.internal.reflect.DelegatingMethodAccessorImpl.invoke(DelegatingMethodAccessorImpl.java:43)
	at java.base/java.lang.reflect.Method.invoke(Method.java:568)
	at org.springframework.web.method.support.InvocableHandlerMethod.doInvoke(InvocableHandlerMethod.java:258)
	at org.springframework.web.method.support.InvocableHandlerMethod.invokeForRequest(InvocableHandlerMethod.java:191)
	at org.springframework.web.servlet.mvc.method.annotation.ServletInvocableHandlerMethod.invokeAndHandle(ServletInvocableHandlerMethod.java:118)
	at org.springframework.web.servlet.mvc.method.annotation.RequestMappingHandlerAdapter.invokeHandlerMethod(RequestMappingHandlerAdapter.java:991)
	at org.springframework.web.servlet.mvc.method.annotation.RequestMappingHandlerAdapter.handleInternal(RequestMappingHandlerAdapter.java:896)
	at org.springframework.web.servlet.mvc.method.AbstractHandlerMethodAdapter.handle(AbstractHandlerMethodAdapter.java:87)
	at org.springframework.web.servlet.DispatcherServlet.doDispatch(DispatcherServlet.java:1089)
	at org.springframework.web.servlet.DispatcherServlet.doService(DispatcherServlet.java:979)
	at org.springframework.web.servlet.FrameworkServlet.processRequest(FrameworkServlet.java:1014)
	at org.springframework.web.servlet.FrameworkServlet.doPost(FrameworkServlet.java:914)
	at jakarta.servlet.http.HttpServlet.service(HttpServlet.java:590)
	at org.springframework.web.servlet.FrameworkServlet.service(FrameworkServlet.java:885)
	at jakarta.servlet.http.HttpServlet.service(HttpServlet.java:658)
	at org.apache.catalina.core.ApplicationFilterChain.internalDoFilter(ApplicationFilterChain.java:193)
	at org.apache.catalina.core.ApplicationFilterChain.doFilter(ApplicationFilterChain.java:138)
	at org.apache.tomcat.websocket.server.WsFilter.doFilter(WsFilter.java:51)
	at org.apache.catalina.core.ApplicationFilterChain.internalDoFilter(ApplicationFilterChain.java:162)
	at org.apache.catalina.core.ApplicationFilterChain.doFilter(ApplicationFilterChain.java:138)
	at org.springframework.web.filter.OncePerRequestFilter.doFilter(OncePerRequestFilter.java:110)
	at org.apache.catalina.core.ApplicationFilterChain.internalDoFilter(ApplicationFilterChain.java:162)
	at org.apache.catalina.core.ApplicationFilterChain.doFilter(ApplicationFilterChain.java:138)
	at org.springframework.web.filter.CompositeFilter$VirtualFilterChain.doFilter(CompositeFilter.java:108)
	at org.springframework.web.filter.CompositeFilter$VirtualFilterChain.doFilter(CompositeFilter.java:108)
	at org.springframework.security.web.FilterChainProxy.lambda$doFilterInternal$3(FilterChainProxy.java:231)
	at org.springframework.security.web.FilterChainProxy$VirtualFilterChain.doFilter(FilterChainProxy.java:365)
	at org.springframework.security.web.access.intercept.AuthorizationFilter.doFilter(AuthorizationFilter.java:101)
	at org.springframework.security.web.FilterChainProxy$VirtualFilterChain.doFilter(FilterChainProxy.java:374)
	at org.springframework.security.web.access.ExceptionTranslationFilter.doFilter(ExceptionTranslationFilter.java:125)
	at org.springframework.security.web.access.ExceptionTranslationFilter.doFilter(ExceptionTranslationFilter.java:119)
	at org.springframework.security.web.FilterChainProxy$VirtualFilterChain.doFilter(FilterChainProxy.java:374)
	at org.springframework.security.web.session.SessionManagementFilter.doFilter(SessionManagementFilter.java:131)
	at org.springframework.security.web.session.SessionManagementFilter.doFilter(SessionManagementFilter.java:85)
	at org.springframework.security.web.FilterChainProxy$VirtualFilterChain.doFilter(FilterChainProxy.java:374)
	at org.springframework.security.web.authentication.AnonymousAuthenticationFilter.doFilter(AnonymousAuthenticationFilter.java:100)
	at org.springframework.security.web.FilterChainProxy$VirtualFilterChain.doFilter(FilterChainProxy.java:374)
	at org.springframework.security.web.servletapi.SecurityContextHolderAwareRequestFilter.doFilter(SecurityContextHolderAwareRequestFilter.java:179)
	at org.springframework.security.web.FilterChainProxy$VirtualFilterChain.doFilter(FilterChainProxy.java:374)
	at org.springframework.security.web.savedrequest.RequestCacheAwareFilter.doFilter(RequestCacheAwareFilter.java:63)
	at org.springframework.security.web.FilterChainProxy$VirtualFilterChain.doFilter(FilterChainProxy.java:374)
	at com.app.bank.web.security.JwtAuthenticationFilter.doFilterInternal(JwtAuthenticationFilter.java:137)
	at org.springframework.web.filter.OncePerRequestFilter.doFilter(OncePerRequestFilter.java:116)
	at org.springframework.security.web.FilterChainProxy$VirtualFilterChain.doFilter(FilterChainProxy.java:374)
	at org.springframework.security.web.authentication.logout.LogoutFilter.doFilter(LogoutFilter.java:107)
	at org.springframework.security.web.authentication.logout.LogoutFilter.doFilter(LogoutFilter.java:93)
	at org.springframework.security.web.FilterChainProxy$VirtualFilterChain.doFilter(FilterChainProxy.java:374)
	at org.springframework.web.filter.CorsFilter.doFilterInternal(CorsFilter.java:91)
	at org.springframework.web.filter.OncePerRequestFilter.doFilter(OncePerRequestFilter.java:116)
	at org.springframework.security.web.FilterChainProxy$VirtualFilterChain.doFilter(FilterChainProxy.java:374)
	at org.springframework.security.web.header.HeaderWriterFilter.doHeadersAfter(HeaderWriterFilter.java:90)
	at org.springframework.security.web.header.HeaderWriterFilter.doFilterInternal(HeaderWriterFilter.java:75)
	at org.springframework.web.filter.OncePerRequestFilter.doFilter(OncePerRequestFilter.java:116)
	at org.springframework.security.web.FilterChainProxy$VirtualFilterChain.doFilter(FilterChainProxy.java:374)
	at org.springframework.security.web.context.SecurityContextHolderFilter.doFilter(SecurityContextHolderFilter.java:82)
	at org.springframework.security.web.context.SecurityContextHolderFilter.doFilter(SecurityContextHolderFilter.java:69)
	at org.springframework.security.web.FilterChainProxy$VirtualFilterChain.doFilter(FilterChainProxy.java:374)
	at org.springframework.security.web.context.request.async.WebAsyncManagerIntegrationFilter.doFilterInternal(WebAsyncManagerIntegrationFilter.java:62)
	at org.springframework.web.filter.OncePerRequestFilter.doFilter(OncePerRequestFilter.java:116)
	at org.springframework.security.web.FilterChainProxy$VirtualFilterChain.doFilter(FilterChainProxy.java:374)
	at org.springframework.security.web.session.DisableEncodeUrlFilter.doFilterInternal(DisableEncodeUrlFilter.java:42)
	at org.springframework.web.filter.OncePerRequestFilter.doFilter(OncePerRequestFilter.java:116)
	at org.springframework.security.web.FilterChainProxy$VirtualFilterChain.doFilter(FilterChainProxy.java:374)
	at org.springframework.security.web.FilterChainProxy.doFilterInternal(FilterChainProxy.java:233)
	at org.springframework.security.web.FilterChainProxy.doFilter(FilterChainProxy.java:191)
	at org.springframework.web.filter.CompositeFilter$VirtualFilterChain.doFilter(CompositeFilter.java:113)
	at org.springframework.web.filter.ServletRequestPathFilter.doFilter(ServletRequestPathFilter.java:52)
	at org.springframework.web.filter.CompositeFilter$VirtualFilterChain.doFilter(CompositeFilter.java:113)
	at org.springframework.web.filter.CompositeFilter.doFilter(CompositeFilter.java:74)
	at org.springframework.security.config.annotation.web.configuration.WebSecurityConfiguration$CompositeFilterChainProxy.doFilter(WebSecurityConfiguration.java:319)
	at org.springframework.web.filter.CompositeFilter$VirtualFilterChain.doFilter(CompositeFilter.java:113)
	at org.springframework.web.servlet.handler.HandlerMappingIntrospector.lambda$createCacheFilter$4(HandlerMappingIntrospector.java:267)
	at org.springframework.web.filter.CompositeFilter$VirtualFilterChain.doFilter(CompositeFilter.java:113)
	at org.springframework.web.filter.CompositeFilter.doFilter(CompositeFilter.java:74)
	at org.springframework.security.config.annotation.web.configuration.WebMvcSecurityConfiguration$CompositeFilterChainProxy.doFilter(WebMvcSecurityConfiguration.java:240)
	at org.springframework.web.filter.DelegatingFilterProxy.invokeDelegate(DelegatingFilterProxy.java:362)
	at org.springframework.web.filter.DelegatingFilterProxy.doFilter(DelegatingFilterProxy.java:278)
	at org.apache.catalina.core.ApplicationFilterChain.internalDoFilter(ApplicationFilterChain.java:162)
	at org.apache.catalina.core.ApplicationFilterChain.doFilter(ApplicationFilterChain.java:138)
	at org.springframework.web.filter.RequestContextFilter.doFilterInternal(RequestContextFilter.java:100)
	at org.springframework.web.filter.OncePerRequestFilter.doFilter(OncePerRequestFilter.java:116)
	at org.apache.catalina.core.ApplicationFilterChain.internalDoFilter(ApplicationFilterChain.java:162)
	at org.apache.catalina.core.ApplicationFilterChain.doFilter(ApplicationFilterChain.java:138)
	at org.springframework.web.filter.FormContentFilter.doFilterInternal(FormContentFilter.java:93)
	at org.springframework.web.filter.OncePerRequestFilter.doFilter(OncePerRequestFilter.java:116)
	at org.apache.catalina.core.ApplicationFilterChain.internalDoFilter(ApplicationFilterChain.java:162)
	at org.apache.catalina.core.ApplicationFilterChain.doFilter(ApplicationFilterChain.java:138)
	at org.springframework.web.filter.CharacterEncodingFilter.doFilterInternal(CharacterEncodingFilter.java:201)
	at org.springframework.web.filter.OncePerRequestFilter.doFilter(OncePerRequestFilter.java:116)
	at org.apache.catalina.core.ApplicationFilterChain.internalDoFilter(ApplicationFilterChain.java:162)
	at org.apache.catalina.core.ApplicationFilterChain.doFilter(ApplicationFilterChain.java:138)
	at org.apache.catalina.core.StandardWrapperValve.invoke(StandardWrapperValve.java:165)
	at org.apache.catalina.core.StandardContextValve.invoke(StandardContextValve.java:88)
	at org.apache.catalina.authenticator.AuthenticatorBase.invoke(AuthenticatorBase.java:482)
	at org.apache.catalina.core.StandardHostValve.invoke(StandardHostValve.java:113)
	at org.apache.catalina.valves.ErrorReportValve.invoke(ErrorReportValve.java:83)
	at org.apache.catalina.core.StandardEngineValve.invoke(StandardEngineValve.java:72)
	at org.apache.catalina.connector.CoyoteAdapter.service(CoyoteAdapter.java:342)
	at org.apache.coyote.http11.Http11Processor.service(Http11Processor.java:399)
	at org.apache.coyote.AbstractProcessorLight.process(AbstractProcessorLight.java:63)
	at org.apache.coyote.AbstractProtocol$ConnectionHandler.process(AbstractProtocol.java:903)
	at org.apache.tomcat.util.net.NioEndpoint$SocketProcessor.doRun(NioEndpoint.java:1774)
	at org.apache.tomcat.util.net.SocketProcessorBase.run(SocketProcessorBase.java:52)
	at org.apache.tomcat.util.threads.ThreadPoolExecutor.runWorker(ThreadPoolExecutor.java:973)
	at org.apache.tomcat.util.threads.ThreadPoolExecutor$Worker.run(ThreadPoolExecutor.java:491)
	at org.apache.tomcat.util.threads.TaskThread$WrappingRunnable.run(TaskThread.java:63)
	at java.base/java.lang.Thread.run(Thread.java:842)
2026-01-12 19:05:48 [http-nio-8989-exec-5] DEBUG o.s.security.web.FilterChainProxy - Securing POST /error
2026-01-12 19:05:48 [http-nio-8989-exec-5] DEBUG o.s.security.web.FilterChainProxy - Secured POST /error
2026-01-12 19:05:48 [http-nio-8989-exec-5] DEBUG o.s.web.servlet.DispatcherServlet - "ERROR" dispatch for POST "/error", parameters={}
2026-01-12 19:05:48 [http-nio-8989-exec-5] DEBUG o.s.w.s.m.m.a.RequestMappingHandlerMapping - Mapped to org.springframework.boot.autoconfigure.web.servlet.error.BasicErrorController#error(HttpServletRequest)
2026-01-12 19:05:48 [http-nio-8989-exec-5] DEBUG o.s.w.s.m.m.a.HttpEntityMethodProcessor - Using 'application/json', given [*/*] and supported [application/json, application/*+json]
2026-01-12 19:05:48 [http-nio-8989-exec-5] DEBUG o.s.w.s.m.m.a.HttpEntityMethodProcessor - Writing [{timestamp=Mon Jan 12 19:05:48 IST 2026, status=500, error=Internal Server Error, trace=com.app.bank (truncated)...]
2026-01-12 19:05:48 [http-nio-8989-exec-5] DEBUG o.s.web.servlet.DispatcherServlet - Exiting from "ERROR" dispatch, status 500
2026-01-12 19:05:48 [http-nio-8989-exec-5] DEBUG o.s.s.w.a.AnonymousAuthenticationFilter - Set SecurityContextHolder to anonymous SecurityContext
2026-01-12 19:06:17 [http-nio-8989-exec-2] DEBUG o.s.security.web.FilterChainProxy - Securing POST /api/v1/auth/7/approve-loan
2026-01-12 19:06:17 [http-nio-8989-exec-2] DEBUG org.hibernate.SQL - 
    select
        u1_0.id,
        u1_0.aadhar_number,
        u1_0.address,
        u1_0.created_at,
        u1_0.email,
        u1_0.failed_login_attempts,
        u1_0.first_name,
        u1_0.last_login_at,
        u1_0.last_name,
        u1_0.monthly_income,
        u1_0.pan_number,
        u1_0.password,
        u1_0.phone,
        u1_0.role,
        u1_0.status,
        u1_0.username 
    from
        users u1_0 
    where
        u1_0.username=?
2026-01-12 19:06:17 [http-nio-8989-exec-2] DEBUG o.s.security.web.FilterChainProxy - Secured POST /api/v1/auth/7/approve-loan
2026-01-12 19:06:17 [http-nio-8989-exec-2] DEBUG o.s.web.servlet.DispatcherServlet - POST "/api/v1/auth/7/approve-loan", parameters={}
2026-01-12 19:06:17 [http-nio-8989-exec-2] DEBUG o.s.w.s.m.m.a.RequestMappingHandlerMapping - Mapped to com.app.bank.web.controller.LoanController#approveLoan(Long, Authentication)
2026-01-12 19:06:17 [http-nio-8989-exec-2] DEBUG org.hibernate.SQL - 
    select
        l1_0.id,
        l1_0.applied_date,
        l1_0.approved_by,
        l1_0.approved_date,
        l1_0.disbursement_date,
        l1_0.emi_amount,
        l1_0.interest_rate,
        l1_0.account_id,
        la1_0.id,
        la1_0.account_number,
        la1_0.account_type,
        la1_0.balance,
        la1_0.created_at,
        la1_0.interest_rate,
        la1_0.last_transaction_at,
        la1_0.minimum_balance,
        la1_0.status,
        la1_0.user_id,
        u1_0.id,
        u1_0.aadhar_number,
        u1_0.address,
        u1_0.created_at,
        u1_0.email,
        u1_0.failed_login_attempts,
        u1_0.first_name,
        u1_0.last_login_at,
        u1_0.last_name,
        u1_0.monthly_income,
        u1_0.pan_number,
        u1_0.password,
        u1_0.phone,
        u1_0.role,
        u1_0.status,
        u1_0.username,
        l1_0.loan_account_number,
        l1_0.loan_type,
        l1_0.maturity_date,
        l1_0.principal_amount,
        l1_0.status,
        l1_0.tenure_months,
        l1_0.total_amount,
        l1_0.user_id,
        u2_0.id,
        u2_0.aadhar_number,
        u2_0.address,
        u2_0.created_at,
        u2_0.email,
        u2_0.failed_login_attempts,
        u2_0.first_name,
        u2_0.last_login_at,
        u2_0.last_name,
        u2_0.monthly_income,
        u2_0.pan_number,
        u2_0.password,
        u2_0.phone,
        u2_0.role,
        u2_0.status,
        u2_0.username 
    from
        loans l1_0 
    join
        accounts la1_0 
            on la1_0.id=l1_0.account_id 
    join
        users u1_0 
            on u1_0.id=la1_0.user_id 
    join
        users u2_0 
            on u2_0.id=l1_0.user_id 
    where
        l1_0.id=?
2026-01-12 19:06:17 [http-nio-8989-exec-2] DEBUG org.hibernate.SQL - 
    insert 
    into
        loan_repayments
        (created_at, created_by, due_amount, due_date, grace_period_end_date, installment_number, interest_amount, late_payment_fee, loan_id, paid_amount, payment_date, payment_mode, payment_reference, penalty_rate, principal_amount, remaining_principal, remarks, status, total_outstanding, transaction_id, updated_at, updated_by) 
    values
        (?, ?, ?, ?, ?, ?, ?, ?, ?, ?, ?, ?, ?, ?, ?, ?, ?, ?, ?, ?, ?, ?)
2026-01-12 19:06:17 [http-nio-8989-exec-2] WARN  o.h.e.jdbc.spi.SqlExceptionHelper - SQL Error: 1048, SQLState: 23000
2026-01-12 19:06:17 [http-nio-8989-exec-2] ERROR o.h.e.jdbc.spi.SqlExceptionHelper - Column 'payment_date' cannot be null
2026-01-12 19:06:17 [http-nio-8989-exec-2] DEBUG o.s.web.servlet.DispatcherServlet - Failed to complete request: org.springframework.dao.DataIntegrityViolationException: could not execute statement [Column 'payment_date' cannot be null] [insert into loan_repayments (created_at,created_by,due_amount,due_date,grace_period_end_date,installment_number,interest_amount,late_payment_fee,loan_id,paid_amount,payment_date,payment_mode,payment_reference,penalty_rate,principal_amount,remaining_principal,remarks,status,total_outstanding,transaction_id,updated_at,updated_by) values (?,?,?,?,?,?,?,?,?,?,?,?,?,?,?,?,?,?,?,?,?,?)]; SQL [insert into loan_repayments (created_at,created_by,due_amount,due_date,grace_period_end_date,installment_number,interest_amount,late_payment_fee,loan_id,paid_amount,payment_date,payment_mode,payment_reference,penalty_rate,principal_amount,remaining_principal,remarks,status,total_outstanding,transaction_id,updated_at,updated_by) values (?,?,?,?,?,?,?,?,?,?,?,?,?,?,?,?,?,?,?,?,?,?)]; constraint [null]
2026-01-12 19:06:17 [http-nio-8989-exec-2] ERROR o.a.c.c.C.[.[.[.[dispatcherServlet] - Servlet.service() for servlet [dispatcherServlet] in context with path [] threw exception [Request processing failed: org.springframework.dao.DataIntegrityViolationException: could not execute statement [Column 'payment_date' cannot be null] [insert into loan_repayments (created_at,created_by,due_amount,due_date,grace_period_end_date,installment_number,interest_amount,late_payment_fee,loan_id,paid_amount,payment_date,payment_mode,payment_reference,penalty_rate,principal_amount,remaining_principal,remarks,status,total_outstanding,transaction_id,updated_at,updated_by) values (?,?,?,?,?,?,?,?,?,?,?,?,?,?,?,?,?,?,?,?,?,?)]; SQL [insert into loan_repayments (created_at,created_by,due_amount,due_date,grace_period_end_date,installment_number,interest_amount,late_payment_fee,loan_id,paid_amount,payment_date,payment_mode,payment_reference,penalty_rate,principal_amount,remaining_principal,remarks,status,total_outstanding,transaction_id,updated_at,updated_by) values (?,?,?,?,?,?,?,?,?,?,?,?,?,?,?,?,?,?,?,?,?,?)]; constraint [null]] with root cause
java.sql.SQLIntegrityConstraintViolationException: Column 'payment_date' cannot be null
	at com.mysql.cj.jdbc.exceptions.SQLError.createSQLException(SQLError.java:109)
	at com.mysql.cj.jdbc.exceptions.SQLExceptionsMapping.translateException(SQLExceptionsMapping.java:114)
	at com.mysql.cj.jdbc.ClientPreparedStatement.executeInternal(ClientPreparedStatement.java:988)
	at com.mysql.cj.jdbc.ClientPreparedStatement.executeUpdateInternal(ClientPreparedStatement.java:1166)
	at com.mysql.cj.jdbc.ClientPreparedStatement.executeUpdateInternal(ClientPreparedStatement.java:1101)
	at com.mysql.cj.jdbc.ClientPreparedStatement.executeLargeUpdate(ClientPreparedStatement.java:1448)
	at com.mysql.cj.jdbc.ClientPreparedStatement.executeUpdate(ClientPreparedStatement.java:1084)
	at com.zaxxer.hikari.pool.ProxyPreparedStatement.executeUpdate(ProxyPreparedStatement.java:61)
	at com.zaxxer.hikari.pool.HikariProxyPreparedStatement.executeUpdate(HikariProxyPreparedStatement.java)
	at org.hibernate.engine.jdbc.internal.ResultSetReturnImpl.executeUpdate(ResultSetReturnImpl.java:194)
	at org.hibernate.id.insert.GetGeneratedKeysDelegate.performMutation(GetGeneratedKeysDelegate.java:116)
	at org.hibernate.engine.jdbc.mutation.internal.MutationExecutorSingleNonBatched.performNonBatchedOperations(MutationExecutorSingleNonBatched.java:47)
	at org.hibernate.engine.jdbc.mutation.internal.AbstractMutationExecutor.execute(AbstractMutationExecutor.java:55)
	at org.hibernate.persister.entity.mutation.InsertCoordinatorStandard.doStaticInserts(InsertCoordinatorStandard.java:194)
	at org.hibernate.persister.entity.mutation.InsertCoordinatorStandard.coordinateInsert(InsertCoordinatorStandard.java:132)
	at org.hibernate.persister.entity.mutation.InsertCoordinatorStandard.insert(InsertCoordinatorStandard.java:95)
	at org.hibernate.action.internal.EntityIdentityInsertAction.execute(EntityIdentityInsertAction.java:85)
	at org.hibernate.engine.spi.ActionQueue.execute(ActionQueue.java:682)
	at org.hibernate.engine.spi.ActionQueue.addResolvedEntityInsertAction(ActionQueue.java:293)
	at org.hibernate.engine.spi.ActionQueue.addInsertAction(ActionQueue.java:274)
	at org.hibernate.engine.spi.ActionQueue.addAction(ActionQueue.java:324)
	at org.hibernate.event.internal.AbstractSaveEventListener.addInsertAction(AbstractSaveEventListener.java:394)
	at org.hibernate.event.internal.AbstractSaveEventListener.performSaveOrReplicate(AbstractSaveEventListener.java:308)
	at org.hibernate.event.internal.AbstractSaveEventListener.performSave(AbstractSaveEventListener.java:224)
	at org.hibernate.event.internal.AbstractSaveEventListener.saveWithGeneratedId(AbstractSaveEventListener.java:136)
	at org.hibernate.event.internal.DefaultPersistEventListener.entityIsTransient(DefaultPersistEventListener.java:177)
	at org.hibernate.event.internal.DefaultPersistEventListener.persist(DefaultPersistEventListener.java:95)
	at org.hibernate.event.internal.DefaultPersistEventListener.onPersist(DefaultPersistEventListener.java:79)
	at org.hibernate.event.internal.DefaultPersistEventListener.onPersist(DefaultPersistEventListener.java:55)
	at org.hibernate.event.service.internal.EventListenerGroupImpl.fireEventOnEachListener(EventListenerGroupImpl.java:127)
	at org.hibernate.internal.SessionImpl.firePersist(SessionImpl.java:761)
	at org.hibernate.internal.SessionImpl.persist(SessionImpl.java:745)
	at java.base/jdk.internal.reflect.NativeMethodAccessorImpl.invoke0(Native Method)
	at java.base/jdk.internal.reflect.NativeMethodAccessorImpl.invoke(NativeMethodAccessorImpl.java:77)
	at java.base/jdk.internal.reflect.DelegatingMethodAccessorImpl.invoke(DelegatingMethodAccessorImpl.java:43)
	at java.base/java.lang.reflect.Method.invoke(Method.java:568)
	at org.springframework.orm.jpa.SharedEntityManagerCreator$SharedEntityManagerInvocationHandler.invoke(SharedEntityManagerCreator.java:320)
	at jdk.proxy4/jdk.proxy4.$Proxy136.persist(Unknown Source)
	at org.springframework.data.jpa.repository.support.SimpleJpaRepository.save(SimpleJpaRepository.java:654)
	at java.base/jdk.internal.reflect.NativeMethodAccessorImpl.invoke0(Native Method)
	at java.base/jdk.internal.reflect.NativeMethodAccessorImpl.invoke(NativeMethodAccessorImpl.java:77)
	at java.base/jdk.internal.reflect.DelegatingMethodAccessorImpl.invoke(DelegatingMethodAccessorImpl.java:43)
	at java.base/java.lang.reflect.Method.invoke(Method.java:568)
	at org.springframework.aop.support.AopUtils.invokeJoinpointUsingReflection(AopUtils.java:360)
	at org.springframework.data.repository.core.support.RepositoryMethodInvoker$RepositoryFragmentMethodInvoker.lambda$new$0(RepositoryMethodInvoker.java:277)
	at org.springframework.data.repository.core.support.RepositoryMethodInvoker.doInvoke(RepositoryMethodInvoker.java:170)
	at org.springframework.data.repository.core.support.RepositoryMethodInvoker.invoke(RepositoryMethodInvoker.java:158)
	at org.springframework.data.repository.core.support.RepositoryComposition$RepositoryFragments.invoke(RepositoryComposition.java:515)
	at org.springframework.data.repository.core.support.RepositoryComposition.invoke(RepositoryComposition.java:284)
	at org.springframework.data.repository.core.support.RepositoryFactorySupport$ImplementationMethodExecutionInterceptor.invoke(RepositoryFactorySupport.java:720)
	at org.springframework.aop.framework.ReflectiveMethodInvocation.proceed(ReflectiveMethodInvocation.java:184)
	at org.springframework.data.repository.core.support.QueryExecutorMethodInterceptor.doInvoke(QueryExecutorMethodInterceptor.java:174)
	at org.springframework.data.repository.core.support.QueryExecutorMethodInterceptor.invoke(QueryExecutorMethodInterceptor.java:149)
	at org.springframework.aop.framework.ReflectiveMethodInvocation.proceed(ReflectiveMethodInvocation.java:184)
	at org.springframework.data.projection.DefaultMethodInvokingMethodInterceptor.invoke(DefaultMethodInvokingMethodInterceptor.java:69)
	at org.springframework.aop.framework.ReflectiveMethodInvocation.proceed(ReflectiveMethodInvocation.java:184)
	at org.springframework.transaction.interceptor.TransactionAspectSupport.invokeWithinTransaction(TransactionAspectSupport.java:380)
	at org.springframework.transaction.interceptor.TransactionInterceptor.invoke(TransactionInterceptor.java:119)
	at org.springframework.aop.framework.ReflectiveMethodInvocation.proceed(ReflectiveMethodInvocation.java:184)
	at org.springframework.dao.support.PersistenceExceptionTranslationInterceptor.invoke(PersistenceExceptionTranslationInterceptor.java:138)
	at org.springframework.aop.framework.ReflectiveMethodInvocation.proceed(ReflectiveMethodInvocation.java:184)
	at org.springframework.data.jpa.repository.support.CrudMethodMetadataPostProcessor$CrudMethodMetadataPopulatingMethodInterceptor.invoke(CrudMethodMetadataPostProcessor.java:165)
	at org.springframework.aop.framework.ReflectiveMethodInvocation.proceed(ReflectiveMethodInvocation.java:184)
	at org.springframework.aop.framework.JdkDynamicAopProxy.invoke(JdkDynamicAopProxy.java:223)
	at jdk.proxy4/jdk.proxy4.$Proxy151.save(Unknown Source)
	at com.app.bank.web.service.LoanRepaymentService.generateRepaymentSchedule(LoanRepaymentService.java:87)
	at java.base/jdk.internal.reflect.NativeMethodAccessorImpl.invoke0(Native Method)
	at java.base/jdk.internal.reflect.NativeMethodAccessorImpl.invoke(NativeMethodAccessorImpl.java:77)
	at java.base/jdk.internal.reflect.DelegatingMethodAccessorImpl.invoke(DelegatingMethodAccessorImpl.java:43)
	at java.base/java.lang.reflect.Method.invoke(Method.java:568)
	at org.springframework.aop.support.AopUtils.invokeJoinpointUsingReflection(AopUtils.java:360)
	at org.springframework.aop.framework.ReflectiveMethodInvocation.invokeJoinpoint(ReflectiveMethodInvocation.java:196)
	at org.springframework.aop.framework.ReflectiveMethodInvocation.proceed(ReflectiveMethodInvocation.java:163)
	at org.springframework.transaction.interceptor.TransactionAspectSupport.invokeWithinTransaction(TransactionAspectSupport.java:380)
	at org.springframework.transaction.interceptor.TransactionInterceptor.invoke(TransactionInterceptor.java:119)
	at org.springframework.aop.framework.ReflectiveMethodInvocation.proceed(ReflectiveMethodInvocation.java:184)
	at org.springframework.aop.framework.CglibAopProxy$DynamicAdvisedInterceptor.intercept(CglibAopProxy.java:728)
	at com.app.bank.web.service.LoanRepaymentService$$SpringCGLIB$$0.generateRepaymentSchedule(<generated>)
	at com.app.bank.web.service.LoanService.approveLoan(LoanService.java:91)
	at java.base/jdk.internal.reflect.NativeMethodAccessorImpl.invoke0(Native Method)
	at java.base/jdk.internal.reflect.NativeMethodAccessorImpl.invoke(NativeMethodAccessorImpl.java:77)
	at java.base/jdk.internal.reflect.DelegatingMethodAccessorImpl.invoke(DelegatingMethodAccessorImpl.java:43)
	at java.base/java.lang.reflect.Method.invoke(Method.java:568)
	at org.springframework.aop.support.AopUtils.invokeJoinpointUsingReflection(AopUtils.java:360)
	at org.springframework.aop.framework.ReflectiveMethodInvocation.invokeJoinpoint(ReflectiveMethodInvocation.java:196)
	at org.springframework.aop.framework.ReflectiveMethodInvocation.proceed(ReflectiveMethodInvocation.java:163)
	at org.springframework.transaction.interceptor.TransactionAspectSupport.invokeWithinTransaction(TransactionAspectSupport.java:380)
	at org.springframework.transaction.interceptor.TransactionInterceptor.invoke(TransactionInterceptor.java:119)
	at org.springframework.aop.framework.ReflectiveMethodInvocation.proceed(ReflectiveMethodInvocation.java:184)
	at org.springframework.aop.framework.CglibAopProxy$DynamicAdvisedInterceptor.intercept(CglibAopProxy.java:728)
	at com.app.bank.web.service.LoanService$$SpringCGLIB$$0.approveLoan(<generated>)
	at com.app.bank.web.controller.LoanController.approveLoan(LoanController.java:40)
	at java.base/jdk.internal.reflect.NativeMethodAccessorImpl.invoke0(Native Method)
	at java.base/jdk.internal.reflect.NativeMethodAccessorImpl.invoke(NativeMethodAccessorImpl.java:77)
	at java.base/jdk.internal.reflect.DelegatingMethodAccessorImpl.invoke(DelegatingMethodAccessorImpl.java:43)
	at java.base/java.lang.reflect.Method.invoke(Method.java:568)
	at org.springframework.web.method.support.InvocableHandlerMethod.doInvoke(InvocableHandlerMethod.java:258)
	at org.springframework.web.method.support.InvocableHandlerMethod.invokeForRequest(InvocableHandlerMethod.java:191)
	at org.springframework.web.servlet.mvc.method.annotation.ServletInvocableHandlerMethod.invokeAndHandle(ServletInvocableHandlerMethod.java:118)
	at org.springframework.web.servlet.mvc.method.annotation.RequestMappingHandlerAdapter.invokeHandlerMethod(RequestMappingHandlerAdapter.java:991)
	at org.springframework.web.servlet.mvc.method.annotation.RequestMappingHandlerAdapter.handleInternal(RequestMappingHandlerAdapter.java:896)
	at org.springframework.web.servlet.mvc.method.AbstractHandlerMethodAdapter.handle(AbstractHandlerMethodAdapter.java:87)
	at org.springframework.web.servlet.DispatcherServlet.doDispatch(DispatcherServlet.java:1089)
	at org.springframework.web.servlet.DispatcherServlet.doService(DispatcherServlet.java:979)
	at org.springframework.web.servlet.FrameworkServlet.processRequest(FrameworkServlet.java:1014)
	at org.springframework.web.servlet.FrameworkServlet.doPost(FrameworkServlet.java:914)
	at jakarta.servlet.http.HttpServlet.service(HttpServlet.java:590)
	at org.springframework.web.servlet.FrameworkServlet.service(FrameworkServlet.java:885)
	at jakarta.servlet.http.HttpServlet.service(HttpServlet.java:658)
	at org.apache.catalina.core.ApplicationFilterChain.internalDoFilter(ApplicationFilterChain.java:193)
	at org.apache.catalina.core.ApplicationFilterChain.doFilter(ApplicationFilterChain.java:138)
	at org.apache.tomcat.websocket.server.WsFilter.doFilter(WsFilter.java:51)
	at org.apache.catalina.core.ApplicationFilterChain.internalDoFilter(ApplicationFilterChain.java:162)
	at org.apache.catalina.core.ApplicationFilterChain.doFilter(ApplicationFilterChain.java:138)
	at org.springframework.web.filter.OncePerRequestFilter.doFilter(OncePerRequestFilter.java:110)
	at org.apache.catalina.core.ApplicationFilterChain.internalDoFilter(ApplicationFilterChain.java:162)
	at org.apache.catalina.core.ApplicationFilterChain.doFilter(ApplicationFilterChain.java:138)
	at org.springframework.web.filter.CompositeFilter$VirtualFilterChain.doFilter(CompositeFilter.java:108)
	at org.springframework.web.filter.CompositeFilter$VirtualFilterChain.doFilter(CompositeFilter.java:108)
	at org.springframework.security.web.FilterChainProxy.lambda$doFilterInternal$3(FilterChainProxy.java:231)
	at org.springframework.security.web.FilterChainProxy$VirtualFilterChain.doFilter(FilterChainProxy.java:365)
	at org.springframework.security.web.access.intercept.AuthorizationFilter.doFilter(AuthorizationFilter.java:101)
	at org.springframework.security.web.FilterChainProxy$VirtualFilterChain.doFilter(FilterChainProxy.java:374)
	at org.springframework.security.web.access.ExceptionTranslationFilter.doFilter(ExceptionTranslationFilter.java:125)
	at org.springframework.security.web.access.ExceptionTranslationFilter.doFilter(ExceptionTranslationFilter.java:119)
	at org.springframework.security.web.FilterChainProxy$VirtualFilterChain.doFilter(FilterChainProxy.java:374)
	at org.springframework.security.web.session.SessionManagementFilter.doFilter(SessionManagementFilter.java:131)
	at org.springframework.security.web.session.SessionManagementFilter.doFilter(SessionManagementFilter.java:85)
	at org.springframework.security.web.FilterChainProxy$VirtualFilterChain.doFilter(FilterChainProxy.java:374)
	at org.springframework.security.web.authentication.AnonymousAuthenticationFilter.doFilter(AnonymousAuthenticationFilter.java:100)
	at org.springframework.security.web.FilterChainProxy$VirtualFilterChain.doFilter(FilterChainProxy.java:374)
	at org.springframework.security.web.servletapi.SecurityContextHolderAwareRequestFilter.doFilter(SecurityContextHolderAwareRequestFilter.java:179)
	at org.springframework.security.web.FilterChainProxy$VirtualFilterChain.doFilter(FilterChainProxy.java:374)
	at org.springframework.security.web.savedrequest.RequestCacheAwareFilter.doFilter(RequestCacheAwareFilter.java:63)
	at org.springframework.security.web.FilterChainProxy$VirtualFilterChain.doFilter(FilterChainProxy.java:374)
	at com.app.bank.web.security.JwtAuthenticationFilter.doFilterInternal(JwtAuthenticationFilter.java:137)
	at org.springframework.web.filter.OncePerRequestFilter.doFilter(OncePerRequestFilter.java:116)
	at org.springframework.security.web.FilterChainProxy$VirtualFilterChain.doFilter(FilterChainProxy.java:374)
	at org.springframework.security.web.authentication.logout.LogoutFilter.doFilter(LogoutFilter.java:107)
	at org.springframework.security.web.authentication.logout.LogoutFilter.doFilter(LogoutFilter.java:93)
	at org.springframework.security.web.FilterChainProxy$VirtualFilterChain.doFilter(FilterChainProxy.java:374)
	at org.springframework.web.filter.CorsFilter.doFilterInternal(CorsFilter.java:91)
	at org.springframework.web.filter.OncePerRequestFilter.doFilter(OncePerRequestFilter.java:116)
	at org.springframework.security.web.FilterChainProxy$VirtualFilterChain.doFilter(FilterChainProxy.java:374)
	at org.springframework.security.web.header.HeaderWriterFilter.doHeadersAfter(HeaderWriterFilter.java:90)
	at org.springframework.security.web.header.HeaderWriterFilter.doFilterInternal(HeaderWriterFilter.java:75)
	at org.springframework.web.filter.OncePerRequestFilter.doFilter(OncePerRequestFilter.java:116)
	at org.springframework.security.web.FilterChainProxy$VirtualFilterChain.doFilter(FilterChainProxy.java:374)
	at org.springframework.security.web.context.SecurityContextHolderFilter.doFilter(SecurityContextHolderFilter.java:82)
	at org.springframework.security.web.context.SecurityContextHolderFilter.doFilter(SecurityContextHolderFilter.java:69)
	at org.springframework.security.web.FilterChainProxy$VirtualFilterChain.doFilter(FilterChainProxy.java:374)
	at org.springframework.security.web.context.request.async.WebAsyncManagerIntegrationFilter.doFilterInternal(WebAsyncManagerIntegrationFilter.java:62)
	at org.springframework.web.filter.OncePerRequestFilter.doFilter(OncePerRequestFilter.java:116)
	at org.springframework.security.web.FilterChainProxy$VirtualFilterChain.doFilter(FilterChainProxy.java:374)
	at org.springframework.security.web.session.DisableEncodeUrlFilter.doFilterInternal(DisableEncodeUrlFilter.java:42)
	at org.springframework.web.filter.OncePerRequestFilter.doFilter(OncePerRequestFilter.java:116)
	at org.springframework.security.web.FilterChainProxy$VirtualFilterChain.doFilter(FilterChainProxy.java:374)
	at org.springframework.security.web.FilterChainProxy.doFilterInternal(FilterChainProxy.java:233)
	at org.springframework.security.web.FilterChainProxy.doFilter(FilterChainProxy.java:191)
	at org.springframework.web.filter.CompositeFilter$VirtualFilterChain.doFilter(CompositeFilter.java:113)
	at org.springframework.web.filter.ServletRequestPathFilter.doFilter(ServletRequestPathFilter.java:52)
	at org.springframework.web.filter.CompositeFilter$VirtualFilterChain.doFilter(CompositeFilter.java:113)
	at org.springframework.web.filter.CompositeFilter.doFilter(CompositeFilter.java:74)
	at org.springframework.security.config.annotation.web.configuration.WebSecurityConfiguration$CompositeFilterChainProxy.doFilter(WebSecurityConfiguration.java:319)
	at org.springframework.web.filter.CompositeFilter$VirtualFilterChain.doFilter(CompositeFilter.java:113)
	at org.springframework.web.servlet.handler.HandlerMappingIntrospector.lambda$createCacheFilter$4(HandlerMappingIntrospector.java:267)
	at org.springframework.web.filter.CompositeFilter$VirtualFilterChain.doFilter(CompositeFilter.java:113)
	at org.springframework.web.filter.CompositeFilter.doFilter(CompositeFilter.java:74)
	at org.springframework.security.config.annotation.web.configuration.WebMvcSecurityConfiguration$CompositeFilterChainProxy.doFilter(WebMvcSecurityConfiguration.java:240)
	at org.springframework.web.filter.DelegatingFilterProxy.invokeDelegate(DelegatingFilterProxy.java:362)
	at org.springframework.web.filter.DelegatingFilterProxy.doFilter(DelegatingFilterProxy.java:278)
	at org.apache.catalina.core.ApplicationFilterChain.internalDoFilter(ApplicationFilterChain.java:162)
	at org.apache.catalina.core.ApplicationFilterChain.doFilter(ApplicationFilterChain.java:138)
	at org.springframework.web.filter.RequestContextFilter.doFilterInternal(RequestContextFilter.java:100)
	at org.springframework.web.filter.OncePerRequestFilter.doFilter(OncePerRequestFilter.java:116)
	at org.apache.catalina.core.ApplicationFilterChain.internalDoFilter(ApplicationFilterChain.java:162)
	at org.apache.catalina.core.ApplicationFilterChain.doFilter(ApplicationFilterChain.java:138)
	at org.springframework.web.filter.FormContentFilter.doFilterInternal(FormContentFilter.java:93)
	at org.springframework.web.filter.OncePerRequestFilter.doFilter(OncePerRequestFilter.java:116)
	at org.apache.catalina.core.ApplicationFilterChain.internalDoFilter(ApplicationFilterChain.java:162)
	at org.apache.catalina.core.ApplicationFilterChain.doFilter(ApplicationFilterChain.java:138)
	at org.springframework.web.filter.CharacterEncodingFilter.doFilterInternal(CharacterEncodingFilter.java:201)
	at org.springframework.web.filter.OncePerRequestFilter.doFilter(OncePerRequestFilter.java:116)
	at org.apache.catalina.core.ApplicationFilterChain.internalDoFilter(ApplicationFilterChain.java:162)
	at org.apache.catalina.core.ApplicationFilterChain.doFilter(ApplicationFilterChain.java:138)
	at org.apache.catalina.core.StandardWrapperValve.invoke(StandardWrapperValve.java:165)
	at org.apache.catalina.core.StandardContextValve.invoke(StandardContextValve.java:88)
	at org.apache.catalina.authenticator.AuthenticatorBase.invoke(AuthenticatorBase.java:482)
	at org.apache.catalina.core.StandardHostValve.invoke(StandardHostValve.java:113)
	at org.apache.catalina.valves.ErrorReportValve.invoke(ErrorReportValve.java:83)
	at org.apache.catalina.core.StandardEngineValve.invoke(StandardEngineValve.java:72)
	at org.apache.catalina.connector.CoyoteAdapter.service(CoyoteAdapter.java:342)
	at org.apache.coyote.http11.Http11Processor.service(Http11Processor.java:399)
	at org.apache.coyote.AbstractProcessorLight.process(AbstractProcessorLight.java:63)
	at org.apache.coyote.AbstractProtocol$ConnectionHandler.process(AbstractProtocol.java:903)
	at org.apache.tomcat.util.net.NioEndpoint$SocketProcessor.doRun(NioEndpoint.java:1774)
	at org.apache.tomcat.util.net.SocketProcessorBase.run(SocketProcessorBase.java:52)
	at org.apache.tomcat.util.threads.ThreadPoolExecutor.runWorker(ThreadPoolExecutor.java:973)
	at org.apache.tomcat.util.threads.ThreadPoolExecutor$Worker.run(ThreadPoolExecutor.java:491)
	at org.apache.tomcat.util.threads.TaskThread$WrappingRunnable.run(TaskThread.java:63)
	at java.base/java.lang.Thread.run(Thread.java:842)
2026-01-12 19:06:17 [http-nio-8989-exec-2] DEBUG o.s.security.web.FilterChainProxy - Securing POST /error
2026-01-12 19:06:17 [http-nio-8989-exec-2] DEBUG o.s.security.web.FilterChainProxy - Secured POST /error
2026-01-12 19:06:17 [http-nio-8989-exec-2] DEBUG o.s.web.servlet.DispatcherServlet - "ERROR" dispatch for POST "/error", parameters={}
2026-01-12 19:06:17 [http-nio-8989-exec-2] DEBUG o.s.w.s.m.m.a.RequestMappingHandlerMapping - Mapped to org.springframework.boot.autoconfigure.web.servlet.error.BasicErrorController#error(HttpServletRequest)
2026-01-12 19:06:17 [http-nio-8989-exec-2] DEBUG o.s.w.s.m.m.a.HttpEntityMethodProcessor - Using 'application/json', given [*/*] and supported [application/json, application/*+json]
2026-01-12 19:06:17 [http-nio-8989-exec-2] DEBUG o.s.w.s.m.m.a.HttpEntityMethodProcessor - Writing [{timestamp=Mon Jan 12 19:06:17 IST 2026, status=500, error=Internal Server Error, trace=org.springfr (truncated)...]
2026-01-12 19:06:17 [http-nio-8989-exec-2] DEBUG o.s.web.servlet.DispatcherServlet - Exiting from "ERROR" dispatch, status 500
2026-01-12 19:06:17 [http-nio-8989-exec-2] DEBUG o.s.s.w.a.AnonymousAuthenticationFilter - Set SecurityContextHolder to anonymous SecurityContext
2026-01-12 19:50:22 [HikariPool-1:housekeeper] WARN  com.zaxxer.hikari.pool.HikariPool - HikariPool-1 - Thread starvation or clock leap detected (housekeeper delta=39m14s118ms39µs700ns).
2026-01-12 19:54:51 [RMI TCP Connection(26)-127.0.0.1] INFO  o.s.b.a.SpringApplicationAdminMXBeanRegistrar$SpringApplicationAdmin - Application shutdown requested.
2026-01-12 19:54:51 [RMI TCP Connection(26)-127.0.0.1] INFO  o.s.b.w.e.tomcat.GracefulShutdown - Commencing graceful shutdown. Waiting for active requests to complete
2026-01-12 19:54:51 [tomcat-shutdown] INFO  o.a.coyote.http11.Http11NioProtocol - Pausing ProtocolHandler ["http-nio-8989"]
2026-01-12 19:54:51 [tomcat-shutdown] INFO  o.s.b.w.e.tomcat.GracefulShutdown - Graceful shutdown complete
2026-01-12 19:54:51 [RMI TCP Connection(26)-127.0.0.1] INFO  o.a.coyote.http11.Http11NioProtocol - Stopping ProtocolHandler ["http-nio-8989"]
2026-01-12 19:54:51 [RMI TCP Connection(26)-127.0.0.1] INFO  o.s.o.j.LocalContainerEntityManagerFactoryBean - Closing JPA EntityManagerFactory for persistence unit 'default'
2026-01-12 19:54:51 [RMI TCP Connection(26)-127.0.0.1] INFO  com.zaxxer.hikari.HikariDataSource - HikariPool-1 - Shutdown initiated...
2026-01-12 19:54:51 [RMI TCP Connection(26)-127.0.0.1] INFO  com.zaxxer.hikari.HikariDataSource - HikariPool-1 - Shutdown completed.
2026-01-12 19:59:45 [background-preinit] INFO  o.h.validator.internal.util.Version - HV000001: Hibernate Validator 8.0.3.Final
2026-01-12 19:59:45 [restartedMain] INFO  c.app.bank.web.ZplusbankApplication - Starting ZplusbankApplication using Java 17.0.10 with PID 17784 (C:\Users\91790\Documents\workspace-spring-tools-for-eclipse-5.0.0.RELEASE\zplusbank\target\classes started by 91790 in C:\Users\91790\Documents\workspace-spring-tools-for-eclipse-5.0.0.RELEASE\zplusbank)
2026-01-12 19:59:45 [restartedMain] INFO  c.app.bank.web.ZplusbankApplication - No active profile set, falling back to 1 default profile: "default"
2026-01-12 19:59:45 [restartedMain] INFO  o.s.b.d.restart.ChangeableUrls - The Class-Path manifest attribute in C:\Users\91790\.m2\repository\org\glassfish\jaxb\jaxb-runtime\2.3.1\jaxb-runtime-2.3.1.jar referenced one or more files that do not exist: file:/C:/Users/91790/.m2/repository/org/glassfish/jaxb/jaxb-runtime/2.3.1/jaxb-api-2.3.1.jar,file:/C:/Users/91790/.m2/repository/org/glassfish/jaxb/jaxb-runtime/2.3.1/txw2-2.3.1.jar,file:/C:/Users/91790/.m2/repository/org/glassfish/jaxb/jaxb-runtime/2.3.1/istack-commons-runtime-3.0.7.jar,file:/C:/Users/91790/.m2/repository/org/glassfish/jaxb/jaxb-runtime/2.3.1/stax-ex-1.8.jar,file:/C:/Users/91790/.m2/repository/org/glassfish/jaxb/jaxb-runtime/2.3.1/FastInfoset-1.2.15.jar,file:/C:/Users/91790/.m2/repository/org/glassfish/jaxb/jaxb-runtime/2.3.1/javax.activation-api-1.2.0.jar
2026-01-12 19:59:45 [restartedMain] INFO  o.s.b.d.e.DevToolsPropertyDefaultsPostProcessor - Devtools property defaults active! Set 'spring.devtools.add-properties' to 'false' to disable
2026-01-12 19:59:45 [restartedMain] INFO  o.s.b.d.e.DevToolsPropertyDefaultsPostProcessor - For additional web related logging consider setting the 'logging.level.web' property to 'DEBUG'
2026-01-12 19:59:46 [restartedMain] INFO  o.s.d.r.c.RepositoryConfigurationDelegate - Bootstrapping Spring Data JPA repositories in DEFAULT mode.
2026-01-12 19:59:46 [restartedMain] INFO  o.s.d.r.c.RepositoryConfigurationDelegate - Finished Spring Data repository scanning in 56 ms. Found 5 JPA repository interfaces.
2026-01-12 19:59:46 [restartedMain] INFO  o.s.b.w.e.tomcat.TomcatWebServer - Tomcat initialized with port 8989 (http)
2026-01-12 19:59:46 [restartedMain] INFO  o.a.coyote.http11.Http11NioProtocol - Initializing ProtocolHandler ["http-nio-8989"]
2026-01-12 19:59:46 [restartedMain] INFO  o.a.catalina.core.StandardService - Starting service [Tomcat]
2026-01-12 19:59:46 [restartedMain] INFO  o.a.catalina.core.StandardEngine - Starting Servlet engine: [Apache Tomcat/10.1.50]
2026-01-12 19:59:46 [restartedMain] INFO  o.a.c.c.C.[Tomcat].[localhost].[/] - Initializing Spring embedded WebApplicationContext
2026-01-12 19:59:46 [restartedMain] INFO  o.s.b.w.s.c.ServletWebServerApplicationContext - Root WebApplicationContext: initialization completed in 1386 ms
2026-01-12 19:59:46 [restartedMain] INFO  o.h.jpa.internal.util.LogHelper - HHH000204: Processing PersistenceUnitInfo [name: default]
2026-01-12 19:59:46 [restartedMain] INFO  org.hibernate.Version - HHH000412: Hibernate ORM core version 6.6.39.Final
2026-01-12 19:59:46 [restartedMain] INFO  o.h.c.i.RegionFactoryInitiator - HHH000026: Second-level cache disabled
2026-01-12 19:59:47 [restartedMain] INFO  o.s.o.j.p.SpringPersistenceUnitInfo - No LoadTimeWeaver setup: ignoring JPA class transformer
2026-01-12 19:59:47 [restartedMain] INFO  com.zaxxer.hikari.HikariDataSource - HikariPool-1 - Starting...
2026-01-12 19:59:47 [restartedMain] INFO  com.zaxxer.hikari.pool.HikariPool - HikariPool-1 - Added connection com.mysql.cj.jdbc.ConnectionImpl@1ef0104
2026-01-12 19:59:47 [restartedMain] INFO  com.zaxxer.hikari.HikariDataSource - HikariPool-1 - Start completed.
2026-01-12 19:59:47 [restartedMain] WARN  org.hibernate.orm.deprecation - HHH90000025: MySQL8Dialect does not need to be specified explicitly using 'hibernate.dialect' (remove the property setting and it will be selected by default)
2026-01-12 19:59:47 [restartedMain] WARN  org.hibernate.orm.deprecation - HHH90000026: MySQL8Dialect has been deprecated; use org.hibernate.dialect.MySQLDialect instead
2026-01-12 19:59:47 [restartedMain] INFO  o.hibernate.orm.connections.pooling - HHH10001005: Database info:
	Database JDBC URL [Connecting through datasource 'HikariDataSource (HikariPool-1)']
	Database driver: undefined/unknown
	Database version: 8.0
	Autocommit mode: undefined/unknown
	Isolation level: undefined/unknown
	Minimum pool size: undefined/unknown
	Maximum pool size: undefined/unknown
2026-01-12 19:59:48 [restartedMain] INFO  o.h.e.t.j.p.i.JtaPlatformInitiator - HHH000489: No JTA platform available (set 'hibernate.transaction.jta.platform' to enable JTA platform integration)
2026-01-12 19:59:48 [restartedMain] DEBUG org.hibernate.SQL - 
    alter table loan_repayments 
       modify column status enum ('ADVANCED_PAID','DEFAULTED','OVERDUE','PAID','PARTIALLY_PAID','PENDING','WAIVED_OFF') not null
2026-01-12 19:59:48 [restartedMain] INFO  o.s.o.j.LocalContainerEntityManagerFactoryBean - Initialized JPA EntityManagerFactory for persistence unit 'default'
2026-01-12 19:59:48 [restartedMain] DEBUG o.h.s.internal.StatisticsInitiator - Statistics initialized [enabled=false]
2026-01-12 19:59:48 [restartedMain] INFO  o.s.d.j.r.query.QueryEnhancerFactory - Hibernate is in classpath; If applicable, HQL parser will be used.
2026-01-12 19:59:49 [restartedMain] INFO  o.s.s.c.a.a.c.InitializeAuthenticationProviderBeanManagerConfigurer$InitializeAuthenticationProviderManagerConfigurer - Global AuthenticationManager configured with AuthenticationProvider bean with name authenticationProvider
2026-01-12 19:59:49 [restartedMain] WARN  o.s.s.c.a.a.c.InitializeUserDetailsBeanManagerConfigurer$InitializeUserDetailsManagerConfigurer - Global AuthenticationManager configured with an AuthenticationProvider bean. UserDetailsService beans will not be used by Spring Security for automatically configuring username/password login. Consider removing the AuthenticationProvider bean. Alternatively, consider using the UserDetailsService in a manually instantiated DaoAuthenticationProvider. If the current configuration is intentional, to turn off this warning, increase the logging level of 'org.springframework.security.config.annotation.authentication.configuration.InitializeUserDetailsBeanManagerConfigurer' to ERROR
2026-01-12 19:59:49 [restartedMain] DEBUG o.s.w.s.m.m.a.RequestMappingHandlerMapping - 26 mappings in 'requestMappingHandlerMapping'
2026-01-12 19:59:49 [restartedMain] DEBUG o.s.w.s.h.SimpleUrlHandlerMapping - Patterns [/webjars/**, /**] in 'resourceHandlerMapping'
2026-01-12 19:59:49 [restartedMain] DEBUG o.s.s.web.DefaultSecurityFilterChain - Will secure any request with filters: DisableEncodeUrlFilter, WebAsyncManagerIntegrationFilter, SecurityContextHolderFilter, HeaderWriterFilter, CorsFilter, LogoutFilter, JwtAuthenticationFilter, RequestCacheAwareFilter, SecurityContextHolderAwareRequestFilter, AnonymousAuthenticationFilter, SessionManagementFilter, ExceptionTranslationFilter, AuthorizationFilter
2026-01-12 19:59:49 [restartedMain] DEBUG o.s.w.s.m.m.a.RequestMappingHandlerAdapter - ControllerAdvice beans: 0 @ModelAttribute, 0 @InitBinder, 1 RequestBodyAdvice, 1 ResponseBodyAdvice
2026-01-12 19:59:50 [restartedMain] WARN  o.s.b.a.t.ThymeleafAutoConfiguration$DefaultTemplateResolverConfiguration - Cannot find template location: classpath:/templates/emails/ (please add some templates, check your Thymeleaf configuration, or set spring.thymeleaf.check-template-location=false)
2026-01-12 19:59:50 [restartedMain] DEBUG o.s.w.s.m.m.a.ExceptionHandlerExceptionResolver - ControllerAdvice beans: 0 @ExceptionHandler, 1 ResponseBodyAdvice
2026-01-12 19:59:50 [restartedMain] INFO  o.s.b.d.a.OptionalLiveReloadServer - LiveReload server is running on port 35729
2026-01-12 19:59:50 [restartedMain] INFO  o.a.coyote.http11.Http11NioProtocol - Starting ProtocolHandler ["http-nio-8989"]
2026-01-12 19:59:50 [restartedMain] INFO  o.s.b.w.e.tomcat.TomcatWebServer - Tomcat started on port 8989 (http) with context path '/'
2026-01-12 19:59:50 [restartedMain] INFO  c.app.bank.web.ZplusbankApplication - Started ZplusbankApplication in 5.381 seconds (process running for 5.965)
2026-01-12 19:59:55 [http-nio-8989-exec-2] INFO  o.a.c.c.C.[Tomcat].[localhost].[/] - Initializing Spring DispatcherServlet 'dispatcherServlet'
2026-01-12 19:59:55 [http-nio-8989-exec-2] INFO  o.s.web.servlet.DispatcherServlet - Initializing Servlet 'dispatcherServlet'
2026-01-12 19:59:55 [http-nio-8989-exec-2] DEBUG o.s.web.servlet.DispatcherServlet - Detected StandardServletMultipartResolver
2026-01-12 19:59:55 [http-nio-8989-exec-2] DEBUG o.s.web.servlet.DispatcherServlet - Detected AcceptHeaderLocaleResolver
2026-01-12 19:59:55 [http-nio-8989-exec-2] DEBUG o.s.web.servlet.DispatcherServlet - Detected FixedThemeResolver
2026-01-12 19:59:55 [http-nio-8989-exec-2] DEBUG o.s.web.servlet.DispatcherServlet - Detected org.springframework.web.servlet.view.DefaultRequestToViewNameTranslator@b6c4cb9
2026-01-12 19:59:55 [http-nio-8989-exec-2] DEBUG o.s.web.servlet.DispatcherServlet - Detected org.springframework.web.servlet.support.SessionFlashMapManager@6de24713
2026-01-12 19:59:55 [http-nio-8989-exec-2] DEBUG o.s.web.servlet.DispatcherServlet - enableLoggingRequestDetails='false': request parameters and headers will be masked to prevent unsafe logging of potentially sensitive data
2026-01-12 19:59:55 [http-nio-8989-exec-2] INFO  o.s.web.servlet.DispatcherServlet - Completed initialization in 4 ms
2026-01-12 19:59:55 [http-nio-8989-exec-2] DEBUG o.s.security.web.FilterChainProxy - Securing POST /api/v1/auth/7/approve-loan
2026-01-12 19:59:56 [http-nio-8989-exec-2] DEBUG org.hibernate.SQL - 
    select
        u1_0.id,
        u1_0.aadhar_number,
        u1_0.address,
        u1_0.created_at,
        u1_0.email,
        u1_0.failed_login_attempts,
        u1_0.first_name,
        u1_0.last_login_at,
        u1_0.last_name,
        u1_0.monthly_income,
        u1_0.pan_number,
        u1_0.password,
        u1_0.phone,
        u1_0.role,
        u1_0.status,
        u1_0.username 
    from
        users u1_0 
    where
        u1_0.username=?
2026-01-12 19:59:56 [http-nio-8989-exec-2] DEBUG o.s.security.web.FilterChainProxy - Secured POST /api/v1/auth/7/approve-loan
2026-01-12 19:59:56 [http-nio-8989-exec-2] DEBUG o.s.web.servlet.DispatcherServlet - POST "/api/v1/auth/7/approve-loan", parameters={}
2026-01-12 19:59:56 [http-nio-8989-exec-2] DEBUG o.s.w.s.m.m.a.RequestMappingHandlerMapping - Mapped to com.app.bank.web.controller.LoanController#approveLoan(Long, Authentication)
2026-01-12 19:59:56 [http-nio-8989-exec-2] DEBUG org.hibernate.SQL - 
    select
        l1_0.id,
        l1_0.applied_date,
        l1_0.approved_by,
        l1_0.approved_date,
        l1_0.disbursement_date,
        l1_0.emi_amount,
        l1_0.interest_rate,
        l1_0.account_id,
        la1_0.id,
        la1_0.account_number,
        la1_0.account_type,
        la1_0.balance,
        la1_0.created_at,
        la1_0.interest_rate,
        la1_0.last_transaction_at,
        la1_0.minimum_balance,
        la1_0.status,
        la1_0.user_id,
        u1_0.id,
        u1_0.aadhar_number,
        u1_0.address,
        u1_0.created_at,
        u1_0.email,
        u1_0.failed_login_attempts,
        u1_0.first_name,
        u1_0.last_login_at,
        u1_0.last_name,
        u1_0.monthly_income,
        u1_0.pan_number,
        u1_0.password,
        u1_0.phone,
        u1_0.role,
        u1_0.status,
        u1_0.username,
        l1_0.loan_account_number,
        l1_0.loan_type,
        l1_0.maturity_date,
        l1_0.principal_amount,
        l1_0.status,
        l1_0.tenure_months,
        l1_0.total_amount,
        l1_0.user_id,
        u2_0.id,
        u2_0.aadhar_number,
        u2_0.address,
        u2_0.created_at,
        u2_0.email,
        u2_0.failed_login_attempts,
        u2_0.first_name,
        u2_0.last_login_at,
        u2_0.last_name,
        u2_0.monthly_income,
        u2_0.pan_number,
        u2_0.password,
        u2_0.phone,
        u2_0.role,
        u2_0.status,
        u2_0.username 
    from
        loans l1_0 
    join
        accounts la1_0 
            on la1_0.id=l1_0.account_id 
    join
        users u1_0 
            on u1_0.id=la1_0.user_id 
    join
        users u2_0 
            on u2_0.id=l1_0.user_id 
    where
        l1_0.id=?
2026-01-12 19:59:56 [http-nio-8989-exec-2] DEBUG org.hibernate.SQL - 
    insert 
    into
        loan_repayments
        (created_at, created_by, due_amount, due_date, grace_period_end_date, installment_number, interest_amount, late_payment_fee, loan_id, paid_amount, payment_date, payment_mode, payment_reference, penalty_rate, principal_amount, remaining_principal, remarks, status, total_outstanding, transaction_id, updated_at, updated_by) 
    values
        (?, ?, ?, ?, ?, ?, ?, ?, ?, ?, ?, ?, ?, ?, ?, ?, ?, ?, ?, ?, ?, ?)
2026-01-12 19:59:56 [http-nio-8989-exec-2] WARN  o.h.e.jdbc.spi.SqlExceptionHelper - SQL Error: 1048, SQLState: 23000
2026-01-12 19:59:56 [http-nio-8989-exec-2] ERROR o.h.e.jdbc.spi.SqlExceptionHelper - Column 'payment_date' cannot be null
2026-01-12 19:59:56 [http-nio-8989-exec-2] DEBUG o.s.web.servlet.DispatcherServlet - Failed to complete request: org.springframework.dao.DataIntegrityViolationException: could not execute statement [Column 'payment_date' cannot be null] [insert into loan_repayments (created_at,created_by,due_amount,due_date,grace_period_end_date,installment_number,interest_amount,late_payment_fee,loan_id,paid_amount,payment_date,payment_mode,payment_reference,penalty_rate,principal_amount,remaining_principal,remarks,status,total_outstanding,transaction_id,updated_at,updated_by) values (?,?,?,?,?,?,?,?,?,?,?,?,?,?,?,?,?,?,?,?,?,?)]; SQL [insert into loan_repayments (created_at,created_by,due_amount,due_date,grace_period_end_date,installment_number,interest_amount,late_payment_fee,loan_id,paid_amount,payment_date,payment_mode,payment_reference,penalty_rate,principal_amount,remaining_principal,remarks,status,total_outstanding,transaction_id,updated_at,updated_by) values (?,?,?,?,?,?,?,?,?,?,?,?,?,?,?,?,?,?,?,?,?,?)]; constraint [null]
2026-01-12 19:59:56 [http-nio-8989-exec-2] ERROR o.a.c.c.C.[.[.[.[dispatcherServlet] - Servlet.service() for servlet [dispatcherServlet] in context with path [] threw exception [Request processing failed: org.springframework.dao.DataIntegrityViolationException: could not execute statement [Column 'payment_date' cannot be null] [insert into loan_repayments (created_at,created_by,due_amount,due_date,grace_period_end_date,installment_number,interest_amount,late_payment_fee,loan_id,paid_amount,payment_date,payment_mode,payment_reference,penalty_rate,principal_amount,remaining_principal,remarks,status,total_outstanding,transaction_id,updated_at,updated_by) values (?,?,?,?,?,?,?,?,?,?,?,?,?,?,?,?,?,?,?,?,?,?)]; SQL [insert into loan_repayments (created_at,created_by,due_amount,due_date,grace_period_end_date,installment_number,interest_amount,late_payment_fee,loan_id,paid_amount,payment_date,payment_mode,payment_reference,penalty_rate,principal_amount,remaining_principal,remarks,status,total_outstanding,transaction_id,updated_at,updated_by) values (?,?,?,?,?,?,?,?,?,?,?,?,?,?,?,?,?,?,?,?,?,?)]; constraint [null]] with root cause
java.sql.SQLIntegrityConstraintViolationException: Column 'payment_date' cannot be null
	at com.mysql.cj.jdbc.exceptions.SQLError.createSQLException(SQLError.java:109)
	at com.mysql.cj.jdbc.exceptions.SQLExceptionsMapping.translateException(SQLExceptionsMapping.java:114)
	at com.mysql.cj.jdbc.ClientPreparedStatement.executeInternal(ClientPreparedStatement.java:988)
	at com.mysql.cj.jdbc.ClientPreparedStatement.executeUpdateInternal(ClientPreparedStatement.java:1166)
	at com.mysql.cj.jdbc.ClientPreparedStatement.executeUpdateInternal(ClientPreparedStatement.java:1101)
	at com.mysql.cj.jdbc.ClientPreparedStatement.executeLargeUpdate(ClientPreparedStatement.java:1448)
	at com.mysql.cj.jdbc.ClientPreparedStatement.executeUpdate(ClientPreparedStatement.java:1084)
	at com.zaxxer.hikari.pool.ProxyPreparedStatement.executeUpdate(ProxyPreparedStatement.java:61)
	at com.zaxxer.hikari.pool.HikariProxyPreparedStatement.executeUpdate(HikariProxyPreparedStatement.java)
	at org.hibernate.engine.jdbc.internal.ResultSetReturnImpl.executeUpdate(ResultSetReturnImpl.java:194)
	at org.hibernate.id.insert.GetGeneratedKeysDelegate.performMutation(GetGeneratedKeysDelegate.java:116)
	at org.hibernate.engine.jdbc.mutation.internal.MutationExecutorSingleNonBatched.performNonBatchedOperations(MutationExecutorSingleNonBatched.java:47)
	at org.hibernate.engine.jdbc.mutation.internal.AbstractMutationExecutor.execute(AbstractMutationExecutor.java:55)
	at org.hibernate.persister.entity.mutation.InsertCoordinatorStandard.doStaticInserts(InsertCoordinatorStandard.java:194)
	at org.hibernate.persister.entity.mutation.InsertCoordinatorStandard.coordinateInsert(InsertCoordinatorStandard.java:132)
	at org.hibernate.persister.entity.mutation.InsertCoordinatorStandard.insert(InsertCoordinatorStandard.java:95)
	at org.hibernate.action.internal.EntityIdentityInsertAction.execute(EntityIdentityInsertAction.java:85)
	at org.hibernate.engine.spi.ActionQueue.execute(ActionQueue.java:682)
	at org.hibernate.engine.spi.ActionQueue.addResolvedEntityInsertAction(ActionQueue.java:293)
	at org.hibernate.engine.spi.ActionQueue.addInsertAction(ActionQueue.java:274)
	at org.hibernate.engine.spi.ActionQueue.addAction(ActionQueue.java:324)
	at org.hibernate.event.internal.AbstractSaveEventListener.addInsertAction(AbstractSaveEventListener.java:394)
	at org.hibernate.event.internal.AbstractSaveEventListener.performSaveOrReplicate(AbstractSaveEventListener.java:308)
	at org.hibernate.event.internal.AbstractSaveEventListener.performSave(AbstractSaveEventListener.java:224)
	at org.hibernate.event.internal.AbstractSaveEventListener.saveWithGeneratedId(AbstractSaveEventListener.java:136)
	at org.hibernate.event.internal.DefaultPersistEventListener.entityIsTransient(DefaultPersistEventListener.java:177)
	at org.hibernate.event.internal.DefaultPersistEventListener.persist(DefaultPersistEventListener.java:95)
	at org.hibernate.event.internal.DefaultPersistEventListener.onPersist(DefaultPersistEventListener.java:79)
	at org.hibernate.event.internal.DefaultPersistEventListener.onPersist(DefaultPersistEventListener.java:55)
	at org.hibernate.event.service.internal.EventListenerGroupImpl.fireEventOnEachListener(EventListenerGroupImpl.java:127)
	at org.hibernate.internal.SessionImpl.firePersist(SessionImpl.java:761)
	at org.hibernate.internal.SessionImpl.persist(SessionImpl.java:745)
	at java.base/jdk.internal.reflect.NativeMethodAccessorImpl.invoke0(Native Method)
	at java.base/jdk.internal.reflect.NativeMethodAccessorImpl.invoke(NativeMethodAccessorImpl.java:77)
	at java.base/jdk.internal.reflect.DelegatingMethodAccessorImpl.invoke(DelegatingMethodAccessorImpl.java:43)
	at java.base/java.lang.reflect.Method.invoke(Method.java:568)
	at org.springframework.orm.jpa.SharedEntityManagerCreator$SharedEntityManagerInvocationHandler.invoke(SharedEntityManagerCreator.java:320)
	at jdk.proxy4/jdk.proxy4.$Proxy136.persist(Unknown Source)
	at org.springframework.data.jpa.repository.support.SimpleJpaRepository.save(SimpleJpaRepository.java:654)
	at java.base/jdk.internal.reflect.NativeMethodAccessorImpl.invoke0(Native Method)
	at java.base/jdk.internal.reflect.NativeMethodAccessorImpl.invoke(NativeMethodAccessorImpl.java:77)
	at java.base/jdk.internal.reflect.DelegatingMethodAccessorImpl.invoke(DelegatingMethodAccessorImpl.java:43)
	at java.base/java.lang.reflect.Method.invoke(Method.java:568)
	at org.springframework.aop.support.AopUtils.invokeJoinpointUsingReflection(AopUtils.java:360)
	at org.springframework.data.repository.core.support.RepositoryMethodInvoker$RepositoryFragmentMethodInvoker.lambda$new$0(RepositoryMethodInvoker.java:277)
	at org.springframework.data.repository.core.support.RepositoryMethodInvoker.doInvoke(RepositoryMethodInvoker.java:170)
	at org.springframework.data.repository.core.support.RepositoryMethodInvoker.invoke(RepositoryMethodInvoker.java:158)
	at org.springframework.data.repository.core.support.RepositoryComposition$RepositoryFragments.invoke(RepositoryComposition.java:515)
	at org.springframework.data.repository.core.support.RepositoryComposition.invoke(RepositoryComposition.java:284)
	at org.springframework.data.repository.core.support.RepositoryFactorySupport$ImplementationMethodExecutionInterceptor.invoke(RepositoryFactorySupport.java:720)
	at org.springframework.aop.framework.ReflectiveMethodInvocation.proceed(ReflectiveMethodInvocation.java:184)
	at org.springframework.data.repository.core.support.QueryExecutorMethodInterceptor.doInvoke(QueryExecutorMethodInterceptor.java:174)
	at org.springframework.data.repository.core.support.QueryExecutorMethodInterceptor.invoke(QueryExecutorMethodInterceptor.java:149)
	at org.springframework.aop.framework.ReflectiveMethodInvocation.proceed(ReflectiveMethodInvocation.java:184)
	at org.springframework.data.projection.DefaultMethodInvokingMethodInterceptor.invoke(DefaultMethodInvokingMethodInterceptor.java:69)
	at org.springframework.aop.framework.ReflectiveMethodInvocation.proceed(ReflectiveMethodInvocation.java:184)
	at org.springframework.transaction.interceptor.TransactionAspectSupport.invokeWithinTransaction(TransactionAspectSupport.java:380)
	at org.springframework.transaction.interceptor.TransactionInterceptor.invoke(TransactionInterceptor.java:119)
	at org.springframework.aop.framework.ReflectiveMethodInvocation.proceed(ReflectiveMethodInvocation.java:184)
	at org.springframework.dao.support.PersistenceExceptionTranslationInterceptor.invoke(PersistenceExceptionTranslationInterceptor.java:138)
	at org.springframework.aop.framework.ReflectiveMethodInvocation.proceed(ReflectiveMethodInvocation.java:184)
	at org.springframework.data.jpa.repository.support.CrudMethodMetadataPostProcessor$CrudMethodMetadataPopulatingMethodInterceptor.invoke(CrudMethodMetadataPostProcessor.java:165)
	at org.springframework.aop.framework.ReflectiveMethodInvocation.proceed(ReflectiveMethodInvocation.java:184)
	at org.springframework.aop.framework.JdkDynamicAopProxy.invoke(JdkDynamicAopProxy.java:223)
	at jdk.proxy4/jdk.proxy4.$Proxy151.save(Unknown Source)
	at com.app.bank.web.service.LoanRepaymentService.generateRepaymentSchedule(LoanRepaymentService.java:87)
	at java.base/jdk.internal.reflect.NativeMethodAccessorImpl.invoke0(Native Method)
	at java.base/jdk.internal.reflect.NativeMethodAccessorImpl.invoke(NativeMethodAccessorImpl.java:77)
	at java.base/jdk.internal.reflect.DelegatingMethodAccessorImpl.invoke(DelegatingMethodAccessorImpl.java:43)
	at java.base/java.lang.reflect.Method.invoke(Method.java:568)
	at org.springframework.aop.support.AopUtils.invokeJoinpointUsingReflection(AopUtils.java:360)
	at org.springframework.aop.framework.ReflectiveMethodInvocation.invokeJoinpoint(ReflectiveMethodInvocation.java:196)
	at org.springframework.aop.framework.ReflectiveMethodInvocation.proceed(ReflectiveMethodInvocation.java:163)
	at org.springframework.transaction.interceptor.TransactionAspectSupport.invokeWithinTransaction(TransactionAspectSupport.java:380)
	at org.springframework.transaction.interceptor.TransactionInterceptor.invoke(TransactionInterceptor.java:119)
	at org.springframework.aop.framework.ReflectiveMethodInvocation.proceed(ReflectiveMethodInvocation.java:184)
	at org.springframework.aop.framework.CglibAopProxy$DynamicAdvisedInterceptor.intercept(CglibAopProxy.java:728)
	at com.app.bank.web.service.LoanRepaymentService$$SpringCGLIB$$0.generateRepaymentSchedule(<generated>)
	at com.app.bank.web.service.LoanService.approveLoan(LoanService.java:91)
	at java.base/jdk.internal.reflect.NativeMethodAccessorImpl.invoke0(Native Method)
	at java.base/jdk.internal.reflect.NativeMethodAccessorImpl.invoke(NativeMethodAccessorImpl.java:77)
	at java.base/jdk.internal.reflect.DelegatingMethodAccessorImpl.invoke(DelegatingMethodAccessorImpl.java:43)
	at java.base/java.lang.reflect.Method.invoke(Method.java:568)
	at org.springframework.aop.support.AopUtils.invokeJoinpointUsingReflection(AopUtils.java:360)
	at org.springframework.aop.framework.ReflectiveMethodInvocation.invokeJoinpoint(ReflectiveMethodInvocation.java:196)
	at org.springframework.aop.framework.ReflectiveMethodInvocation.proceed(ReflectiveMethodInvocation.java:163)
	at org.springframework.transaction.interceptor.TransactionAspectSupport.invokeWithinTransaction(TransactionAspectSupport.java:380)
	at org.springframework.transaction.interceptor.TransactionInterceptor.invoke(TransactionInterceptor.java:119)
	at org.springframework.aop.framework.ReflectiveMethodInvocation.proceed(ReflectiveMethodInvocation.java:184)
	at org.springframework.aop.framework.CglibAopProxy$DynamicAdvisedInterceptor.intercept(CglibAopProxy.java:728)
	at com.app.bank.web.service.LoanService$$SpringCGLIB$$0.approveLoan(<generated>)
	at com.app.bank.web.controller.LoanController.approveLoan(LoanController.java:40)
	at java.base/jdk.internal.reflect.NativeMethodAccessorImpl.invoke0(Native Method)
	at java.base/jdk.internal.reflect.NativeMethodAccessorImpl.invoke(NativeMethodAccessorImpl.java:77)
	at java.base/jdk.internal.reflect.DelegatingMethodAccessorImpl.invoke(DelegatingMethodAccessorImpl.java:43)
	at java.base/java.lang.reflect.Method.invoke(Method.java:568)
	at org.springframework.web.method.support.InvocableHandlerMethod.doInvoke(InvocableHandlerMethod.java:258)
	at org.springframework.web.method.support.InvocableHandlerMethod.invokeForRequest(InvocableHandlerMethod.java:191)
	at org.springframework.web.servlet.mvc.method.annotation.ServletInvocableHandlerMethod.invokeAndHandle(ServletInvocableHandlerMethod.java:118)
	at org.springframework.web.servlet.mvc.method.annotation.RequestMappingHandlerAdapter.invokeHandlerMethod(RequestMappingHandlerAdapter.java:991)
	at org.springframework.web.servlet.mvc.method.annotation.RequestMappingHandlerAdapter.handleInternal(RequestMappingHandlerAdapter.java:896)
	at org.springframework.web.servlet.mvc.method.AbstractHandlerMethodAdapter.handle(AbstractHandlerMethodAdapter.java:87)
	at org.springframework.web.servlet.DispatcherServlet.doDispatch(DispatcherServlet.java:1089)
	at org.springframework.web.servlet.DispatcherServlet.doService(DispatcherServlet.java:979)
	at org.springframework.web.servlet.FrameworkServlet.processRequest(FrameworkServlet.java:1014)
	at org.springframework.web.servlet.FrameworkServlet.doPost(FrameworkServlet.java:914)
	at jakarta.servlet.http.HttpServlet.service(HttpServlet.java:590)
	at org.springframework.web.servlet.FrameworkServlet.service(FrameworkServlet.java:885)
	at jakarta.servlet.http.HttpServlet.service(HttpServlet.java:658)
	at org.apache.catalina.core.ApplicationFilterChain.internalDoFilter(ApplicationFilterChain.java:193)
	at org.apache.catalina.core.ApplicationFilterChain.doFilter(ApplicationFilterChain.java:138)
	at org.apache.tomcat.websocket.server.WsFilter.doFilter(WsFilter.java:51)
	at org.apache.catalina.core.ApplicationFilterChain.internalDoFilter(ApplicationFilterChain.java:162)
	at org.apache.catalina.core.ApplicationFilterChain.doFilter(ApplicationFilterChain.java:138)
	at org.springframework.web.filter.OncePerRequestFilter.doFilter(OncePerRequestFilter.java:110)
	at org.apache.catalina.core.ApplicationFilterChain.internalDoFilter(ApplicationFilterChain.java:162)
	at org.apache.catalina.core.ApplicationFilterChain.doFilter(ApplicationFilterChain.java:138)
	at org.springframework.web.filter.CompositeFilter$VirtualFilterChain.doFilter(CompositeFilter.java:108)
	at org.springframework.web.filter.CompositeFilter$VirtualFilterChain.doFilter(CompositeFilter.java:108)
	at org.springframework.security.web.FilterChainProxy.lambda$doFilterInternal$3(FilterChainProxy.java:231)
	at org.springframework.security.web.FilterChainProxy$VirtualFilterChain.doFilter(FilterChainProxy.java:365)
	at org.springframework.security.web.access.intercept.AuthorizationFilter.doFilter(AuthorizationFilter.java:101)
	at org.springframework.security.web.FilterChainProxy$VirtualFilterChain.doFilter(FilterChainProxy.java:374)
	at org.springframework.security.web.access.ExceptionTranslationFilter.doFilter(ExceptionTranslationFilter.java:125)
	at org.springframework.security.web.access.ExceptionTranslationFilter.doFilter(ExceptionTranslationFilter.java:119)
	at org.springframework.security.web.FilterChainProxy$VirtualFilterChain.doFilter(FilterChainProxy.java:374)
	at org.springframework.security.web.session.SessionManagementFilter.doFilter(SessionManagementFilter.java:131)
	at org.springframework.security.web.session.SessionManagementFilter.doFilter(SessionManagementFilter.java:85)
	at org.springframework.security.web.FilterChainProxy$VirtualFilterChain.doFilter(FilterChainProxy.java:374)
	at org.springframework.security.web.authentication.AnonymousAuthenticationFilter.doFilter(AnonymousAuthenticationFilter.java:100)
	at org.springframework.security.web.FilterChainProxy$VirtualFilterChain.doFilter(FilterChainProxy.java:374)
	at org.springframework.security.web.servletapi.SecurityContextHolderAwareRequestFilter.doFilter(SecurityContextHolderAwareRequestFilter.java:179)
	at org.springframework.security.web.FilterChainProxy$VirtualFilterChain.doFilter(FilterChainProxy.java:374)
	at org.springframework.security.web.savedrequest.RequestCacheAwareFilter.doFilter(RequestCacheAwareFilter.java:63)
	at org.springframework.security.web.FilterChainProxy$VirtualFilterChain.doFilter(FilterChainProxy.java:374)
	at com.app.bank.web.security.JwtAuthenticationFilter.doFilterInternal(JwtAuthenticationFilter.java:137)
	at org.springframework.web.filter.OncePerRequestFilter.doFilter(OncePerRequestFilter.java:116)
	at org.springframework.security.web.FilterChainProxy$VirtualFilterChain.doFilter(FilterChainProxy.java:374)
	at org.springframework.security.web.authentication.logout.LogoutFilter.doFilter(LogoutFilter.java:107)
	at org.springframework.security.web.authentication.logout.LogoutFilter.doFilter(LogoutFilter.java:93)
	at org.springframework.security.web.FilterChainProxy$VirtualFilterChain.doFilter(FilterChainProxy.java:374)
	at org.springframework.web.filter.CorsFilter.doFilterInternal(CorsFilter.java:91)
	at org.springframework.web.filter.OncePerRequestFilter.doFilter(OncePerRequestFilter.java:116)
	at org.springframework.security.web.FilterChainProxy$VirtualFilterChain.doFilter(FilterChainProxy.java:374)
	at org.springframework.security.web.header.HeaderWriterFilter.doHeadersAfter(HeaderWriterFilter.java:90)
	at org.springframework.security.web.header.HeaderWriterFilter.doFilterInternal(HeaderWriterFilter.java:75)
	at org.springframework.web.filter.OncePerRequestFilter.doFilter(OncePerRequestFilter.java:116)
	at org.springframework.security.web.FilterChainProxy$VirtualFilterChain.doFilter(FilterChainProxy.java:374)
	at org.springframework.security.web.context.SecurityContextHolderFilter.doFilter(SecurityContextHolderFilter.java:82)
	at org.springframework.security.web.context.SecurityContextHolderFilter.doFilter(SecurityContextHolderFilter.java:69)
	at org.springframework.security.web.FilterChainProxy$VirtualFilterChain.doFilter(FilterChainProxy.java:374)
	at org.springframework.security.web.context.request.async.WebAsyncManagerIntegrationFilter.doFilterInternal(WebAsyncManagerIntegrationFilter.java:62)
	at org.springframework.web.filter.OncePerRequestFilter.doFilter(OncePerRequestFilter.java:116)
	at org.springframework.security.web.FilterChainProxy$VirtualFilterChain.doFilter(FilterChainProxy.java:374)
	at org.springframework.security.web.session.DisableEncodeUrlFilter.doFilterInternal(DisableEncodeUrlFilter.java:42)
	at org.springframework.web.filter.OncePerRequestFilter.doFilter(OncePerRequestFilter.java:116)
	at org.springframework.security.web.FilterChainProxy$VirtualFilterChain.doFilter(FilterChainProxy.java:374)
	at org.springframework.security.web.FilterChainProxy.doFilterInternal(FilterChainProxy.java:233)
	at org.springframework.security.web.FilterChainProxy.doFilter(FilterChainProxy.java:191)
	at org.springframework.web.filter.CompositeFilter$VirtualFilterChain.doFilter(CompositeFilter.java:113)
	at org.springframework.web.filter.ServletRequestPathFilter.doFilter(ServletRequestPathFilter.java:52)
	at org.springframework.web.filter.CompositeFilter$VirtualFilterChain.doFilter(CompositeFilter.java:113)
	at org.springframework.web.filter.CompositeFilter.doFilter(CompositeFilter.java:74)
	at org.springframework.security.config.annotation.web.configuration.WebSecurityConfiguration$CompositeFilterChainProxy.doFilter(WebSecurityConfiguration.java:319)
	at org.springframework.web.filter.CompositeFilter$VirtualFilterChain.doFilter(CompositeFilter.java:113)
	at org.springframework.web.servlet.handler.HandlerMappingIntrospector.lambda$createCacheFilter$4(HandlerMappingIntrospector.java:267)
	at org.springframework.web.filter.CompositeFilter$VirtualFilterChain.doFilter(CompositeFilter.java:113)
	at org.springframework.web.filter.CompositeFilter.doFilter(CompositeFilter.java:74)
	at org.springframework.security.config.annotation.web.configuration.WebMvcSecurityConfiguration$CompositeFilterChainProxy.doFilter(WebMvcSecurityConfiguration.java:240)
	at org.springframework.web.filter.DelegatingFilterProxy.invokeDelegate(DelegatingFilterProxy.java:362)
	at org.springframework.web.filter.DelegatingFilterProxy.doFilter(DelegatingFilterProxy.java:278)
	at org.apache.catalina.core.ApplicationFilterChain.internalDoFilter(ApplicationFilterChain.java:162)
	at org.apache.catalina.core.ApplicationFilterChain.doFilter(ApplicationFilterChain.java:138)
	at org.springframework.web.filter.RequestContextFilter.doFilterInternal(RequestContextFilter.java:100)
	at org.springframework.web.filter.OncePerRequestFilter.doFilter(OncePerRequestFilter.java:116)
	at org.apache.catalina.core.ApplicationFilterChain.internalDoFilter(ApplicationFilterChain.java:162)
	at org.apache.catalina.core.ApplicationFilterChain.doFilter(ApplicationFilterChain.java:138)
	at org.springframework.web.filter.FormContentFilter.doFilterInternal(FormContentFilter.java:93)
	at org.springframework.web.filter.OncePerRequestFilter.doFilter(OncePerRequestFilter.java:116)
	at org.apache.catalina.core.ApplicationFilterChain.internalDoFilter(ApplicationFilterChain.java:162)
	at org.apache.catalina.core.ApplicationFilterChain.doFilter(ApplicationFilterChain.java:138)
	at org.springframework.web.filter.CharacterEncodingFilter.doFilterInternal(CharacterEncodingFilter.java:201)
	at org.springframework.web.filter.OncePerRequestFilter.doFilter(OncePerRequestFilter.java:116)
	at org.apache.catalina.core.ApplicationFilterChain.internalDoFilter(ApplicationFilterChain.java:162)
	at org.apache.catalina.core.ApplicationFilterChain.doFilter(ApplicationFilterChain.java:138)
	at org.apache.catalina.core.StandardWrapperValve.invoke(StandardWrapperValve.java:165)
	at org.apache.catalina.core.StandardContextValve.invoke(StandardContextValve.java:88)
	at org.apache.catalina.authenticator.AuthenticatorBase.invoke(AuthenticatorBase.java:482)
	at org.apache.catalina.core.StandardHostValve.invoke(StandardHostValve.java:113)
	at org.apache.catalina.valves.ErrorReportValve.invoke(ErrorReportValve.java:83)
	at org.apache.catalina.core.StandardEngineValve.invoke(StandardEngineValve.java:72)
	at org.apache.catalina.connector.CoyoteAdapter.service(CoyoteAdapter.java:342)
	at org.apache.coyote.http11.Http11Processor.service(Http11Processor.java:399)
	at org.apache.coyote.AbstractProcessorLight.process(AbstractProcessorLight.java:63)
	at org.apache.coyote.AbstractProtocol$ConnectionHandler.process(AbstractProtocol.java:903)
	at org.apache.tomcat.util.net.NioEndpoint$SocketProcessor.doRun(NioEndpoint.java:1774)
	at org.apache.tomcat.util.net.SocketProcessorBase.run(SocketProcessorBase.java:52)
	at org.apache.tomcat.util.threads.ThreadPoolExecutor.runWorker(ThreadPoolExecutor.java:973)
	at org.apache.tomcat.util.threads.ThreadPoolExecutor$Worker.run(ThreadPoolExecutor.java:491)
	at org.apache.tomcat.util.threads.TaskThread$WrappingRunnable.run(TaskThread.java:63)
	at java.base/java.lang.Thread.run(Thread.java:842)
2026-01-12 19:59:56 [http-nio-8989-exec-2] DEBUG o.s.security.web.FilterChainProxy - Securing POST /error
2026-01-12 19:59:56 [http-nio-8989-exec-2] DEBUG o.s.security.web.FilterChainProxy - Secured POST /error
2026-01-12 19:59:56 [http-nio-8989-exec-2] DEBUG o.s.web.servlet.DispatcherServlet - "ERROR" dispatch for POST "/error", parameters={}
2026-01-12 19:59:56 [http-nio-8989-exec-2] DEBUG o.s.w.s.m.m.a.RequestMappingHandlerMapping - Mapped to org.springframework.boot.autoconfigure.web.servlet.error.BasicErrorController#error(HttpServletRequest)
2026-01-12 19:59:56 [http-nio-8989-exec-2] DEBUG o.s.w.s.m.m.a.HttpEntityMethodProcessor - Using 'application/json', given [*/*] and supported [application/json, application/*+json]
2026-01-12 19:59:56 [http-nio-8989-exec-2] DEBUG o.s.w.s.m.m.a.HttpEntityMethodProcessor - Writing [{timestamp=Mon Jan 12 19:59:56 IST 2026, status=500, error=Internal Server Error, trace=org.springfr (truncated)...]
2026-01-12 19:59:56 [http-nio-8989-exec-2] DEBUG o.s.web.servlet.DispatcherServlet - Exiting from "ERROR" dispatch, status 500
2026-01-12 19:59:56 [http-nio-8989-exec-2] DEBUG o.s.s.w.a.AnonymousAuthenticationFilter - Set SecurityContextHolder to anonymous SecurityContext
2026-01-12 20:03:54 [http-nio-8989-exec-5] DEBUG o.s.security.web.FilterChainProxy - Securing POST /api/v1/auth/7/approve-loan
2026-01-12 20:03:54 [http-nio-8989-exec-5] DEBUG org.hibernate.SQL - 
    select
        u1_0.id,
        u1_0.aadhar_number,
        u1_0.address,
        u1_0.created_at,
        u1_0.email,
        u1_0.failed_login_attempts,
        u1_0.first_name,
        u1_0.last_login_at,
        u1_0.last_name,
        u1_0.monthly_income,
        u1_0.pan_number,
        u1_0.password,
        u1_0.phone,
        u1_0.role,
        u1_0.status,
        u1_0.username 
    from
        users u1_0 
    where
        u1_0.username=?
2026-01-12 20:03:54 [http-nio-8989-exec-5] DEBUG o.s.security.web.FilterChainProxy - Secured POST /api/v1/auth/7/approve-loan
2026-01-12 20:03:54 [http-nio-8989-exec-5] DEBUG o.s.web.servlet.DispatcherServlet - POST "/api/v1/auth/7/approve-loan", parameters={}
2026-01-12 20:03:54 [http-nio-8989-exec-5] DEBUG o.s.w.s.m.m.a.RequestMappingHandlerMapping - Mapped to com.app.bank.web.controller.LoanController#approveLoan(Long, Authentication)
2026-01-12 20:03:54 [http-nio-8989-exec-5] DEBUG org.hibernate.SQL - 
    select
        l1_0.id,
        l1_0.applied_date,
        l1_0.approved_by,
        l1_0.approved_date,
        l1_0.disbursement_date,
        l1_0.emi_amount,
        l1_0.interest_rate,
        l1_0.account_id,
        la1_0.id,
        la1_0.account_number,
        la1_0.account_type,
        la1_0.balance,
        la1_0.created_at,
        la1_0.interest_rate,
        la1_0.last_transaction_at,
        la1_0.minimum_balance,
        la1_0.status,
        la1_0.user_id,
        u1_0.id,
        u1_0.aadhar_number,
        u1_0.address,
        u1_0.created_at,
        u1_0.email,
        u1_0.failed_login_attempts,
        u1_0.first_name,
        u1_0.last_login_at,
        u1_0.last_name,
        u1_0.monthly_income,
        u1_0.pan_number,
        u1_0.password,
        u1_0.phone,
        u1_0.role,
        u1_0.status,
        u1_0.username,
        l1_0.loan_account_number,
        l1_0.loan_type,
        l1_0.maturity_date,
        l1_0.principal_amount,
        l1_0.status,
        l1_0.tenure_months,
        l1_0.total_amount,
        l1_0.user_id,
        u2_0.id,
        u2_0.aadhar_number,
        u2_0.address,
        u2_0.created_at,
        u2_0.email,
        u2_0.failed_login_attempts,
        u2_0.first_name,
        u2_0.last_login_at,
        u2_0.last_name,
        u2_0.monthly_income,
        u2_0.pan_number,
        u2_0.password,
        u2_0.phone,
        u2_0.role,
        u2_0.status,
        u2_0.username 
    from
        loans l1_0 
    join
        accounts la1_0 
            on la1_0.id=l1_0.account_id 
    join
        users u1_0 
            on u1_0.id=la1_0.user_id 
    join
        users u2_0 
            on u2_0.id=l1_0.user_id 
    where
        l1_0.id=?
2026-01-12 20:03:54 [http-nio-8989-exec-5] DEBUG org.hibernate.SQL - 
    insert 
    into
        loan_repayments
        (created_at, created_by, due_amount, due_date, grace_period_end_date, installment_number, interest_amount, late_payment_fee, loan_id, paid_amount, payment_date, payment_mode, payment_reference, penalty_rate, principal_amount, remaining_principal, remarks, status, total_outstanding, transaction_id, updated_at, updated_by) 
    values
        (?, ?, ?, ?, ?, ?, ?, ?, ?, ?, ?, ?, ?, ?, ?, ?, ?, ?, ?, ?, ?, ?)
2026-01-12 20:03:54 [http-nio-8989-exec-5] DEBUG org.hibernate.SQL - 
    insert 
    into
        loan_repayments
        (created_at, created_by, due_amount, due_date, grace_period_end_date, installment_number, interest_amount, late_payment_fee, loan_id, paid_amount, payment_date, payment_mode, payment_reference, penalty_rate, principal_amount, remaining_principal, remarks, status, total_outstanding, transaction_id, updated_at, updated_by) 
    values
        (?, ?, ?, ?, ?, ?, ?, ?, ?, ?, ?, ?, ?, ?, ?, ?, ?, ?, ?, ?, ?, ?)
2026-01-12 20:03:54 [http-nio-8989-exec-5] DEBUG org.hibernate.SQL - 
    insert 
    into
        loan_repayments
        (created_at, created_by, due_amount, due_date, grace_period_end_date, installment_number, interest_amount, late_payment_fee, loan_id, paid_amount, payment_date, payment_mode, payment_reference, penalty_rate, principal_amount, remaining_principal, remarks, status, total_outstanding, transaction_id, updated_at, updated_by) 
    values
        (?, ?, ?, ?, ?, ?, ?, ?, ?, ?, ?, ?, ?, ?, ?, ?, ?, ?, ?, ?, ?, ?)
2026-01-12 20:03:54 [http-nio-8989-exec-5] DEBUG org.hibernate.SQL - 
    insert 
    into
        loan_repayments
        (created_at, created_by, due_amount, due_date, grace_period_end_date, installment_number, interest_amount, late_payment_fee, loan_id, paid_amount, payment_date, payment_mode, payment_reference, penalty_rate, principal_amount, remaining_principal, remarks, status, total_outstanding, transaction_id, updated_at, updated_by) 
    values
        (?, ?, ?, ?, ?, ?, ?, ?, ?, ?, ?, ?, ?, ?, ?, ?, ?, ?, ?, ?, ?, ?)
2026-01-12 20:03:54 [http-nio-8989-exec-5] DEBUG org.hibernate.SQL - 
    insert 
    into
        loan_repayments
        (created_at, created_by, due_amount, due_date, grace_period_end_date, installment_number, interest_amount, late_payment_fee, loan_id, paid_amount, payment_date, payment_mode, payment_reference, penalty_rate, principal_amount, remaining_principal, remarks, status, total_outstanding, transaction_id, updated_at, updated_by) 
    values
        (?, ?, ?, ?, ?, ?, ?, ?, ?, ?, ?, ?, ?, ?, ?, ?, ?, ?, ?, ?, ?, ?)
2026-01-12 20:03:54 [http-nio-8989-exec-5] DEBUG org.hibernate.SQL - 
    insert 
    into
        loan_repayments
        (created_at, created_by, due_amount, due_date, grace_period_end_date, installment_number, interest_amount, late_payment_fee, loan_id, paid_amount, payment_date, payment_mode, payment_reference, penalty_rate, principal_amount, remaining_principal, remarks, status, total_outstanding, transaction_id, updated_at, updated_by) 
    values
        (?, ?, ?, ?, ?, ?, ?, ?, ?, ?, ?, ?, ?, ?, ?, ?, ?, ?, ?, ?, ?, ?)
2026-01-12 20:03:54 [http-nio-8989-exec-5] DEBUG org.hibernate.SQL - 
    insert 
    into
        loan_repayments
        (created_at, created_by, due_amount, due_date, grace_period_end_date, installment_number, interest_amount, late_payment_fee, loan_id, paid_amount, payment_date, payment_mode, payment_reference, penalty_rate, principal_amount, remaining_principal, remarks, status, total_outstanding, transaction_id, updated_at, updated_by) 
    values
        (?, ?, ?, ?, ?, ?, ?, ?, ?, ?, ?, ?, ?, ?, ?, ?, ?, ?, ?, ?, ?, ?)
2026-01-12 20:03:54 [http-nio-8989-exec-5] DEBUG org.hibernate.SQL - 
    insert 
    into
        loan_repayments
        (created_at, created_by, due_amount, due_date, grace_period_end_date, installment_number, interest_amount, late_payment_fee, loan_id, paid_amount, payment_date, payment_mode, payment_reference, penalty_rate, principal_amount, remaining_principal, remarks, status, total_outstanding, transaction_id, updated_at, updated_by) 
    values
        (?, ?, ?, ?, ?, ?, ?, ?, ?, ?, ?, ?, ?, ?, ?, ?, ?, ?, ?, ?, ?, ?)
2026-01-12 20:03:54 [http-nio-8989-exec-5] DEBUG org.hibernate.SQL - 
    insert 
    into
        loan_repayments
        (created_at, created_by, due_amount, due_date, grace_period_end_date, installment_number, interest_amount, late_payment_fee, loan_id, paid_amount, payment_date, payment_mode, payment_reference, penalty_rate, principal_amount, remaining_principal, remarks, status, total_outstanding, transaction_id, updated_at, updated_by) 
    values
        (?, ?, ?, ?, ?, ?, ?, ?, ?, ?, ?, ?, ?, ?, ?, ?, ?, ?, ?, ?, ?, ?)
2026-01-12 20:03:54 [http-nio-8989-exec-5] DEBUG org.hibernate.SQL - 
    insert 
    into
        loan_repayments
        (created_at, created_by, due_amount, due_date, grace_period_end_date, installment_number, interest_amount, late_payment_fee, loan_id, paid_amount, payment_date, payment_mode, payment_reference, penalty_rate, principal_amount, remaining_principal, remarks, status, total_outstanding, transaction_id, updated_at, updated_by) 
    values
        (?, ?, ?, ?, ?, ?, ?, ?, ?, ?, ?, ?, ?, ?, ?, ?, ?, ?, ?, ?, ?, ?)
2026-01-12 20:03:54 [http-nio-8989-exec-5] DEBUG org.hibernate.SQL - 
    insert 
    into
        loan_repayments
        (created_at, created_by, due_amount, due_date, grace_period_end_date, installment_number, interest_amount, late_payment_fee, loan_id, paid_amount, payment_date, payment_mode, payment_reference, penalty_rate, principal_amount, remaining_principal, remarks, status, total_outstanding, transaction_id, updated_at, updated_by) 
    values
        (?, ?, ?, ?, ?, ?, ?, ?, ?, ?, ?, ?, ?, ?, ?, ?, ?, ?, ?, ?, ?, ?)
2026-01-12 20:03:54 [http-nio-8989-exec-5] DEBUG org.hibernate.SQL - 
    insert 
    into
        loan_repayments
        (created_at, created_by, due_amount, due_date, grace_period_end_date, installment_number, interest_amount, late_payment_fee, loan_id, paid_amount, payment_date, payment_mode, payment_reference, penalty_rate, principal_amount, remaining_principal, remarks, status, total_outstanding, transaction_id, updated_at, updated_by) 
    values
        (?, ?, ?, ?, ?, ?, ?, ?, ?, ?, ?, ?, ?, ?, ?, ?, ?, ?, ?, ?, ?, ?)
2026-01-12 20:03:54 [http-nio-8989-exec-5] DEBUG org.hibernate.SQL - 
    insert 
    into
        loan_repayments
        (created_at, created_by, due_amount, due_date, grace_period_end_date, installment_number, interest_amount, late_payment_fee, loan_id, paid_amount, payment_date, payment_mode, payment_reference, penalty_rate, principal_amount, remaining_principal, remarks, status, total_outstanding, transaction_id, updated_at, updated_by) 
    values
        (?, ?, ?, ?, ?, ?, ?, ?, ?, ?, ?, ?, ?, ?, ?, ?, ?, ?, ?, ?, ?, ?)
2026-01-12 20:03:54 [http-nio-8989-exec-5] DEBUG org.hibernate.SQL - 
    insert 
    into
        loan_repayments
        (created_at, created_by, due_amount, due_date, grace_period_end_date, installment_number, interest_amount, late_payment_fee, loan_id, paid_amount, payment_date, payment_mode, payment_reference, penalty_rate, principal_amount, remaining_principal, remarks, status, total_outstanding, transaction_id, updated_at, updated_by) 
    values
        (?, ?, ?, ?, ?, ?, ?, ?, ?, ?, ?, ?, ?, ?, ?, ?, ?, ?, ?, ?, ?, ?)
2026-01-12 20:03:54 [http-nio-8989-exec-5] DEBUG org.hibernate.SQL - 
    insert 
    into
        loan_repayments
        (created_at, created_by, due_amount, due_date, grace_period_end_date, installment_number, interest_amount, late_payment_fee, loan_id, paid_amount, payment_date, payment_mode, payment_reference, penalty_rate, principal_amount, remaining_principal, remarks, status, total_outstanding, transaction_id, updated_at, updated_by) 
    values
        (?, ?, ?, ?, ?, ?, ?, ?, ?, ?, ?, ?, ?, ?, ?, ?, ?, ?, ?, ?, ?, ?)
2026-01-12 20:03:54 [http-nio-8989-exec-5] DEBUG org.hibernate.SQL - 
    insert 
    into
        loan_repayments
        (created_at, created_by, due_amount, due_date, grace_period_end_date, installment_number, interest_amount, late_payment_fee, loan_id, paid_amount, payment_date, payment_mode, payment_reference, penalty_rate, principal_amount, remaining_principal, remarks, status, total_outstanding, transaction_id, updated_at, updated_by) 
    values
        (?, ?, ?, ?, ?, ?, ?, ?, ?, ?, ?, ?, ?, ?, ?, ?, ?, ?, ?, ?, ?, ?)
2026-01-12 20:03:54 [http-nio-8989-exec-5] DEBUG org.hibernate.SQL - 
    insert 
    into
        loan_repayments
        (created_at, created_by, due_amount, due_date, grace_period_end_date, installment_number, interest_amount, late_payment_fee, loan_id, paid_amount, payment_date, payment_mode, payment_reference, penalty_rate, principal_amount, remaining_principal, remarks, status, total_outstanding, transaction_id, updated_at, updated_by) 
    values
        (?, ?, ?, ?, ?, ?, ?, ?, ?, ?, ?, ?, ?, ?, ?, ?, ?, ?, ?, ?, ?, ?)
2026-01-12 20:03:54 [http-nio-8989-exec-5] DEBUG org.hibernate.SQL - 
    insert 
    into
        loan_repayments
        (created_at, created_by, due_amount, due_date, grace_period_end_date, installment_number, interest_amount, late_payment_fee, loan_id, paid_amount, payment_date, payment_mode, payment_reference, penalty_rate, principal_amount, remaining_principal, remarks, status, total_outstanding, transaction_id, updated_at, updated_by) 
    values
        (?, ?, ?, ?, ?, ?, ?, ?, ?, ?, ?, ?, ?, ?, ?, ?, ?, ?, ?, ?, ?, ?)
2026-01-12 20:03:54 [http-nio-8989-exec-5] DEBUG org.hibernate.SQL - 
    insert 
    into
        loan_repayments
        (created_at, created_by, due_amount, due_date, grace_period_end_date, installment_number, interest_amount, late_payment_fee, loan_id, paid_amount, payment_date, payment_mode, payment_reference, penalty_rate, principal_amount, remaining_principal, remarks, status, total_outstanding, transaction_id, updated_at, updated_by) 
    values
        (?, ?, ?, ?, ?, ?, ?, ?, ?, ?, ?, ?, ?, ?, ?, ?, ?, ?, ?, ?, ?, ?)
2026-01-12 20:03:54 [http-nio-8989-exec-5] DEBUG org.hibernate.SQL - 
    insert 
    into
        loan_repayments
        (created_at, created_by, due_amount, due_date, grace_period_end_date, installment_number, interest_amount, late_payment_fee, loan_id, paid_amount, payment_date, payment_mode, payment_reference, penalty_rate, principal_amount, remaining_principal, remarks, status, total_outstanding, transaction_id, updated_at, updated_by) 
    values
        (?, ?, ?, ?, ?, ?, ?, ?, ?, ?, ?, ?, ?, ?, ?, ?, ?, ?, ?, ?, ?, ?)
2026-01-12 20:03:54 [http-nio-8989-exec-5] DEBUG org.hibernate.SQL - 
    insert 
    into
        loan_repayments
        (created_at, created_by, due_amount, due_date, grace_period_end_date, installment_number, interest_amount, late_payment_fee, loan_id, paid_amount, payment_date, payment_mode, payment_reference, penalty_rate, principal_amount, remaining_principal, remarks, status, total_outstanding, transaction_id, updated_at, updated_by) 
    values
        (?, ?, ?, ?, ?, ?, ?, ?, ?, ?, ?, ?, ?, ?, ?, ?, ?, ?, ?, ?, ?, ?)
2026-01-12 20:03:54 [http-nio-8989-exec-5] DEBUG org.hibernate.SQL - 
    insert 
    into
        loan_repayments
        (created_at, created_by, due_amount, due_date, grace_period_end_date, installment_number, interest_amount, late_payment_fee, loan_id, paid_amount, payment_date, payment_mode, payment_reference, penalty_rate, principal_amount, remaining_principal, remarks, status, total_outstanding, transaction_id, updated_at, updated_by) 
    values
        (?, ?, ?, ?, ?, ?, ?, ?, ?, ?, ?, ?, ?, ?, ?, ?, ?, ?, ?, ?, ?, ?)
2026-01-12 20:03:54 [http-nio-8989-exec-5] DEBUG org.hibernate.SQL - 
    insert 
    into
        loan_repayments
        (created_at, created_by, due_amount, due_date, grace_period_end_date, installment_number, interest_amount, late_payment_fee, loan_id, paid_amount, payment_date, payment_mode, payment_reference, penalty_rate, principal_amount, remaining_principal, remarks, status, total_outstanding, transaction_id, updated_at, updated_by) 
    values
        (?, ?, ?, ?, ?, ?, ?, ?, ?, ?, ?, ?, ?, ?, ?, ?, ?, ?, ?, ?, ?, ?)
2026-01-12 20:03:54 [http-nio-8989-exec-5] DEBUG org.hibernate.SQL - 
    insert 
    into
        loan_repayments
        (created_at, created_by, due_amount, due_date, grace_period_end_date, installment_number, interest_amount, late_payment_fee, loan_id, paid_amount, payment_date, payment_mode, payment_reference, penalty_rate, principal_amount, remaining_principal, remarks, status, total_outstanding, transaction_id, updated_at, updated_by) 
    values
        (?, ?, ?, ?, ?, ?, ?, ?, ?, ?, ?, ?, ?, ?, ?, ?, ?, ?, ?, ?, ?, ?)
2026-01-12 20:03:54 [http-nio-8989-exec-5] DEBUG org.hibernate.SQL - 
    update
        accounts 
    set
        account_number=?,
        account_type=?,
        balance=?,
        created_at=?,
        interest_rate=?,
        last_transaction_at=?,
        minimum_balance=?,
        status=?,
        user_id=? 
    where
        id=?
2026-01-12 20:03:54 [http-nio-8989-exec-5] DEBUG org.hibernate.SQL - 
    update
        loans 
    set
        applied_date=?,
        approved_by=?,
        approved_date=?,
        disbursement_date=?,
        emi_amount=?,
        interest_rate=?,
        account_id=?,
        loan_account_number=?,
        loan_type=?,
        maturity_date=?,
        principal_amount=?,
        status=?,
        tenure_months=?,
        total_amount=?,
        user_id=? 
    where
        id=?
2026-01-12 20:03:54 [http-nio-8989-exec-5] DEBUG o.s.w.s.m.m.a.HttpEntityMethodProcessor - Using 'application/json', given [*/*] and supported [application/json, application/*+json]
2026-01-12 20:03:54 [http-nio-8989-exec-5] DEBUG o.s.w.s.m.m.a.HttpEntityMethodProcessor - Writing [com.app.bank.web.dto.LoanResponse@ec00220]
2026-01-12 20:03:54 [http-nio-8989-exec-5] DEBUG o.s.web.servlet.DispatcherServlet - Completed 200 OK
2026-01-12 20:05:30 [http-nio-8989-exec-8] DEBUG o.s.security.web.FilterChainProxy - Securing GET /api/v1/auth/repayments/schedule/7
2026-01-12 20:05:30 [http-nio-8989-exec-8] DEBUG o.s.s.w.a.AnonymousAuthenticationFilter - Set SecurityContextHolder to anonymous SecurityContext
2026-01-12 20:05:30 [http-nio-8989-exec-8] ERROR c.a.b.w.c.JwtAuthenticationEntryPoint - Unothorized error: Full authentication is required to access this resource
2026-01-12 20:05:30 [http-nio-8989-exec-8] ERROR c.a.b.w.c.JwtAuthenticationEntryPoint - Request URI: /api/v1/auth/repayments/schedule/7
2026-01-12 20:05:55 [http-nio-8989-exec-7] DEBUG o.s.security.web.FilterChainProxy - Securing GET /api/v1/auth/repayments/schedule/7
2026-01-12 20:05:55 [http-nio-8989-exec-7] DEBUG org.hibernate.SQL - 
    select
        u1_0.id,
        u1_0.aadhar_number,
        u1_0.address,
        u1_0.created_at,
        u1_0.email,
        u1_0.failed_login_attempts,
        u1_0.first_name,
        u1_0.last_login_at,
        u1_0.last_name,
        u1_0.monthly_income,
        u1_0.pan_number,
        u1_0.password,
        u1_0.phone,
        u1_0.role,
        u1_0.status,
        u1_0.username 
    from
        users u1_0 
    where
        u1_0.username=?
2026-01-12 20:05:55 [http-nio-8989-exec-7] DEBUG o.s.security.web.FilterChainProxy - Secured GET /api/v1/auth/repayments/schedule/7
2026-01-12 20:05:55 [http-nio-8989-exec-7] DEBUG o.s.web.servlet.DispatcherServlet - GET "/api/v1/auth/repayments/schedule/7", parameters={}
2026-01-12 20:05:55 [http-nio-8989-exec-7] DEBUG o.s.w.s.m.m.a.RequestMappingHandlerMapping - Mapped to com.app.bank.web.controller.LoanRepaymentController#getSchedule(Long)
2026-01-12 20:05:55 [http-nio-8989-exec-7] DEBUG org.hibernate.SQL - 
    select
        lr1_0.id,
        lr1_0.created_at,
        lr1_0.created_by,
        lr1_0.due_amount,
        lr1_0.due_date,
        lr1_0.grace_period_end_date,
        lr1_0.installment_number,
        lr1_0.interest_amount,
        lr1_0.late_payment_fee,
        lr1_0.loan_id,
        lr1_0.paid_amount,
        lr1_0.payment_date,
        lr1_0.payment_mode,
        lr1_0.payment_reference,
        lr1_0.penalty_rate,
        lr1_0.principal_amount,
        lr1_0.remaining_principal,
        lr1_0.remarks,
        lr1_0.status,
        lr1_0.total_outstanding,
        lr1_0.transaction_id,
        lr1_0.updated_at,
        lr1_0.updated_by 
    from
        loan_repayments lr1_0 
    left join
        loans l1_0 
            on l1_0.id=lr1_0.loan_id 
    where
        l1_0.id=?
2026-01-12 20:05:55 [http-nio-8989-exec-7] DEBUG o.s.w.s.m.m.a.HttpEntityMethodProcessor - Using 'application/json', given [*/*] and supported [application/json, application/*+json]
2026-01-12 20:05:55 [http-nio-8989-exec-7] DEBUG o.s.w.s.m.m.a.HttpEntityMethodProcessor - Writing [[com.app.bank.web.model.LoanRepayment@59a11969, com.app.bank.web.model.LoanRepayment@196da843, com.a (truncated)...]
2026-01-12 20:05:55 [http-nio-8989-exec-7] WARN  o.s.w.s.m.s.DefaultHandlerExceptionResolver - Resolved [org.springframework.http.converter.HttpMessageNotWritableException: Could not write JSON: Could not initialize proxy [com.app.bank.web.model.Loan#7] - no session]
2026-01-12 20:05:55 [http-nio-8989-exec-7] DEBUG o.s.web.servlet.DispatcherServlet - Completed 500 INTERNAL_SERVER_ERROR
2026-01-12 20:05:55 [http-nio-8989-exec-7] DEBUG o.s.security.web.FilterChainProxy - Securing GET /error
2026-01-12 20:05:55 [http-nio-8989-exec-7] DEBUG o.s.security.web.FilterChainProxy - Secured GET /error
2026-01-12 20:05:55 [http-nio-8989-exec-7] DEBUG o.s.web.servlet.DispatcherServlet - "ERROR" dispatch for GET "/error", parameters={}
2026-01-12 20:05:55 [http-nio-8989-exec-7] DEBUG o.s.w.s.m.m.a.RequestMappingHandlerMapping - Mapped to org.springframework.boot.autoconfigure.web.servlet.error.BasicErrorController#error(HttpServletRequest)
2026-01-12 20:05:55 [http-nio-8989-exec-7] DEBUG o.s.w.s.m.m.a.HttpEntityMethodProcessor - Found 'Content-Type:application/json' in response
2026-01-12 20:05:55 [http-nio-8989-exec-7] DEBUG o.s.w.s.m.m.a.HttpEntityMethodProcessor - Writing [{timestamp=Mon Jan 12 20:05:55 IST 2026, status=500, error=Internal Server Error, trace=org.springfr (truncated)...]
2026-01-12 20:05:55 [http-nio-8989-exec-7] DEBUG o.s.web.servlet.DispatcherServlet - Exiting from "ERROR" dispatch, status 500
2026-01-12 20:05:55 [http-nio-8989-exec-7] DEBUG o.s.s.w.a.AnonymousAuthenticationFilter - Set SecurityContextHolder to anonymous SecurityContext
2026-01-12 20:08:33 [File Watcher] INFO  o.s.b.d.a.LocalDevToolsAutoConfiguration$RestartingClassPathChangeChangedEventListener - Restarting due to 1 class path change (0 additions, 0 deletions, 1 modification)
2026-01-12 20:08:33 [Thread-6] INFO  o.s.b.w.e.tomcat.GracefulShutdown - Commencing graceful shutdown. Waiting for active requests to complete
2026-01-12 20:08:33 [tomcat-shutdown] INFO  o.a.coyote.http11.Http11NioProtocol - Pausing ProtocolHandler ["http-nio-8989"]
2026-01-12 20:08:33 [tomcat-shutdown] INFO  o.s.b.w.e.tomcat.GracefulShutdown - Graceful shutdown complete
2026-01-12 20:08:33 [Thread-6] INFO  o.a.coyote.http11.Http11NioProtocol - Stopping ProtocolHandler ["http-nio-8989"]
2026-01-12 20:08:33 [Thread-6] INFO  o.s.o.j.LocalContainerEntityManagerFactoryBean - Closing JPA EntityManagerFactory for persistence unit 'default'
2026-01-12 20:08:33 [Thread-6] INFO  com.zaxxer.hikari.HikariDataSource - HikariPool-1 - Shutdown initiated...
2026-01-12 20:08:33 [Thread-6] INFO  com.zaxxer.hikari.HikariDataSource - HikariPool-1 - Shutdown completed.
2026-01-12 20:08:33 [restartedMain] INFO  c.app.bank.web.ZplusbankApplication - Starting ZplusbankApplication using Java 17.0.10 with PID 17784 (C:\Users\91790\Documents\workspace-spring-tools-for-eclipse-5.0.0.RELEASE\zplusbank\target\classes started by 91790 in C:\Users\91790\Documents\workspace-spring-tools-for-eclipse-5.0.0.RELEASE\zplusbank)
2026-01-12 20:08:33 [restartedMain] INFO  c.app.bank.web.ZplusbankApplication - No active profile set, falling back to 1 default profile: "default"
2026-01-12 20:08:33 [restartedMain] INFO  o.s.d.r.c.RepositoryConfigurationDelegate - Bootstrapping Spring Data JPA repositories in DEFAULT mode.
2026-01-12 20:08:33 [restartedMain] INFO  o.s.d.r.c.RepositoryConfigurationDelegate - Finished Spring Data repository scanning in 21 ms. Found 5 JPA repository interfaces.
2026-01-12 20:08:33 [restartedMain] INFO  o.s.b.w.e.tomcat.TomcatWebServer - Tomcat initialized with port 8989 (http)
2026-01-12 20:08:33 [restartedMain] INFO  o.a.coyote.http11.Http11NioProtocol - Initializing ProtocolHandler ["http-nio-8989"]
2026-01-12 20:08:33 [restartedMain] INFO  o.a.catalina.core.StandardService - Starting service [Tomcat]
2026-01-12 20:08:33 [restartedMain] INFO  o.a.catalina.core.StandardEngine - Starting Servlet engine: [Apache Tomcat/10.1.50]
2026-01-12 20:08:33 [restartedMain] INFO  o.a.c.c.C.[Tomcat].[localhost].[/] - Initializing Spring embedded WebApplicationContext
2026-01-12 20:08:33 [restartedMain] INFO  o.s.b.w.s.c.ServletWebServerApplicationContext - Root WebApplicationContext: initialization completed in 353 ms
2026-01-12 20:08:33 [restartedMain] INFO  o.h.jpa.internal.util.LogHelper - HHH000204: Processing PersistenceUnitInfo [name: default]
2026-01-12 20:08:33 [restartedMain] INFO  o.h.c.i.RegionFactoryInitiator - HHH000026: Second-level cache disabled
2026-01-12 20:08:33 [restartedMain] INFO  o.s.o.j.p.SpringPersistenceUnitInfo - No LoadTimeWeaver setup: ignoring JPA class transformer
2026-01-12 20:08:33 [restartedMain] INFO  com.zaxxer.hikari.HikariDataSource - HikariPool-2 - Starting...
2026-01-12 20:08:33 [restartedMain] INFO  com.zaxxer.hikari.pool.HikariPool - HikariPool-2 - Added connection com.mysql.cj.jdbc.ConnectionImpl@f604124
2026-01-12 20:08:33 [restartedMain] INFO  com.zaxxer.hikari.HikariDataSource - HikariPool-2 - Start completed.
2026-01-12 20:08:33 [restartedMain] WARN  org.hibernate.orm.deprecation - HHH90000025: MySQL8Dialect does not need to be specified explicitly using 'hibernate.dialect' (remove the property setting and it will be selected by default)
2026-01-12 20:08:33 [restartedMain] WARN  org.hibernate.orm.deprecation - HHH90000026: MySQL8Dialect has been deprecated; use org.hibernate.dialect.MySQLDialect instead
2026-01-12 20:08:33 [restartedMain] INFO  o.hibernate.orm.connections.pooling - HHH10001005: Database info:
	Database JDBC URL [Connecting through datasource 'HikariDataSource (HikariPool-2)']
	Database driver: undefined/unknown
	Database version: 8.0
	Autocommit mode: undefined/unknown
	Isolation level: undefined/unknown
	Minimum pool size: undefined/unknown
	Maximum pool size: undefined/unknown
2026-01-12 20:08:33 [restartedMain] INFO  o.h.e.t.j.p.i.JtaPlatformInitiator - HHH000489: No JTA platform available (set 'hibernate.transaction.jta.platform' to enable JTA platform integration)
2026-01-12 20:08:33 [restartedMain] DEBUG org.hibernate.SQL - 
    alter table loan_repayments 
       modify column status enum ('ADVANCED_PAID','DEFAULTED','OVERDUE','PAID','PARTIALLY_PAID','PENDING','WAIVED_OFF') not null
2026-01-12 20:08:33 [restartedMain] INFO  o.s.o.j.LocalContainerEntityManagerFactoryBean - Initialized JPA EntityManagerFactory for persistence unit 'default'
2026-01-12 20:08:33 [restartedMain] DEBUG o.h.s.internal.StatisticsInitiator - Statistics initialized [enabled=false]
2026-01-12 20:08:33 [restartedMain] INFO  o.s.s.c.a.a.c.InitializeAuthenticationProviderBeanManagerConfigurer$InitializeAuthenticationProviderManagerConfigurer - Global AuthenticationManager configured with AuthenticationProvider bean with name authenticationProvider
2026-01-12 20:08:33 [restartedMain] WARN  o.s.s.c.a.a.c.InitializeUserDetailsBeanManagerConfigurer$InitializeUserDetailsManagerConfigurer - Global AuthenticationManager configured with an AuthenticationProvider bean. UserDetailsService beans will not be used by Spring Security for automatically configuring username/password login. Consider removing the AuthenticationProvider bean. Alternatively, consider using the UserDetailsService in a manually instantiated DaoAuthenticationProvider. If the current configuration is intentional, to turn off this warning, increase the logging level of 'org.springframework.security.config.annotation.authentication.configuration.InitializeUserDetailsBeanManagerConfigurer' to ERROR
2026-01-12 20:08:34 [restartedMain] DEBUG o.s.w.s.m.m.a.RequestMappingHandlerMapping - 26 mappings in 'requestMappingHandlerMapping'
2026-01-12 20:08:34 [restartedMain] DEBUG o.s.w.s.h.SimpleUrlHandlerMapping - Patterns [/webjars/**, /**] in 'resourceHandlerMapping'
2026-01-12 20:08:34 [restartedMain] DEBUG o.s.s.web.DefaultSecurityFilterChain - Will secure any request with filters: DisableEncodeUrlFilter, WebAsyncManagerIntegrationFilter, SecurityContextHolderFilter, HeaderWriterFilter, CorsFilter, LogoutFilter, JwtAuthenticationFilter, RequestCacheAwareFilter, SecurityContextHolderAwareRequestFilter, AnonymousAuthenticationFilter, SessionManagementFilter, ExceptionTranslationFilter, AuthorizationFilter
2026-01-12 20:08:34 [restartedMain] DEBUG o.s.w.s.m.m.a.RequestMappingHandlerAdapter - ControllerAdvice beans: 0 @ModelAttribute, 0 @InitBinder, 1 RequestBodyAdvice, 1 ResponseBodyAdvice
2026-01-12 20:08:34 [restartedMain] WARN  o.s.b.a.t.ThymeleafAutoConfiguration$DefaultTemplateResolverConfiguration - Cannot find template location: classpath:/templates/emails/ (please add some templates, check your Thymeleaf configuration, or set spring.thymeleaf.check-template-location=false)
2026-01-12 20:08:34 [restartedMain] DEBUG o.s.w.s.m.m.a.ExceptionHandlerExceptionResolver - ControllerAdvice beans: 0 @ExceptionHandler, 1 ResponseBodyAdvice
2026-01-12 20:08:34 [restartedMain] INFO  o.s.b.d.a.OptionalLiveReloadServer - LiveReload server is running on port 35729
2026-01-12 20:08:34 [restartedMain] INFO  o.a.coyote.http11.Http11NioProtocol - Starting ProtocolHandler ["http-nio-8989"]
2026-01-12 20:08:34 [restartedMain] INFO  o.s.b.w.e.tomcat.TomcatWebServer - Tomcat started on port 8989 (http) with context path '/'
2026-01-12 20:08:34 [restartedMain] INFO  c.app.bank.web.ZplusbankApplication - Started ZplusbankApplication in 1.134 seconds (process running for 530.03)
2026-01-12 20:08:34 [restartedMain] INFO  o.s.b.d.a.ConditionEvaluationDeltaLoggingListener - Condition evaluation unchanged
2026-01-12 20:08:37 [http-nio-8989-exec-2] INFO  o.a.c.c.C.[Tomcat].[localhost].[/] - Initializing Spring DispatcherServlet 'dispatcherServlet'
2026-01-12 20:08:37 [http-nio-8989-exec-2] INFO  o.s.web.servlet.DispatcherServlet - Initializing Servlet 'dispatcherServlet'
2026-01-12 20:08:37 [http-nio-8989-exec-2] DEBUG o.s.web.servlet.DispatcherServlet - Detected StandardServletMultipartResolver
2026-01-12 20:08:37 [http-nio-8989-exec-2] DEBUG o.s.web.servlet.DispatcherServlet - Detected AcceptHeaderLocaleResolver
2026-01-12 20:08:37 [http-nio-8989-exec-2] DEBUG o.s.web.servlet.DispatcherServlet - Detected FixedThemeResolver
2026-01-12 20:08:37 [http-nio-8989-exec-2] DEBUG o.s.web.servlet.DispatcherServlet - Detected org.springframework.web.servlet.view.DefaultRequestToViewNameTranslator@1907825c
2026-01-12 20:08:37 [http-nio-8989-exec-2] DEBUG o.s.web.servlet.DispatcherServlet - Detected org.springframework.web.servlet.support.SessionFlashMapManager@4593494a
2026-01-12 20:08:37 [http-nio-8989-exec-2] DEBUG o.s.web.servlet.DispatcherServlet - enableLoggingRequestDetails='false': request parameters and headers will be masked to prevent unsafe logging of potentially sensitive data
2026-01-12 20:08:37 [http-nio-8989-exec-2] INFO  o.s.web.servlet.DispatcherServlet - Completed initialization in 1 ms
2026-01-12 20:08:37 [http-nio-8989-exec-2] DEBUG o.s.security.web.FilterChainProxy - Securing GET /api/v1/auth/repayments/schedule/7
2026-01-12 20:08:37 [http-nio-8989-exec-2] DEBUG org.hibernate.SQL - 
    select
        u1_0.id,
        u1_0.aadhar_number,
        u1_0.address,
        u1_0.created_at,
        u1_0.email,
        u1_0.failed_login_attempts,
        u1_0.first_name,
        u1_0.last_login_at,
        u1_0.last_name,
        u1_0.monthly_income,
        u1_0.pan_number,
        u1_0.password,
        u1_0.phone,
        u1_0.role,
        u1_0.status,
        u1_0.username 
    from
        users u1_0 
    where
        u1_0.username=?
2026-01-12 20:08:37 [http-nio-8989-exec-2] DEBUG o.s.security.web.FilterChainProxy - Secured GET /api/v1/auth/repayments/schedule/7
2026-01-12 20:08:37 [http-nio-8989-exec-2] DEBUG o.s.web.servlet.DispatcherServlet - GET "/api/v1/auth/repayments/schedule/7", parameters={}
2026-01-12 20:08:37 [http-nio-8989-exec-2] DEBUG o.s.w.s.m.m.a.RequestMappingHandlerMapping - Mapped to com.app.bank.web.controller.LoanRepaymentController#getSchedule(Long)
2026-01-12 20:08:37 [http-nio-8989-exec-2] DEBUG org.hibernate.SQL - 
    select
        lr1_0.id,
        lr1_0.created_at,
        lr1_0.created_by,
        lr1_0.due_amount,
        lr1_0.due_date,
        lr1_0.grace_period_end_date,
        lr1_0.installment_number,
        lr1_0.interest_amount,
        lr1_0.late_payment_fee,
        lr1_0.loan_id,
        lr1_0.paid_amount,
        lr1_0.payment_date,
        lr1_0.payment_mode,
        lr1_0.payment_reference,
        lr1_0.penalty_rate,
        lr1_0.principal_amount,
        lr1_0.remaining_principal,
        lr1_0.remarks,
        lr1_0.status,
        lr1_0.total_outstanding,
        lr1_0.transaction_id,
        lr1_0.updated_at,
        lr1_0.updated_by 
    from
        loan_repayments lr1_0 
    left join
        loans l1_0 
            on l1_0.id=lr1_0.loan_id 
    where
        l1_0.id=?
2026-01-12 20:08:37 [http-nio-8989-exec-2] DEBUG o.s.w.s.m.m.a.HttpEntityMethodProcessor - Using 'application/json', given [*/*] and supported [application/json, application/*+json]
2026-01-12 20:08:37 [http-nio-8989-exec-2] DEBUG o.s.w.s.m.m.a.HttpEntityMethodProcessor - Writing [[com.app.bank.web.model.LoanRepayment@1e5ac362, com.app.bank.web.model.LoanRepayment@5136981e, com.a (truncated)...]
2026-01-12 20:08:37 [http-nio-8989-exec-2] DEBUG o.s.web.servlet.DispatcherServlet - Completed 200 OK
2026-01-12 20:09:41 [http-nio-8989-exec-5] DEBUG o.s.security.web.FilterChainProxy - Securing GET /api/v1/auth/repayments/next-due/7
2026-01-12 20:09:41 [http-nio-8989-exec-5] DEBUG org.hibernate.SQL - 
    select
        u1_0.id,
        u1_0.aadhar_number,
        u1_0.address,
        u1_0.created_at,
        u1_0.email,
        u1_0.failed_login_attempts,
        u1_0.first_name,
        u1_0.last_login_at,
        u1_0.last_name,
        u1_0.monthly_income,
        u1_0.pan_number,
        u1_0.password,
        u1_0.phone,
        u1_0.role,
        u1_0.status,
        u1_0.username 
    from
        users u1_0 
    where
        u1_0.username=?
2026-01-12 20:09:41 [http-nio-8989-exec-5] DEBUG o.s.security.web.FilterChainProxy - Secured GET /api/v1/auth/repayments/next-due/7
2026-01-12 20:09:41 [http-nio-8989-exec-5] DEBUG o.s.web.servlet.DispatcherServlet - GET "/api/v1/auth/repayments/next-due/7", parameters={}
2026-01-12 20:09:41 [http-nio-8989-exec-5] DEBUG o.s.w.s.m.m.a.RequestMappingHandlerMapping - Mapped to com.app.bank.web.controller.LoanRepaymentController#getNextDueRepayment(Long)
2026-01-12 20:09:41 [http-nio-8989-exec-5] DEBUG org.hibernate.SQL - 
    select
        lr1_0.id,
        lr1_0.created_at,
        lr1_0.created_by,
        lr1_0.due_amount,
        lr1_0.due_date,
        lr1_0.grace_period_end_date,
        lr1_0.installment_number,
        lr1_0.interest_amount,
        lr1_0.late_payment_fee,
        lr1_0.loan_id,
        lr1_0.paid_amount,
        lr1_0.payment_date,
        lr1_0.payment_mode,
        lr1_0.payment_reference,
        lr1_0.penalty_rate,
        lr1_0.principal_amount,
        lr1_0.remaining_principal,
        lr1_0.remarks,
        lr1_0.status,
        lr1_0.total_outstanding,
        lr1_0.transaction_id,
        lr1_0.updated_at,
        lr1_0.updated_by 
    from
        loan_repayments lr1_0 
    where
        lr1_0.loan_id=? 
        and lr1_0.status='PENDING' 
    order by
        lr1_0.due_date
2026-01-12 20:09:41 [http-nio-8989-exec-5] DEBUG o.s.web.servlet.DispatcherServlet - Failed to complete request: org.springframework.dao.IncorrectResultSizeDataAccessException: Query did not return a unique result: 24 results were returned
2026-01-12 20:09:41 [http-nio-8989-exec-5] ERROR o.a.c.c.C.[.[.[.[dispatcherServlet] - Servlet.service() for servlet [dispatcherServlet] in context with path [] threw exception [Request processing failed: org.springframework.dao.IncorrectResultSizeDataAccessException: Query did not return a unique result: 24 results were returned] with root cause
org.hibernate.NonUniqueResultException: Query did not return a unique result: 24 results were returned
	at org.hibernate.query.spi.AbstractSelectionQuery.uniqueElement(AbstractSelectionQuery.java:298)
	at org.hibernate.query.spi.AbstractSelectionQuery.getSingleResult(AbstractSelectionQuery.java:281)
	at java.base/jdk.internal.reflect.NativeMethodAccessorImpl.invoke0(Native Method)
	at java.base/jdk.internal.reflect.NativeMethodAccessorImpl.invoke(NativeMethodAccessorImpl.java:77)
	at java.base/jdk.internal.reflect.DelegatingMethodAccessorImpl.invoke(DelegatingMethodAccessorImpl.java:43)
	at java.base/java.lang.reflect.Method.invoke(Method.java:568)
	at org.springframework.orm.jpa.SharedEntityManagerCreator$DeferredQueryInvocationHandler.invoke(SharedEntityManagerCreator.java:419)
	at jdk.proxy6/jdk.proxy6.$Proxy173.getSingleResult(Unknown Source)
	at org.springframework.data.jpa.repository.query.JpaQueryExecution$SingleEntityExecution.doExecute(JpaQueryExecution.java:226)
	at org.springframework.data.jpa.repository.query.JpaQueryExecution.execute(JpaQueryExecution.java:95)
	at org.springframework.data.jpa.repository.query.AbstractJpaQuery.doExecute(AbstractJpaQuery.java:160)
	at org.springframework.data.jpa.repository.query.AbstractJpaQuery.execute(AbstractJpaQuery.java:148)
	at org.springframework.data.repository.core.support.RepositoryMethodInvoker.doInvoke(RepositoryMethodInvoker.java:170)
	at org.springframework.data.repository.core.support.RepositoryMethodInvoker.invoke(RepositoryMethodInvoker.java:158)
	at org.springframework.data.repository.core.support.QueryExecutorMethodInterceptor.doInvoke(QueryExecutorMethodInterceptor.java:170)
	at org.springframework.data.repository.core.support.QueryExecutorMethodInterceptor.invoke(QueryExecutorMethodInterceptor.java:149)
	at org.springframework.aop.framework.ReflectiveMethodInvocation.proceed(ReflectiveMethodInvocation.java:184)
	at org.springframework.data.projection.DefaultMethodInvokingMethodInterceptor.invoke(DefaultMethodInvokingMethodInterceptor.java:69)
	at org.springframework.aop.framework.ReflectiveMethodInvocation.proceed(ReflectiveMethodInvocation.java:184)
	at org.springframework.transaction.interceptor.TransactionAspectSupport.invokeWithinTransaction(TransactionAspectSupport.java:380)
	at org.springframework.transaction.interceptor.TransactionInterceptor.invoke(TransactionInterceptor.java:119)
	at org.springframework.aop.framework.ReflectiveMethodInvocation.proceed(ReflectiveMethodInvocation.java:184)
	at org.springframework.dao.support.PersistenceExceptionTranslationInterceptor.invoke(PersistenceExceptionTranslationInterceptor.java:138)
	at org.springframework.aop.framework.ReflectiveMethodInvocation.proceed(ReflectiveMethodInvocation.java:184)
	at org.springframework.data.jpa.repository.support.CrudMethodMetadataPostProcessor$CrudMethodMetadataPopulatingMethodInterceptor.invoke(CrudMethodMetadataPostProcessor.java:136)
	at org.springframework.aop.framework.ReflectiveMethodInvocation.proceed(ReflectiveMethodInvocation.java:184)
	at org.springframework.aop.framework.JdkDynamicAopProxy.invoke(JdkDynamicAopProxy.java:223)
	at jdk.proxy6/jdk.proxy6.$Proxy172.findNextDueRepayment(Unknown Source)
	at com.app.bank.web.service.LoanRepaymentService.getNextDueRepayment(LoanRepaymentService.java:47)
	at java.base/jdk.internal.reflect.NativeMethodAccessorImpl.invoke0(Native Method)
	at java.base/jdk.internal.reflect.NativeMethodAccessorImpl.invoke(NativeMethodAccessorImpl.java:77)
	at java.base/jdk.internal.reflect.DelegatingMethodAccessorImpl.invoke(DelegatingMethodAccessorImpl.java:43)
	at java.base/java.lang.reflect.Method.invoke(Method.java:568)
	at org.springframework.aop.support.AopUtils.invokeJoinpointUsingReflection(AopUtils.java:360)
	at org.springframework.aop.framework.CglibAopProxy$DynamicAdvisedInterceptor.intercept(CglibAopProxy.java:724)
	at com.app.bank.web.service.LoanRepaymentService$$SpringCGLIB$$0.getNextDueRepayment(<generated>)
	at com.app.bank.web.controller.LoanRepaymentController.getNextDueRepayment(LoanRepaymentController.java:33)
	at java.base/jdk.internal.reflect.NativeMethodAccessorImpl.invoke0(Native Method)
	at java.base/jdk.internal.reflect.NativeMethodAccessorImpl.invoke(NativeMethodAccessorImpl.java:77)
	at java.base/jdk.internal.reflect.DelegatingMethodAccessorImpl.invoke(DelegatingMethodAccessorImpl.java:43)
	at java.base/java.lang.reflect.Method.invoke(Method.java:568)
	at org.springframework.web.method.support.InvocableHandlerMethod.doInvoke(InvocableHandlerMethod.java:258)
	at org.springframework.web.method.support.InvocableHandlerMethod.invokeForRequest(InvocableHandlerMethod.java:191)
	at org.springframework.web.servlet.mvc.method.annotation.ServletInvocableHandlerMethod.invokeAndHandle(ServletInvocableHandlerMethod.java:118)
	at org.springframework.web.servlet.mvc.method.annotation.RequestMappingHandlerAdapter.invokeHandlerMethod(RequestMappingHandlerAdapter.java:991)
	at org.springframework.web.servlet.mvc.method.annotation.RequestMappingHandlerAdapter.handleInternal(RequestMappingHandlerAdapter.java:896)
	at org.springframework.web.servlet.mvc.method.AbstractHandlerMethodAdapter.handle(AbstractHandlerMethodAdapter.java:87)
	at org.springframework.web.servlet.DispatcherServlet.doDispatch(DispatcherServlet.java:1089)
	at org.springframework.web.servlet.DispatcherServlet.doService(DispatcherServlet.java:979)
	at org.springframework.web.servlet.FrameworkServlet.processRequest(FrameworkServlet.java:1014)
	at org.springframework.web.servlet.FrameworkServlet.doGet(FrameworkServlet.java:903)
	at jakarta.servlet.http.HttpServlet.service(HttpServlet.java:564)
	at org.springframework.web.servlet.FrameworkServlet.service(FrameworkServlet.java:885)
	at jakarta.servlet.http.HttpServlet.service(HttpServlet.java:658)
	at org.apache.catalina.core.ApplicationFilterChain.internalDoFilter(ApplicationFilterChain.java:193)
	at org.apache.catalina.core.ApplicationFilterChain.doFilter(ApplicationFilterChain.java:138)
	at org.apache.tomcat.websocket.server.WsFilter.doFilter(WsFilter.java:51)
	at org.apache.catalina.core.ApplicationFilterChain.internalDoFilter(ApplicationFilterChain.java:162)
	at org.apache.catalina.core.ApplicationFilterChain.doFilter(ApplicationFilterChain.java:138)
	at org.springframework.web.filter.OncePerRequestFilter.doFilter(OncePerRequestFilter.java:110)
	at org.apache.catalina.core.ApplicationFilterChain.internalDoFilter(ApplicationFilterChain.java:162)
	at org.apache.catalina.core.ApplicationFilterChain.doFilter(ApplicationFilterChain.java:138)
	at org.springframework.web.filter.CompositeFilter$VirtualFilterChain.doFilter(CompositeFilter.java:108)
	at org.springframework.web.filter.CompositeFilter$VirtualFilterChain.doFilter(CompositeFilter.java:108)
	at org.springframework.security.web.FilterChainProxy.lambda$doFilterInternal$3(FilterChainProxy.java:231)
	at org.springframework.security.web.FilterChainProxy$VirtualFilterChain.doFilter(FilterChainProxy.java:365)
	at org.springframework.security.web.access.intercept.AuthorizationFilter.doFilter(AuthorizationFilter.java:101)
	at org.springframework.security.web.FilterChainProxy$VirtualFilterChain.doFilter(FilterChainProxy.java:374)
	at org.springframework.security.web.access.ExceptionTranslationFilter.doFilter(ExceptionTranslationFilter.java:125)
	at org.springframework.security.web.access.ExceptionTranslationFilter.doFilter(ExceptionTranslationFilter.java:119)
	at org.springframework.security.web.FilterChainProxy$VirtualFilterChain.doFilter(FilterChainProxy.java:374)
	at org.springframework.security.web.session.SessionManagementFilter.doFilter(SessionManagementFilter.java:131)
	at org.springframework.security.web.session.SessionManagementFilter.doFilter(SessionManagementFilter.java:85)
	at org.springframework.security.web.FilterChainProxy$VirtualFilterChain.doFilter(FilterChainProxy.java:374)
	at org.springframework.security.web.authentication.AnonymousAuthenticationFilter.doFilter(AnonymousAuthenticationFilter.java:100)
	at org.springframework.security.web.FilterChainProxy$VirtualFilterChain.doFilter(FilterChainProxy.java:374)
	at org.springframework.security.web.servletapi.SecurityContextHolderAwareRequestFilter.doFilter(SecurityContextHolderAwareRequestFilter.java:179)
	at org.springframework.security.web.FilterChainProxy$VirtualFilterChain.doFilter(FilterChainProxy.java:374)
	at org.springframework.security.web.savedrequest.RequestCacheAwareFilter.doFilter(RequestCacheAwareFilter.java:63)
	at org.springframework.security.web.FilterChainProxy$VirtualFilterChain.doFilter(FilterChainProxy.java:374)
	at com.app.bank.web.security.JwtAuthenticationFilter.doFilterInternal(JwtAuthenticationFilter.java:137)
	at org.springframework.web.filter.OncePerRequestFilter.doFilter(OncePerRequestFilter.java:116)
	at org.springframework.security.web.FilterChainProxy$VirtualFilterChain.doFilter(FilterChainProxy.java:374)
	at org.springframework.security.web.authentication.logout.LogoutFilter.doFilter(LogoutFilter.java:107)
	at org.springframework.security.web.authentication.logout.LogoutFilter.doFilter(LogoutFilter.java:93)
	at org.springframework.security.web.FilterChainProxy$VirtualFilterChain.doFilter(FilterChainProxy.java:374)
	at org.springframework.web.filter.CorsFilter.doFilterInternal(CorsFilter.java:91)
	at org.springframework.web.filter.OncePerRequestFilter.doFilter(OncePerRequestFilter.java:116)
	at org.springframework.security.web.FilterChainProxy$VirtualFilterChain.doFilter(FilterChainProxy.java:374)
	at org.springframework.security.web.header.HeaderWriterFilter.doHeadersAfter(HeaderWriterFilter.java:90)
	at org.springframework.security.web.header.HeaderWriterFilter.doFilterInternal(HeaderWriterFilter.java:75)
	at org.springframework.web.filter.OncePerRequestFilter.doFilter(OncePerRequestFilter.java:116)
	at org.springframework.security.web.FilterChainProxy$VirtualFilterChain.doFilter(FilterChainProxy.java:374)
	at org.springframework.security.web.context.SecurityContextHolderFilter.doFilter(SecurityContextHolderFilter.java:82)
	at org.springframework.security.web.context.SecurityContextHolderFilter.doFilter(SecurityContextHolderFilter.java:69)
	at org.springframework.security.web.FilterChainProxy$VirtualFilterChain.doFilter(FilterChainProxy.java:374)
	at org.springframework.security.web.context.request.async.WebAsyncManagerIntegrationFilter.doFilterInternal(WebAsyncManagerIntegrationFilter.java:62)
	at org.springframework.web.filter.OncePerRequestFilter.doFilter(OncePerRequestFilter.java:116)
	at org.springframework.security.web.FilterChainProxy$VirtualFilterChain.doFilter(FilterChainProxy.java:374)
	at org.springframework.security.web.session.DisableEncodeUrlFilter.doFilterInternal(DisableEncodeUrlFilter.java:42)
	at org.springframework.web.filter.OncePerRequestFilter.doFilter(OncePerRequestFilter.java:116)
	at org.springframework.security.web.FilterChainProxy$VirtualFilterChain.doFilter(FilterChainProxy.java:374)
	at org.springframework.security.web.FilterChainProxy.doFilterInternal(FilterChainProxy.java:233)
	at org.springframework.security.web.FilterChainProxy.doFilter(FilterChainProxy.java:191)
	at org.springframework.web.filter.CompositeFilter$VirtualFilterChain.doFilter(CompositeFilter.java:113)
	at org.springframework.web.filter.ServletRequestPathFilter.doFilter(ServletRequestPathFilter.java:52)
	at org.springframework.web.filter.CompositeFilter$VirtualFilterChain.doFilter(CompositeFilter.java:113)
	at org.springframework.web.filter.CompositeFilter.doFilter(CompositeFilter.java:74)
	at org.springframework.security.config.annotation.web.configuration.WebSecurityConfiguration$CompositeFilterChainProxy.doFilter(WebSecurityConfiguration.java:319)
	at org.springframework.web.filter.CompositeFilter$VirtualFilterChain.doFilter(CompositeFilter.java:113)
	at org.springframework.web.servlet.handler.HandlerMappingIntrospector.lambda$createCacheFilter$4(HandlerMappingIntrospector.java:267)
	at org.springframework.web.filter.CompositeFilter$VirtualFilterChain.doFilter(CompositeFilter.java:113)
	at org.springframework.web.filter.CompositeFilter.doFilter(CompositeFilter.java:74)
	at org.springframework.security.config.annotation.web.configuration.WebMvcSecurityConfiguration$CompositeFilterChainProxy.doFilter(WebMvcSecurityConfiguration.java:240)
	at org.springframework.web.filter.DelegatingFilterProxy.invokeDelegate(DelegatingFilterProxy.java:362)
	at org.springframework.web.filter.DelegatingFilterProxy.doFilter(DelegatingFilterProxy.java:278)
	at org.apache.catalina.core.ApplicationFilterChain.internalDoFilter(ApplicationFilterChain.java:162)
	at org.apache.catalina.core.ApplicationFilterChain.doFilter(ApplicationFilterChain.java:138)
	at org.springframework.web.filter.RequestContextFilter.doFilterInternal(RequestContextFilter.java:100)
	at org.springframework.web.filter.OncePerRequestFilter.doFilter(OncePerRequestFilter.java:116)
	at org.apache.catalina.core.ApplicationFilterChain.internalDoFilter(ApplicationFilterChain.java:162)
	at org.apache.catalina.core.ApplicationFilterChain.doFilter(ApplicationFilterChain.java:138)
	at org.springframework.web.filter.FormContentFilter.doFilterInternal(FormContentFilter.java:93)
	at org.springframework.web.filter.OncePerRequestFilter.doFilter(OncePerRequestFilter.java:116)
	at org.apache.catalina.core.ApplicationFilterChain.internalDoFilter(ApplicationFilterChain.java:162)
	at org.apache.catalina.core.ApplicationFilterChain.doFilter(ApplicationFilterChain.java:138)
	at org.springframework.web.filter.CharacterEncodingFilter.doFilterInternal(CharacterEncodingFilter.java:201)
	at org.springframework.web.filter.OncePerRequestFilter.doFilter(OncePerRequestFilter.java:116)
	at org.apache.catalina.core.ApplicationFilterChain.internalDoFilter(ApplicationFilterChain.java:162)
	at org.apache.catalina.core.ApplicationFilterChain.doFilter(ApplicationFilterChain.java:138)
	at org.apache.catalina.core.StandardWrapperValve.invoke(StandardWrapperValve.java:165)
	at org.apache.catalina.core.StandardContextValve.invoke(StandardContextValve.java:88)
	at org.apache.catalina.authenticator.AuthenticatorBase.invoke(AuthenticatorBase.java:482)
	at org.apache.catalina.core.StandardHostValve.invoke(StandardHostValve.java:113)
	at org.apache.catalina.valves.ErrorReportValve.invoke(ErrorReportValve.java:83)
	at org.apache.catalina.core.StandardEngineValve.invoke(StandardEngineValve.java:72)
	at org.apache.catalina.connector.CoyoteAdapter.service(CoyoteAdapter.java:342)
	at org.apache.coyote.http11.Http11Processor.service(Http11Processor.java:399)
	at org.apache.coyote.AbstractProcessorLight.process(AbstractProcessorLight.java:63)
	at org.apache.coyote.AbstractProtocol$ConnectionHandler.process(AbstractProtocol.java:903)
	at org.apache.tomcat.util.net.NioEndpoint$SocketProcessor.doRun(NioEndpoint.java:1774)
	at org.apache.tomcat.util.net.SocketProcessorBase.run(SocketProcessorBase.java:52)
	at org.apache.tomcat.util.threads.ThreadPoolExecutor.runWorker(ThreadPoolExecutor.java:973)
	at org.apache.tomcat.util.threads.ThreadPoolExecutor$Worker.run(ThreadPoolExecutor.java:491)
	at org.apache.tomcat.util.threads.TaskThread$WrappingRunnable.run(TaskThread.java:63)
	at java.base/java.lang.Thread.run(Thread.java:842)
2026-01-12 20:09:41 [http-nio-8989-exec-5] DEBUG o.s.security.web.FilterChainProxy - Securing GET /error
2026-01-12 20:09:41 [http-nio-8989-exec-5] DEBUG o.s.security.web.FilterChainProxy - Secured GET /error
2026-01-12 20:09:41 [http-nio-8989-exec-5] DEBUG o.s.web.servlet.DispatcherServlet - "ERROR" dispatch for GET "/error", parameters={}
2026-01-12 20:09:41 [http-nio-8989-exec-5] DEBUG o.s.w.s.m.m.a.RequestMappingHandlerMapping - Mapped to org.springframework.boot.autoconfigure.web.servlet.error.BasicErrorController#error(HttpServletRequest)
2026-01-12 20:09:41 [http-nio-8989-exec-5] DEBUG o.s.w.s.m.m.a.HttpEntityMethodProcessor - Using 'application/json', given [*/*] and supported [application/json, application/*+json]
2026-01-12 20:09:41 [http-nio-8989-exec-5] DEBUG o.s.w.s.m.m.a.HttpEntityMethodProcessor - Writing [{timestamp=Mon Jan 12 20:09:41 IST 2026, status=500, error=Internal Server Error, trace=org.springfr (truncated)...]
2026-01-12 20:09:41 [http-nio-8989-exec-5] DEBUG o.s.web.servlet.DispatcherServlet - Exiting from "ERROR" dispatch, status 500
2026-01-12 20:09:41 [http-nio-8989-exec-5] DEBUG o.s.s.w.a.AnonymousAuthenticationFilter - Set SecurityContextHolder to anonymous SecurityContext
2026-01-12 20:10:24 [http-nio-8989-exec-6] DEBUG o.s.security.web.FilterChainProxy - Securing GET /api/v1/auth/repayments/overdue/7
2026-01-12 20:10:24 [http-nio-8989-exec-6] DEBUG org.hibernate.SQL - 
    select
        u1_0.id,
        u1_0.aadhar_number,
        u1_0.address,
        u1_0.created_at,
        u1_0.email,
        u1_0.failed_login_attempts,
        u1_0.first_name,
        u1_0.last_login_at,
        u1_0.last_name,
        u1_0.monthly_income,
        u1_0.pan_number,
        u1_0.password,
        u1_0.phone,
        u1_0.role,
        u1_0.status,
        u1_0.username 
    from
        users u1_0 
    where
        u1_0.username=?
2026-01-12 20:10:24 [http-nio-8989-exec-6] DEBUG o.s.security.web.FilterChainProxy - Secured GET /api/v1/auth/repayments/overdue/7
2026-01-12 20:10:24 [http-nio-8989-exec-6] DEBUG o.s.web.servlet.DispatcherServlet - GET "/api/v1/auth/repayments/overdue/7", parameters={}
2026-01-12 20:10:24 [http-nio-8989-exec-6] DEBUG o.s.w.s.m.m.a.RequestMappingHandlerMapping - Mapped to com.app.bank.web.controller.LoanRepaymentController#getOverduePayments(Long)
2026-01-12 20:10:24 [http-nio-8989-exec-6] DEBUG org.hibernate.SQL - 
    select
        lr1_0.id,
        lr1_0.created_at,
        lr1_0.created_by,
        lr1_0.due_amount,
        lr1_0.due_date,
        lr1_0.grace_period_end_date,
        lr1_0.installment_number,
        lr1_0.interest_amount,
        lr1_0.late_payment_fee,
        lr1_0.loan_id,
        lr1_0.paid_amount,
        lr1_0.payment_date,
        lr1_0.payment_mode,
        lr1_0.payment_reference,
        lr1_0.penalty_rate,
        lr1_0.principal_amount,
        lr1_0.remaining_principal,
        lr1_0.remarks,
        lr1_0.status,
        lr1_0.total_outstanding,
        lr1_0.transaction_id,
        lr1_0.updated_at,
        lr1_0.updated_by 
    from
        loan_repayments lr1_0 
    where
        lr1_0.loan_id=? 
        and lr1_0.status in ('PENDING', 'PARTIALLY_PAID') 
        and lr1_0.due_date<current_date
2026-01-12 20:10:24 [http-nio-8989-exec-6] DEBUG o.s.w.s.m.m.a.HttpEntityMethodProcessor - Using 'application/json', given [*/*] and supported [application/json, application/*+json]
2026-01-12 20:10:24 [http-nio-8989-exec-6] DEBUG o.s.w.s.m.m.a.HttpEntityMethodProcessor - Writing [[]]
2026-01-12 20:10:24 [http-nio-8989-exec-6] DEBUG o.s.web.servlet.DispatcherServlet - Completed 200 OK
2026-01-12 20:13:06 [http-nio-8989-exec-10] DEBUG o.s.security.web.FilterChainProxy - Securing POST /api/v1/auth/repayments/pay-emi/7?amount=4637.60
2026-01-12 20:13:06 [http-nio-8989-exec-10] DEBUG org.hibernate.SQL - 
    select
        u1_0.id,
        u1_0.aadhar_number,
        u1_0.address,
        u1_0.created_at,
        u1_0.email,
        u1_0.failed_login_attempts,
        u1_0.first_name,
        u1_0.last_login_at,
        u1_0.last_name,
        u1_0.monthly_income,
        u1_0.pan_number,
        u1_0.password,
        u1_0.phone,
        u1_0.role,
        u1_0.status,
        u1_0.username 
    from
        users u1_0 
    where
        u1_0.username=?
2026-01-12 20:13:06 [http-nio-8989-exec-10] DEBUG o.s.security.web.FilterChainProxy - Secured POST /api/v1/auth/repayments/pay-emi/7?amount=4637.60
2026-01-12 20:13:06 [http-nio-8989-exec-10] DEBUG o.s.web.servlet.DispatcherServlet - POST "/api/v1/auth/repayments/pay-emi/7?amount=4637.60", parameters={masked}
2026-01-12 20:13:06 [http-nio-8989-exec-10] DEBUG o.s.w.s.m.m.a.RequestMappingHandlerMapping - Mapped to com.app.bank.web.controller.LoanRepaymentController#payEmi(Long, BigDecimal, Authentication)
2026-01-12 20:13:06 [http-nio-8989-exec-10] DEBUG org.hibernate.SQL - 
    select
        u1_0.id,
        u1_0.aadhar_number,
        u1_0.address,
        u1_0.created_at,
        u1_0.email,
        u1_0.failed_login_attempts,
        u1_0.first_name,
        u1_0.last_login_at,
        u1_0.last_name,
        u1_0.monthly_income,
        u1_0.pan_number,
        u1_0.password,
        u1_0.phone,
        u1_0.role,
        u1_0.status,
        u1_0.username 
    from
        users u1_0 
    where
        u1_0.username=?
2026-01-12 20:13:06 [http-nio-8989-exec-10] DEBUG org.hibernate.SQL - 
    select
        l1_0.id,
        l1_0.applied_date,
        l1_0.approved_by,
        l1_0.approved_date,
        l1_0.disbursement_date,
        l1_0.emi_amount,
        l1_0.interest_rate,
        l1_0.account_id,
        la1_0.id,
        la1_0.account_number,
        la1_0.account_type,
        la1_0.balance,
        la1_0.created_at,
        la1_0.interest_rate,
        la1_0.last_transaction_at,
        la1_0.minimum_balance,
        la1_0.status,
        la1_0.user_id,
        u1_0.id,
        u1_0.aadhar_number,
        u1_0.address,
        u1_0.created_at,
        u1_0.email,
        u1_0.failed_login_attempts,
        u1_0.first_name,
        u1_0.last_login_at,
        u1_0.last_name,
        u1_0.monthly_income,
        u1_0.pan_number,
        u1_0.password,
        u1_0.phone,
        u1_0.role,
        u1_0.status,
        u1_0.username,
        l1_0.loan_account_number,
        l1_0.loan_type,
        l1_0.maturity_date,
        l1_0.principal_amount,
        l1_0.status,
        l1_0.tenure_months,
        l1_0.total_amount,
        l1_0.user_id,
        u2_0.id,
        u2_0.aadhar_number,
        u2_0.address,
        u2_0.created_at,
        u2_0.email,
        u2_0.failed_login_attempts,
        u2_0.first_name,
        u2_0.last_login_at,
        u2_0.last_name,
        u2_0.monthly_income,
        u2_0.pan_number,
        u2_0.password,
        u2_0.phone,
        u2_0.role,
        u2_0.status,
        u2_0.username 
    from
        loans l1_0 
    join
        accounts la1_0 
            on la1_0.id=l1_0.account_id 
    join
        users u1_0 
            on u1_0.id=la1_0.user_id 
    join
        users u2_0 
            on u2_0.id=l1_0.user_id 
    where
        l1_0.id=?
2026-01-12 20:13:06 [http-nio-8989-exec-10] DEBUG o.s.web.servlet.DispatcherServlet - Failed to complete request: com.app.bank.web.exception.BankException: Loan does not belong to you
2026-01-12 20:13:06 [http-nio-8989-exec-10] ERROR o.a.c.c.C.[.[.[.[dispatcherServlet] - Servlet.service() for servlet [dispatcherServlet] in context with path [] threw exception [Request processing failed: com.app.bank.web.exception.BankException: Loan does not belong to you] with root cause
com.app.bank.web.exception.BankException: Loan does not belong to you
	at com.app.bank.web.service.LoanRepaymentService.payEmi(LoanRepaymentService.java:101)
	at java.base/jdk.internal.reflect.NativeMethodAccessorImpl.invoke0(Native Method)
	at java.base/jdk.internal.reflect.NativeMethodAccessorImpl.invoke(NativeMethodAccessorImpl.java:77)
	at java.base/jdk.internal.reflect.DelegatingMethodAccessorImpl.invoke(DelegatingMethodAccessorImpl.java:43)
	at java.base/java.lang.reflect.Method.invoke(Method.java:568)
	at org.springframework.aop.support.AopUtils.invokeJoinpointUsingReflection(AopUtils.java:360)
	at org.springframework.aop.framework.ReflectiveMethodInvocation.invokeJoinpoint(ReflectiveMethodInvocation.java:196)
	at org.springframework.aop.framework.ReflectiveMethodInvocation.proceed(ReflectiveMethodInvocation.java:163)
	at org.springframework.transaction.interceptor.TransactionAspectSupport.invokeWithinTransaction(TransactionAspectSupport.java:380)
	at org.springframework.transaction.interceptor.TransactionInterceptor.invoke(TransactionInterceptor.java:119)
	at org.springframework.aop.framework.ReflectiveMethodInvocation.proceed(ReflectiveMethodInvocation.java:184)
	at org.springframework.aop.framework.CglibAopProxy$DynamicAdvisedInterceptor.intercept(CglibAopProxy.java:728)
	at com.app.bank.web.service.LoanRepaymentService$$SpringCGLIB$$0.payEmi(<generated>)
	at com.app.bank.web.controller.LoanRepaymentController.payEmi(LoanRepaymentController.java:45)
	at java.base/jdk.internal.reflect.NativeMethodAccessorImpl.invoke0(Native Method)
	at java.base/jdk.internal.reflect.NativeMethodAccessorImpl.invoke(NativeMethodAccessorImpl.java:77)
	at java.base/jdk.internal.reflect.DelegatingMethodAccessorImpl.invoke(DelegatingMethodAccessorImpl.java:43)
	at java.base/java.lang.reflect.Method.invoke(Method.java:568)
	at org.springframework.web.method.support.InvocableHandlerMethod.doInvoke(InvocableHandlerMethod.java:258)
	at org.springframework.web.method.support.InvocableHandlerMethod.invokeForRequest(InvocableHandlerMethod.java:191)
	at org.springframework.web.servlet.mvc.method.annotation.ServletInvocableHandlerMethod.invokeAndHandle(ServletInvocableHandlerMethod.java:118)
	at org.springframework.web.servlet.mvc.method.annotation.RequestMappingHandlerAdapter.invokeHandlerMethod(RequestMappingHandlerAdapter.java:991)
	at org.springframework.web.servlet.mvc.method.annotation.RequestMappingHandlerAdapter.handleInternal(RequestMappingHandlerAdapter.java:896)
	at org.springframework.web.servlet.mvc.method.AbstractHandlerMethodAdapter.handle(AbstractHandlerMethodAdapter.java:87)
	at org.springframework.web.servlet.DispatcherServlet.doDispatch(DispatcherServlet.java:1089)
	at org.springframework.web.servlet.DispatcherServlet.doService(DispatcherServlet.java:979)
	at org.springframework.web.servlet.FrameworkServlet.processRequest(FrameworkServlet.java:1014)
	at org.springframework.web.servlet.FrameworkServlet.doPost(FrameworkServlet.java:914)
	at jakarta.servlet.http.HttpServlet.service(HttpServlet.java:590)
	at org.springframework.web.servlet.FrameworkServlet.service(FrameworkServlet.java:885)
	at jakarta.servlet.http.HttpServlet.service(HttpServlet.java:658)
	at org.apache.catalina.core.ApplicationFilterChain.internalDoFilter(ApplicationFilterChain.java:193)
	at org.apache.catalina.core.ApplicationFilterChain.doFilter(ApplicationFilterChain.java:138)
	at org.apache.tomcat.websocket.server.WsFilter.doFilter(WsFilter.java:51)
	at org.apache.catalina.core.ApplicationFilterChain.internalDoFilter(ApplicationFilterChain.java:162)
	at org.apache.catalina.core.ApplicationFilterChain.doFilter(ApplicationFilterChain.java:138)
	at org.springframework.web.filter.OncePerRequestFilter.doFilter(OncePerRequestFilter.java:110)
	at org.apache.catalina.core.ApplicationFilterChain.internalDoFilter(ApplicationFilterChain.java:162)
	at org.apache.catalina.core.ApplicationFilterChain.doFilter(ApplicationFilterChain.java:138)
	at org.springframework.web.filter.CompositeFilter$VirtualFilterChain.doFilter(CompositeFilter.java:108)
	at org.springframework.web.filter.CompositeFilter$VirtualFilterChain.doFilter(CompositeFilter.java:108)
	at org.springframework.security.web.FilterChainProxy.lambda$doFilterInternal$3(FilterChainProxy.java:231)
	at org.springframework.security.web.FilterChainProxy$VirtualFilterChain.doFilter(FilterChainProxy.java:365)
	at org.springframework.security.web.access.intercept.AuthorizationFilter.doFilter(AuthorizationFilter.java:101)
	at org.springframework.security.web.FilterChainProxy$VirtualFilterChain.doFilter(FilterChainProxy.java:374)
	at org.springframework.security.web.access.ExceptionTranslationFilter.doFilter(ExceptionTranslationFilter.java:125)
	at org.springframework.security.web.access.ExceptionTranslationFilter.doFilter(ExceptionTranslationFilter.java:119)
	at org.springframework.security.web.FilterChainProxy$VirtualFilterChain.doFilter(FilterChainProxy.java:374)
	at org.springframework.security.web.session.SessionManagementFilter.doFilter(SessionManagementFilter.java:131)
	at org.springframework.security.web.session.SessionManagementFilter.doFilter(SessionManagementFilter.java:85)
	at org.springframework.security.web.FilterChainProxy$VirtualFilterChain.doFilter(FilterChainProxy.java:374)
	at org.springframework.security.web.authentication.AnonymousAuthenticationFilter.doFilter(AnonymousAuthenticationFilter.java:100)
	at org.springframework.security.web.FilterChainProxy$VirtualFilterChain.doFilter(FilterChainProxy.java:374)
	at org.springframework.security.web.servletapi.SecurityContextHolderAwareRequestFilter.doFilter(SecurityContextHolderAwareRequestFilter.java:179)
	at org.springframework.security.web.FilterChainProxy$VirtualFilterChain.doFilter(FilterChainProxy.java:374)
	at org.springframework.security.web.savedrequest.RequestCacheAwareFilter.doFilter(RequestCacheAwareFilter.java:63)
	at org.springframework.security.web.FilterChainProxy$VirtualFilterChain.doFilter(FilterChainProxy.java:374)
	at com.app.bank.web.security.JwtAuthenticationFilter.doFilterInternal(JwtAuthenticationFilter.java:137)
	at org.springframework.web.filter.OncePerRequestFilter.doFilter(OncePerRequestFilter.java:116)
	at org.springframework.security.web.FilterChainProxy$VirtualFilterChain.doFilter(FilterChainProxy.java:374)
	at org.springframework.security.web.authentication.logout.LogoutFilter.doFilter(LogoutFilter.java:107)
	at org.springframework.security.web.authentication.logout.LogoutFilter.doFilter(LogoutFilter.java:93)
	at org.springframework.security.web.FilterChainProxy$VirtualFilterChain.doFilter(FilterChainProxy.java:374)
	at org.springframework.web.filter.CorsFilter.doFilterInternal(CorsFilter.java:91)
	at org.springframework.web.filter.OncePerRequestFilter.doFilter(OncePerRequestFilter.java:116)
	at org.springframework.security.web.FilterChainProxy$VirtualFilterChain.doFilter(FilterChainProxy.java:374)
	at org.springframework.security.web.header.HeaderWriterFilter.doHeadersAfter(HeaderWriterFilter.java:90)
	at org.springframework.security.web.header.HeaderWriterFilter.doFilterInternal(HeaderWriterFilter.java:75)
	at org.springframework.web.filter.OncePerRequestFilter.doFilter(OncePerRequestFilter.java:116)
	at org.springframework.security.web.FilterChainProxy$VirtualFilterChain.doFilter(FilterChainProxy.java:374)
	at org.springframework.security.web.context.SecurityContextHolderFilter.doFilter(SecurityContextHolderFilter.java:82)
	at org.springframework.security.web.context.SecurityContextHolderFilter.doFilter(SecurityContextHolderFilter.java:69)
	at org.springframework.security.web.FilterChainProxy$VirtualFilterChain.doFilter(FilterChainProxy.java:374)
	at org.springframework.security.web.context.request.async.WebAsyncManagerIntegrationFilter.doFilterInternal(WebAsyncManagerIntegrationFilter.java:62)
	at org.springframework.web.filter.OncePerRequestFilter.doFilter(OncePerRequestFilter.java:116)
	at org.springframework.security.web.FilterChainProxy$VirtualFilterChain.doFilter(FilterChainProxy.java:374)
	at org.springframework.security.web.session.DisableEncodeUrlFilter.doFilterInternal(DisableEncodeUrlFilter.java:42)
	at org.springframework.web.filter.OncePerRequestFilter.doFilter(OncePerRequestFilter.java:116)
	at org.springframework.security.web.FilterChainProxy$VirtualFilterChain.doFilter(FilterChainProxy.java:374)
	at org.springframework.security.web.FilterChainProxy.doFilterInternal(FilterChainProxy.java:233)
	at org.springframework.security.web.FilterChainProxy.doFilter(FilterChainProxy.java:191)
	at org.springframework.web.filter.CompositeFilter$VirtualFilterChain.doFilter(CompositeFilter.java:113)
	at org.springframework.web.filter.ServletRequestPathFilter.doFilter(ServletRequestPathFilter.java:52)
	at org.springframework.web.filter.CompositeFilter$VirtualFilterChain.doFilter(CompositeFilter.java:113)
	at org.springframework.web.filter.CompositeFilter.doFilter(CompositeFilter.java:74)
	at org.springframework.security.config.annotation.web.configuration.WebSecurityConfiguration$CompositeFilterChainProxy.doFilter(WebSecurityConfiguration.java:319)
	at org.springframework.web.filter.CompositeFilter$VirtualFilterChain.doFilter(CompositeFilter.java:113)
	at org.springframework.web.servlet.handler.HandlerMappingIntrospector.lambda$createCacheFilter$4(HandlerMappingIntrospector.java:267)
	at org.springframework.web.filter.CompositeFilter$VirtualFilterChain.doFilter(CompositeFilter.java:113)
	at org.springframework.web.filter.CompositeFilter.doFilter(CompositeFilter.java:74)
	at org.springframework.security.config.annotation.web.configuration.WebMvcSecurityConfiguration$CompositeFilterChainProxy.doFilter(WebMvcSecurityConfiguration.java:240)
	at org.springframework.web.filter.DelegatingFilterProxy.invokeDelegate(DelegatingFilterProxy.java:362)
	at org.springframework.web.filter.DelegatingFilterProxy.doFilter(DelegatingFilterProxy.java:278)
	at org.apache.catalina.core.ApplicationFilterChain.internalDoFilter(ApplicationFilterChain.java:162)
	at org.apache.catalina.core.ApplicationFilterChain.doFilter(ApplicationFilterChain.java:138)
	at org.springframework.web.filter.RequestContextFilter.doFilterInternal(RequestContextFilter.java:100)
	at org.springframework.web.filter.OncePerRequestFilter.doFilter(OncePerRequestFilter.java:116)
	at org.apache.catalina.core.ApplicationFilterChain.internalDoFilter(ApplicationFilterChain.java:162)
	at org.apache.catalina.core.ApplicationFilterChain.doFilter(ApplicationFilterChain.java:138)
	at org.springframework.web.filter.FormContentFilter.doFilterInternal(FormContentFilter.java:93)
	at org.springframework.web.filter.OncePerRequestFilter.doFilter(OncePerRequestFilter.java:116)
	at org.apache.catalina.core.ApplicationFilterChain.internalDoFilter(ApplicationFilterChain.java:162)
	at org.apache.catalina.core.ApplicationFilterChain.doFilter(ApplicationFilterChain.java:138)
	at org.springframework.web.filter.CharacterEncodingFilter.doFilterInternal(CharacterEncodingFilter.java:201)
	at org.springframework.web.filter.OncePerRequestFilter.doFilter(OncePerRequestFilter.java:116)
	at org.apache.catalina.core.ApplicationFilterChain.internalDoFilter(ApplicationFilterChain.java:162)
	at org.apache.catalina.core.ApplicationFilterChain.doFilter(ApplicationFilterChain.java:138)
	at org.apache.catalina.core.StandardWrapperValve.invoke(StandardWrapperValve.java:165)
	at org.apache.catalina.core.StandardContextValve.invoke(StandardContextValve.java:88)
	at org.apache.catalina.authenticator.AuthenticatorBase.invoke(AuthenticatorBase.java:482)
	at org.apache.catalina.core.StandardHostValve.invoke(StandardHostValve.java:113)
	at org.apache.catalina.valves.ErrorReportValve.invoke(ErrorReportValve.java:83)
	at org.apache.catalina.core.StandardEngineValve.invoke(StandardEngineValve.java:72)
	at org.apache.catalina.connector.CoyoteAdapter.service(CoyoteAdapter.java:342)
	at org.apache.coyote.http11.Http11Processor.service(Http11Processor.java:399)
	at org.apache.coyote.AbstractProcessorLight.process(AbstractProcessorLight.java:63)
	at org.apache.coyote.AbstractProtocol$ConnectionHandler.process(AbstractProtocol.java:903)
	at org.apache.tomcat.util.net.NioEndpoint$SocketProcessor.doRun(NioEndpoint.java:1774)
	at org.apache.tomcat.util.net.SocketProcessorBase.run(SocketProcessorBase.java:52)
	at org.apache.tomcat.util.threads.ThreadPoolExecutor.runWorker(ThreadPoolExecutor.java:973)
	at org.apache.tomcat.util.threads.ThreadPoolExecutor$Worker.run(ThreadPoolExecutor.java:491)
	at org.apache.tomcat.util.threads.TaskThread$WrappingRunnable.run(TaskThread.java:63)
	at java.base/java.lang.Thread.run(Thread.java:842)
2026-01-12 20:13:06 [http-nio-8989-exec-10] DEBUG o.s.security.web.FilterChainProxy - Securing POST /error?amount=4637.60
2026-01-12 20:13:06 [http-nio-8989-exec-10] DEBUG o.s.security.web.FilterChainProxy - Secured POST /error?amount=4637.60
2026-01-12 20:13:06 [http-nio-8989-exec-10] DEBUG o.s.web.servlet.DispatcherServlet - "ERROR" dispatch for POST "/error?amount=4637.60", parameters={masked}
2026-01-12 20:13:06 [http-nio-8989-exec-10] DEBUG o.s.w.s.m.m.a.RequestMappingHandlerMapping - Mapped to org.springframework.boot.autoconfigure.web.servlet.error.BasicErrorController#error(HttpServletRequest)
2026-01-12 20:13:06 [http-nio-8989-exec-10] DEBUG o.s.w.s.m.m.a.HttpEntityMethodProcessor - Using 'application/json', given [*/*] and supported [application/json, application/*+json]
2026-01-12 20:13:06 [http-nio-8989-exec-10] DEBUG o.s.w.s.m.m.a.HttpEntityMethodProcessor - Writing [{timestamp=Mon Jan 12 20:13:06 IST 2026, status=500, error=Internal Server Error, trace=com.app.bank (truncated)...]
2026-01-12 20:13:06 [http-nio-8989-exec-10] DEBUG o.s.web.servlet.DispatcherServlet - Exiting from "ERROR" dispatch, status 500
2026-01-12 20:13:06 [http-nio-8989-exec-10] DEBUG o.s.s.w.a.AnonymousAuthenticationFilter - Set SecurityContextHolder to anonymous SecurityContext
2026-01-12 20:13:26 [http-nio-8989-exec-2] DEBUG o.s.security.web.FilterChainProxy - Securing POST /api/v1/auth/login
2026-01-12 20:13:26 [http-nio-8989-exec-2] DEBUG o.s.s.w.a.AnonymousAuthenticationFilter - Set SecurityContextHolder to anonymous SecurityContext
2026-01-12 20:13:26 [http-nio-8989-exec-2] DEBUG o.s.security.web.FilterChainProxy - Secured POST /api/v1/auth/login
2026-01-12 20:13:26 [http-nio-8989-exec-2] DEBUG o.s.web.servlet.DispatcherServlet - POST "/api/v1/auth/login", parameters={}
2026-01-12 20:13:26 [http-nio-8989-exec-2] DEBUG o.s.w.s.m.m.a.RequestMappingHandlerMapping - Mapped to com.app.bank.web.controller.AuthController#loginUser(LoginRequest)
2026-01-12 20:13:26 [http-nio-8989-exec-2] DEBUG o.s.w.s.m.m.a.RequestResponseBodyMethodProcessor - Read "application/json;charset=UTF-8" to [com.app.bank.web.dto.LoginRequest@42ed6d12]
2026-01-12 20:13:26 [http-nio-8989-exec-2] DEBUG org.hibernate.SQL - 
    select
        u1_0.id,
        u1_0.aadhar_number,
        u1_0.address,
        u1_0.created_at,
        u1_0.email,
        u1_0.failed_login_attempts,
        u1_0.first_name,
        u1_0.last_login_at,
        u1_0.last_name,
        u1_0.monthly_income,
        u1_0.pan_number,
        u1_0.password,
        u1_0.phone,
        u1_0.role,
        u1_0.status,
        u1_0.username 
    from
        users u1_0 
    where
        u1_0.username=?
2026-01-12 20:13:27 [http-nio-8989-exec-2] DEBUG o.s.s.a.d.DaoAuthenticationProvider - Authenticated user
2026-01-12 20:13:27 [http-nio-8989-exec-2] DEBUG o.s.w.s.m.m.a.HttpEntityMethodProcessor - Using 'application/json', given [*/*] and supported [application/json, application/*+json]
2026-01-12 20:13:27 [http-nio-8989-exec-2] DEBUG o.s.w.s.m.m.a.HttpEntityMethodProcessor - Writing [{tokenType=Bearer, token=eyJhbGciOiJIUzUxMiJ9.eyJzdWIiOiJrYWRpcjU2IiwiY3JlYXRlZCI6MTc2ODIyOTAwNzQ3OC (truncated)...]
2026-01-12 20:13:27 [http-nio-8989-exec-2] DEBUG o.s.web.servlet.DispatcherServlet - Completed 200 OK
2026-01-12 20:13:41 [http-nio-8989-exec-3] DEBUG o.s.security.web.FilterChainProxy - Securing POST /api/v1/auth/repayments/pay-emi/7?amount=4637.60
2026-01-12 20:13:41 [http-nio-8989-exec-3] DEBUG org.hibernate.SQL - 
    select
        u1_0.id,
        u1_0.aadhar_number,
        u1_0.address,
        u1_0.created_at,
        u1_0.email,
        u1_0.failed_login_attempts,
        u1_0.first_name,
        u1_0.last_login_at,
        u1_0.last_name,
        u1_0.monthly_income,
        u1_0.pan_number,
        u1_0.password,
        u1_0.phone,
        u1_0.role,
        u1_0.status,
        u1_0.username 
    from
        users u1_0 
    where
        u1_0.username=?
2026-01-12 20:13:41 [http-nio-8989-exec-3] DEBUG o.s.security.web.FilterChainProxy - Secured POST /api/v1/auth/repayments/pay-emi/7?amount=4637.60
2026-01-12 20:13:41 [http-nio-8989-exec-3] DEBUG o.s.web.servlet.DispatcherServlet - POST "/api/v1/auth/repayments/pay-emi/7?amount=4637.60", parameters={masked}
2026-01-12 20:13:41 [http-nio-8989-exec-3] DEBUG o.s.w.s.m.m.a.RequestMappingHandlerMapping - Mapped to com.app.bank.web.controller.LoanRepaymentController#payEmi(Long, BigDecimal, Authentication)
2026-01-12 20:13:41 [http-nio-8989-exec-3] DEBUG org.hibernate.SQL - 
    select
        u1_0.id,
        u1_0.aadhar_number,
        u1_0.address,
        u1_0.created_at,
        u1_0.email,
        u1_0.failed_login_attempts,
        u1_0.first_name,
        u1_0.last_login_at,
        u1_0.last_name,
        u1_0.monthly_income,
        u1_0.pan_number,
        u1_0.password,
        u1_0.phone,
        u1_0.role,
        u1_0.status,
        u1_0.username 
    from
        users u1_0 
    where
        u1_0.username=?
2026-01-12 20:13:41 [http-nio-8989-exec-3] DEBUG org.hibernate.SQL - 
    select
        l1_0.id,
        l1_0.applied_date,
        l1_0.approved_by,
        l1_0.approved_date,
        l1_0.disbursement_date,
        l1_0.emi_amount,
        l1_0.interest_rate,
        l1_0.account_id,
        la1_0.id,
        la1_0.account_number,
        la1_0.account_type,
        la1_0.balance,
        la1_0.created_at,
        la1_0.interest_rate,
        la1_0.last_transaction_at,
        la1_0.minimum_balance,
        la1_0.status,
        la1_0.user_id,
        u1_0.id,
        u1_0.aadhar_number,
        u1_0.address,
        u1_0.created_at,
        u1_0.email,
        u1_0.failed_login_attempts,
        u1_0.first_name,
        u1_0.last_login_at,
        u1_0.last_name,
        u1_0.monthly_income,
        u1_0.pan_number,
        u1_0.password,
        u1_0.phone,
        u1_0.role,
        u1_0.status,
        u1_0.username,
        l1_0.loan_account_number,
        l1_0.loan_type,
        l1_0.maturity_date,
        l1_0.principal_amount,
        l1_0.status,
        l1_0.tenure_months,
        l1_0.total_amount,
        l1_0.user_id,
        u2_0.id,
        u2_0.aadhar_number,
        u2_0.address,
        u2_0.created_at,
        u2_0.email,
        u2_0.failed_login_attempts,
        u2_0.first_name,
        u2_0.last_login_at,
        u2_0.last_name,
        u2_0.monthly_income,
        u2_0.pan_number,
        u2_0.password,
        u2_0.phone,
        u2_0.role,
        u2_0.status,
        u2_0.username 
    from
        loans l1_0 
    join
        accounts la1_0 
            on la1_0.id=l1_0.account_id 
    join
        users u1_0 
            on u1_0.id=la1_0.user_id 
    join
        users u2_0 
            on u2_0.id=l1_0.user_id 
    where
        l1_0.id=?
2026-01-12 20:13:41 [http-nio-8989-exec-3] DEBUG org.hibernate.SQL - 
    select
        lr1_0.id,
        lr1_0.created_at,
        lr1_0.created_by,
        lr1_0.due_amount,
        lr1_0.due_date,
        lr1_0.grace_period_end_date,
        lr1_0.installment_number,
        lr1_0.interest_amount,
        lr1_0.late_payment_fee,
        lr1_0.loan_id,
        lr1_0.paid_amount,
        lr1_0.payment_date,
        lr1_0.payment_mode,
        lr1_0.payment_reference,
        lr1_0.penalty_rate,
        lr1_0.principal_amount,
        lr1_0.remaining_principal,
        lr1_0.remarks,
        lr1_0.status,
        lr1_0.total_outstanding,
        lr1_0.transaction_id,
        lr1_0.updated_at,
        lr1_0.updated_by 
    from
        loan_repayments lr1_0 
    where
        lr1_0.loan_id=? 
        and lr1_0.status='PENDING' 
    order by
        lr1_0.due_date
2026-01-12 20:13:41 [http-nio-8989-exec-3] DEBUG o.s.web.servlet.DispatcherServlet - Failed to complete request: org.springframework.dao.IncorrectResultSizeDataAccessException: Query did not return a unique result: 24 results were returned
2026-01-12 20:13:41 [http-nio-8989-exec-3] ERROR o.a.c.c.C.[.[.[.[dispatcherServlet] - Servlet.service() for servlet [dispatcherServlet] in context with path [] threw exception [Request processing failed: org.springframework.dao.IncorrectResultSizeDataAccessException: Query did not return a unique result: 24 results were returned] with root cause
org.hibernate.NonUniqueResultException: Query did not return a unique result: 24 results were returned
	at org.hibernate.query.spi.AbstractSelectionQuery.uniqueElement(AbstractSelectionQuery.java:298)
	at org.hibernate.query.spi.AbstractSelectionQuery.getSingleResult(AbstractSelectionQuery.java:281)
	at org.springframework.data.jpa.repository.query.JpaQueryExecution$SingleEntityExecution.doExecute(JpaQueryExecution.java:226)
	at org.springframework.data.jpa.repository.query.JpaQueryExecution.execute(JpaQueryExecution.java:95)
	at org.springframework.data.jpa.repository.query.AbstractJpaQuery.doExecute(AbstractJpaQuery.java:160)
	at org.springframework.data.jpa.repository.query.AbstractJpaQuery.execute(AbstractJpaQuery.java:148)
	at org.springframework.data.repository.core.support.RepositoryMethodInvoker.doInvoke(RepositoryMethodInvoker.java:170)
	at org.springframework.data.repository.core.support.RepositoryMethodInvoker.invoke(RepositoryMethodInvoker.java:158)
	at org.springframework.data.repository.core.support.QueryExecutorMethodInterceptor.doInvoke(QueryExecutorMethodInterceptor.java:170)
	at org.springframework.data.repository.core.support.QueryExecutorMethodInterceptor.invoke(QueryExecutorMethodInterceptor.java:149)
	at org.springframework.aop.framework.ReflectiveMethodInvocation.proceed(ReflectiveMethodInvocation.java:184)
	at org.springframework.data.projection.DefaultMethodInvokingMethodInterceptor.invoke(DefaultMethodInvokingMethodInterceptor.java:69)
	at org.springframework.aop.framework.ReflectiveMethodInvocation.proceed(ReflectiveMethodInvocation.java:184)
	at org.springframework.transaction.interceptor.TransactionAspectSupport.invokeWithinTransaction(TransactionAspectSupport.java:380)
	at org.springframework.transaction.interceptor.TransactionInterceptor.invoke(TransactionInterceptor.java:119)
	at org.springframework.aop.framework.ReflectiveMethodInvocation.proceed(ReflectiveMethodInvocation.java:184)
	at org.springframework.dao.support.PersistenceExceptionTranslationInterceptor.invoke(PersistenceExceptionTranslationInterceptor.java:138)
	at org.springframework.aop.framework.ReflectiveMethodInvocation.proceed(ReflectiveMethodInvocation.java:184)
	at org.springframework.data.jpa.repository.support.CrudMethodMetadataPostProcessor$CrudMethodMetadataPopulatingMethodInterceptor.invoke(CrudMethodMetadataPostProcessor.java:136)
	at org.springframework.aop.framework.ReflectiveMethodInvocation.proceed(ReflectiveMethodInvocation.java:184)
	at org.springframework.aop.framework.JdkDynamicAopProxy.invoke(JdkDynamicAopProxy.java:223)
	at jdk.proxy6/jdk.proxy6.$Proxy172.findNextDueRepayment(Unknown Source)
	at com.app.bank.web.service.LoanRepaymentService.payEmi(LoanRepaymentService.java:108)
	at java.base/jdk.internal.reflect.NativeMethodAccessorImpl.invoke0(Native Method)
	at java.base/jdk.internal.reflect.NativeMethodAccessorImpl.invoke(NativeMethodAccessorImpl.java:77)
	at java.base/jdk.internal.reflect.DelegatingMethodAccessorImpl.invoke(DelegatingMethodAccessorImpl.java:43)
	at java.base/java.lang.reflect.Method.invoke(Method.java:568)
	at org.springframework.aop.support.AopUtils.invokeJoinpointUsingReflection(AopUtils.java:360)
	at org.springframework.aop.framework.ReflectiveMethodInvocation.invokeJoinpoint(ReflectiveMethodInvocation.java:196)
	at org.springframework.aop.framework.ReflectiveMethodInvocation.proceed(ReflectiveMethodInvocation.java:163)
	at org.springframework.transaction.interceptor.TransactionAspectSupport.invokeWithinTransaction(TransactionAspectSupport.java:380)
	at org.springframework.transaction.interceptor.TransactionInterceptor.invoke(TransactionInterceptor.java:119)
	at org.springframework.aop.framework.ReflectiveMethodInvocation.proceed(ReflectiveMethodInvocation.java:184)
	at org.springframework.aop.framework.CglibAopProxy$DynamicAdvisedInterceptor.intercept(CglibAopProxy.java:728)
	at com.app.bank.web.service.LoanRepaymentService$$SpringCGLIB$$0.payEmi(<generated>)
	at com.app.bank.web.controller.LoanRepaymentController.payEmi(LoanRepaymentController.java:45)
	at java.base/jdk.internal.reflect.NativeMethodAccessorImpl.invoke0(Native Method)
	at java.base/jdk.internal.reflect.NativeMethodAccessorImpl.invoke(NativeMethodAccessorImpl.java:77)
	at java.base/jdk.internal.reflect.DelegatingMethodAccessorImpl.invoke(DelegatingMethodAccessorImpl.java:43)
	at java.base/java.lang.reflect.Method.invoke(Method.java:568)
	at org.springframework.web.method.support.InvocableHandlerMethod.doInvoke(InvocableHandlerMethod.java:258)
	at org.springframework.web.method.support.InvocableHandlerMethod.invokeForRequest(InvocableHandlerMethod.java:191)
	at org.springframework.web.servlet.mvc.method.annotation.ServletInvocableHandlerMethod.invokeAndHandle(ServletInvocableHandlerMethod.java:118)
	at org.springframework.web.servlet.mvc.method.annotation.RequestMappingHandlerAdapter.invokeHandlerMethod(RequestMappingHandlerAdapter.java:991)
	at org.springframework.web.servlet.mvc.method.annotation.RequestMappingHandlerAdapter.handleInternal(RequestMappingHandlerAdapter.java:896)
	at org.springframework.web.servlet.mvc.method.AbstractHandlerMethodAdapter.handle(AbstractHandlerMethodAdapter.java:87)
	at org.springframework.web.servlet.DispatcherServlet.doDispatch(DispatcherServlet.java:1089)
	at org.springframework.web.servlet.DispatcherServlet.doService(DispatcherServlet.java:979)
	at org.springframework.web.servlet.FrameworkServlet.processRequest(FrameworkServlet.java:1014)
	at org.springframework.web.servlet.FrameworkServlet.doPost(FrameworkServlet.java:914)
	at jakarta.servlet.http.HttpServlet.service(HttpServlet.java:590)
	at org.springframework.web.servlet.FrameworkServlet.service(FrameworkServlet.java:885)
	at jakarta.servlet.http.HttpServlet.service(HttpServlet.java:658)
	at org.apache.catalina.core.ApplicationFilterChain.internalDoFilter(ApplicationFilterChain.java:193)
	at org.apache.catalina.core.ApplicationFilterChain.doFilter(ApplicationFilterChain.java:138)
	at org.apache.tomcat.websocket.server.WsFilter.doFilter(WsFilter.java:51)
	at org.apache.catalina.core.ApplicationFilterChain.internalDoFilter(ApplicationFilterChain.java:162)
	at org.apache.catalina.core.ApplicationFilterChain.doFilter(ApplicationFilterChain.java:138)
	at org.springframework.web.filter.OncePerRequestFilter.doFilter(OncePerRequestFilter.java:110)
	at org.apache.catalina.core.ApplicationFilterChain.internalDoFilter(ApplicationFilterChain.java:162)
	at org.apache.catalina.core.ApplicationFilterChain.doFilter(ApplicationFilterChain.java:138)
	at org.springframework.web.filter.CompositeFilter$VirtualFilterChain.doFilter(CompositeFilter.java:108)
	at org.springframework.web.filter.CompositeFilter$VirtualFilterChain.doFilter(CompositeFilter.java:108)
	at org.springframework.security.web.FilterChainProxy.lambda$doFilterInternal$3(FilterChainProxy.java:231)
	at org.springframework.security.web.FilterChainProxy$VirtualFilterChain.doFilter(FilterChainProxy.java:365)
	at org.springframework.security.web.access.intercept.AuthorizationFilter.doFilter(AuthorizationFilter.java:101)
	at org.springframework.security.web.FilterChainProxy$VirtualFilterChain.doFilter(FilterChainProxy.java:374)
	at org.springframework.security.web.access.ExceptionTranslationFilter.doFilter(ExceptionTranslationFilter.java:125)
	at org.springframework.security.web.access.ExceptionTranslationFilter.doFilter(ExceptionTranslationFilter.java:119)
	at org.springframework.security.web.FilterChainProxy$VirtualFilterChain.doFilter(FilterChainProxy.java:374)
	at org.springframework.security.web.session.SessionManagementFilter.doFilter(SessionManagementFilter.java:131)
	at org.springframework.security.web.session.SessionManagementFilter.doFilter(SessionManagementFilter.java:85)
	at org.springframework.security.web.FilterChainProxy$VirtualFilterChain.doFilter(FilterChainProxy.java:374)
	at org.springframework.security.web.authentication.AnonymousAuthenticationFilter.doFilter(AnonymousAuthenticationFilter.java:100)
	at org.springframework.security.web.FilterChainProxy$VirtualFilterChain.doFilter(FilterChainProxy.java:374)
	at org.springframework.security.web.servletapi.SecurityContextHolderAwareRequestFilter.doFilter(SecurityContextHolderAwareRequestFilter.java:179)
	at org.springframework.security.web.FilterChainProxy$VirtualFilterChain.doFilter(FilterChainProxy.java:374)
	at org.springframework.security.web.savedrequest.RequestCacheAwareFilter.doFilter(RequestCacheAwareFilter.java:63)
	at org.springframework.security.web.FilterChainProxy$VirtualFilterChain.doFilter(FilterChainProxy.java:374)
	at com.app.bank.web.security.JwtAuthenticationFilter.doFilterInternal(JwtAuthenticationFilter.java:137)
	at org.springframework.web.filter.OncePerRequestFilter.doFilter(OncePerRequestFilter.java:116)
	at org.springframework.security.web.FilterChainProxy$VirtualFilterChain.doFilter(FilterChainProxy.java:374)
	at org.springframework.security.web.authentication.logout.LogoutFilter.doFilter(LogoutFilter.java:107)
	at org.springframework.security.web.authentication.logout.LogoutFilter.doFilter(LogoutFilter.java:93)
	at org.springframework.security.web.FilterChainProxy$VirtualFilterChain.doFilter(FilterChainProxy.java:374)
	at org.springframework.web.filter.CorsFilter.doFilterInternal(CorsFilter.java:91)
	at org.springframework.web.filter.OncePerRequestFilter.doFilter(OncePerRequestFilter.java:116)
	at org.springframework.security.web.FilterChainProxy$VirtualFilterChain.doFilter(FilterChainProxy.java:374)
	at org.springframework.security.web.header.HeaderWriterFilter.doHeadersAfter(HeaderWriterFilter.java:90)
	at org.springframework.security.web.header.HeaderWriterFilter.doFilterInternal(HeaderWriterFilter.java:75)
	at org.springframework.web.filter.OncePerRequestFilter.doFilter(OncePerRequestFilter.java:116)
	at org.springframework.security.web.FilterChainProxy$VirtualFilterChain.doFilter(FilterChainProxy.java:374)
	at org.springframework.security.web.context.SecurityContextHolderFilter.doFilter(SecurityContextHolderFilter.java:82)
	at org.springframework.security.web.context.SecurityContextHolderFilter.doFilter(SecurityContextHolderFilter.java:69)
	at org.springframework.security.web.FilterChainProxy$VirtualFilterChain.doFilter(FilterChainProxy.java:374)
	at org.springframework.security.web.context.request.async.WebAsyncManagerIntegrationFilter.doFilterInternal(WebAsyncManagerIntegrationFilter.java:62)
	at org.springframework.web.filter.OncePerRequestFilter.doFilter(OncePerRequestFilter.java:116)
	at org.springframework.security.web.FilterChainProxy$VirtualFilterChain.doFilter(FilterChainProxy.java:374)
	at org.springframework.security.web.session.DisableEncodeUrlFilter.doFilterInternal(DisableEncodeUrlFilter.java:42)
	at org.springframework.web.filter.OncePerRequestFilter.doFilter(OncePerRequestFilter.java:116)
	at org.springframework.security.web.FilterChainProxy$VirtualFilterChain.doFilter(FilterChainProxy.java:374)
	at org.springframework.security.web.FilterChainProxy.doFilterInternal(FilterChainProxy.java:233)
	at org.springframework.security.web.FilterChainProxy.doFilter(FilterChainProxy.java:191)
	at org.springframework.web.filter.CompositeFilter$VirtualFilterChain.doFilter(CompositeFilter.java:113)
	at org.springframework.web.filter.ServletRequestPathFilter.doFilter(ServletRequestPathFilter.java:52)
	at org.springframework.web.filter.CompositeFilter$VirtualFilterChain.doFilter(CompositeFilter.java:113)
	at org.springframework.web.filter.CompositeFilter.doFilter(CompositeFilter.java:74)
	at org.springframework.security.config.annotation.web.configuration.WebSecurityConfiguration$CompositeFilterChainProxy.doFilter(WebSecurityConfiguration.java:319)
	at org.springframework.web.filter.CompositeFilter$VirtualFilterChain.doFilter(CompositeFilter.java:113)
	at org.springframework.web.servlet.handler.HandlerMappingIntrospector.lambda$createCacheFilter$4(HandlerMappingIntrospector.java:267)
	at org.springframework.web.filter.CompositeFilter$VirtualFilterChain.doFilter(CompositeFilter.java:113)
	at org.springframework.web.filter.CompositeFilter.doFilter(CompositeFilter.java:74)
	at org.springframework.security.config.annotation.web.configuration.WebMvcSecurityConfiguration$CompositeFilterChainProxy.doFilter(WebMvcSecurityConfiguration.java:240)
	at org.springframework.web.filter.DelegatingFilterProxy.invokeDelegate(DelegatingFilterProxy.java:362)
	at org.springframework.web.filter.DelegatingFilterProxy.doFilter(DelegatingFilterProxy.java:278)
	at org.apache.catalina.core.ApplicationFilterChain.internalDoFilter(ApplicationFilterChain.java:162)
	at org.apache.catalina.core.ApplicationFilterChain.doFilter(ApplicationFilterChain.java:138)
	at org.springframework.web.filter.RequestContextFilter.doFilterInternal(RequestContextFilter.java:100)
	at org.springframework.web.filter.OncePerRequestFilter.doFilter(OncePerRequestFilter.java:116)
	at org.apache.catalina.core.ApplicationFilterChain.internalDoFilter(ApplicationFilterChain.java:162)
	at org.apache.catalina.core.ApplicationFilterChain.doFilter(ApplicationFilterChain.java:138)
	at org.springframework.web.filter.FormContentFilter.doFilterInternal(FormContentFilter.java:93)
	at org.springframework.web.filter.OncePerRequestFilter.doFilter(OncePerRequestFilter.java:116)
	at org.apache.catalina.core.ApplicationFilterChain.internalDoFilter(ApplicationFilterChain.java:162)
	at org.apache.catalina.core.ApplicationFilterChain.doFilter(ApplicationFilterChain.java:138)
	at org.springframework.web.filter.CharacterEncodingFilter.doFilterInternal(CharacterEncodingFilter.java:201)
	at org.springframework.web.filter.OncePerRequestFilter.doFilter(OncePerRequestFilter.java:116)
	at org.apache.catalina.core.ApplicationFilterChain.internalDoFilter(ApplicationFilterChain.java:162)
	at org.apache.catalina.core.ApplicationFilterChain.doFilter(ApplicationFilterChain.java:138)
	at org.apache.catalina.core.StandardWrapperValve.invoke(StandardWrapperValve.java:165)
	at org.apache.catalina.core.StandardContextValve.invoke(StandardContextValve.java:88)
	at org.apache.catalina.authenticator.AuthenticatorBase.invoke(AuthenticatorBase.java:482)
	at org.apache.catalina.core.StandardHostValve.invoke(StandardHostValve.java:113)
	at org.apache.catalina.valves.ErrorReportValve.invoke(ErrorReportValve.java:83)
	at org.apache.catalina.core.StandardEngineValve.invoke(StandardEngineValve.java:72)
	at org.apache.catalina.connector.CoyoteAdapter.service(CoyoteAdapter.java:342)
	at org.apache.coyote.http11.Http11Processor.service(Http11Processor.java:399)
	at org.apache.coyote.AbstractProcessorLight.process(AbstractProcessorLight.java:63)
	at org.apache.coyote.AbstractProtocol$ConnectionHandler.process(AbstractProtocol.java:903)
	at org.apache.tomcat.util.net.NioEndpoint$SocketProcessor.doRun(NioEndpoint.java:1774)
	at org.apache.tomcat.util.net.SocketProcessorBase.run(SocketProcessorBase.java:52)
	at org.apache.tomcat.util.threads.ThreadPoolExecutor.runWorker(ThreadPoolExecutor.java:973)
	at org.apache.tomcat.util.threads.ThreadPoolExecutor$Worker.run(ThreadPoolExecutor.java:491)
	at org.apache.tomcat.util.threads.TaskThread$WrappingRunnable.run(TaskThread.java:63)
	at java.base/java.lang.Thread.run(Thread.java:842)
2026-01-12 20:13:41 [http-nio-8989-exec-3] DEBUG o.s.security.web.FilterChainProxy - Securing POST /error?amount=4637.60
2026-01-12 20:13:41 [http-nio-8989-exec-3] DEBUG o.s.security.web.FilterChainProxy - Secured POST /error?amount=4637.60
2026-01-12 20:13:41 [http-nio-8989-exec-3] DEBUG o.s.web.servlet.DispatcherServlet - "ERROR" dispatch for POST "/error?amount=4637.60", parameters={masked}
2026-01-12 20:13:41 [http-nio-8989-exec-3] DEBUG o.s.w.s.m.m.a.RequestMappingHandlerMapping - Mapped to org.springframework.boot.autoconfigure.web.servlet.error.BasicErrorController#error(HttpServletRequest)
2026-01-12 20:13:41 [http-nio-8989-exec-3] DEBUG o.s.w.s.m.m.a.HttpEntityMethodProcessor - Using 'application/json', given [*/*] and supported [application/json, application/*+json]
2026-01-12 20:13:41 [http-nio-8989-exec-3] DEBUG o.s.w.s.m.m.a.HttpEntityMethodProcessor - Writing [{timestamp=Mon Jan 12 20:13:41 IST 2026, status=500, error=Internal Server Error, trace=org.springfr (truncated)...]
2026-01-12 20:13:41 [http-nio-8989-exec-3] DEBUG o.s.web.servlet.DispatcherServlet - Exiting from "ERROR" dispatch, status 500
2026-01-12 20:13:41 [http-nio-8989-exec-3] DEBUG o.s.s.w.a.AnonymousAuthenticationFilter - Set SecurityContextHolder to anonymous SecurityContext
2026-01-12 20:18:11 [RMI TCP Connection(32)-127.0.0.1] INFO  o.s.b.a.SpringApplicationAdminMXBeanRegistrar$SpringApplicationAdmin - Application shutdown requested.
2026-01-12 20:18:11 [RMI TCP Connection(32)-127.0.0.1] INFO  o.s.b.w.e.tomcat.GracefulShutdown - Commencing graceful shutdown. Waiting for active requests to complete
2026-01-12 20:18:11 [tomcat-shutdown] INFO  o.a.coyote.http11.Http11NioProtocol - Pausing ProtocolHandler ["http-nio-8989"]
2026-01-12 20:18:11 [tomcat-shutdown] INFO  o.s.b.w.e.tomcat.GracefulShutdown - Graceful shutdown complete
2026-01-12 20:18:11 [RMI TCP Connection(32)-127.0.0.1] INFO  o.a.coyote.http11.Http11NioProtocol - Stopping ProtocolHandler ["http-nio-8989"]
2026-01-12 20:18:11 [RMI TCP Connection(32)-127.0.0.1] INFO  o.s.o.j.LocalContainerEntityManagerFactoryBean - Closing JPA EntityManagerFactory for persistence unit 'default'
2026-01-12 20:18:11 [RMI TCP Connection(32)-127.0.0.1] INFO  com.zaxxer.hikari.HikariDataSource - HikariPool-2 - Shutdown initiated...
2026-01-12 20:18:11 [RMI TCP Connection(32)-127.0.0.1] INFO  com.zaxxer.hikari.HikariDataSource - HikariPool-2 - Shutdown completed.
2026-01-12 20:21:08 [background-preinit] INFO  o.h.validator.internal.util.Version - HV000001: Hibernate Validator 8.0.3.Final
2026-01-12 20:21:08 [restartedMain] INFO  c.app.bank.web.ZplusbankApplication - Starting ZplusbankApplication using Java 17.0.10 with PID 41908 (C:\Users\91790\Documents\workspace-spring-tools-for-eclipse-5.0.0.RELEASE\zplusbank\target\classes started by 91790 in C:\Users\91790\Documents\workspace-spring-tools-for-eclipse-5.0.0.RELEASE\zplusbank)
2026-01-12 20:21:08 [restartedMain] INFO  c.app.bank.web.ZplusbankApplication - No active profile set, falling back to 1 default profile: "default"
2026-01-12 20:21:09 [restartedMain] INFO  o.s.b.d.restart.ChangeableUrls - The Class-Path manifest attribute in C:\Users\91790\.m2\repository\org\glassfish\jaxb\jaxb-runtime\2.3.1\jaxb-runtime-2.3.1.jar referenced one or more files that do not exist: file:/C:/Users/91790/.m2/repository/org/glassfish/jaxb/jaxb-runtime/2.3.1/jaxb-api-2.3.1.jar,file:/C:/Users/91790/.m2/repository/org/glassfish/jaxb/jaxb-runtime/2.3.1/txw2-2.3.1.jar,file:/C:/Users/91790/.m2/repository/org/glassfish/jaxb/jaxb-runtime/2.3.1/istack-commons-runtime-3.0.7.jar,file:/C:/Users/91790/.m2/repository/org/glassfish/jaxb/jaxb-runtime/2.3.1/stax-ex-1.8.jar,file:/C:/Users/91790/.m2/repository/org/glassfish/jaxb/jaxb-runtime/2.3.1/FastInfoset-1.2.15.jar,file:/C:/Users/91790/.m2/repository/org/glassfish/jaxb/jaxb-runtime/2.3.1/javax.activation-api-1.2.0.jar
2026-01-12 20:21:09 [restartedMain] INFO  o.s.b.d.e.DevToolsPropertyDefaultsPostProcessor - Devtools property defaults active! Set 'spring.devtools.add-properties' to 'false' to disable
2026-01-12 20:21:09 [restartedMain] INFO  o.s.b.d.e.DevToolsPropertyDefaultsPostProcessor - For additional web related logging consider setting the 'logging.level.web' property to 'DEBUG'
2026-01-12 20:21:09 [restartedMain] INFO  o.s.d.r.c.RepositoryConfigurationDelegate - Bootstrapping Spring Data JPA repositories in DEFAULT mode.
2026-01-12 20:21:09 [restartedMain] INFO  o.s.d.r.c.RepositoryConfigurationDelegate - Finished Spring Data repository scanning in 85 ms. Found 5 JPA repository interfaces.
2026-01-12 20:21:10 [restartedMain] INFO  o.s.b.w.e.tomcat.TomcatWebServer - Tomcat initialized with port 8989 (http)
2026-01-12 20:21:10 [restartedMain] INFO  o.a.coyote.http11.Http11NioProtocol - Initializing ProtocolHandler ["http-nio-8989"]
2026-01-12 20:21:10 [restartedMain] INFO  o.a.catalina.core.StandardService - Starting service [Tomcat]
2026-01-12 20:21:10 [restartedMain] INFO  o.a.catalina.core.StandardEngine - Starting Servlet engine: [Apache Tomcat/10.1.50]
2026-01-12 20:21:10 [restartedMain] INFO  o.a.c.c.C.[Tomcat].[localhost].[/] - Initializing Spring embedded WebApplicationContext
2026-01-12 20:21:10 [restartedMain] INFO  o.s.b.w.s.c.ServletWebServerApplicationContext - Root WebApplicationContext: initialization completed in 1685 ms
2026-01-12 20:21:10 [restartedMain] INFO  o.h.jpa.internal.util.LogHelper - HHH000204: Processing PersistenceUnitInfo [name: default]
2026-01-12 20:21:10 [restartedMain] INFO  org.hibernate.Version - HHH000412: Hibernate ORM core version 6.6.39.Final
2026-01-12 20:21:10 [restartedMain] INFO  o.h.c.i.RegionFactoryInitiator - HHH000026: Second-level cache disabled
2026-01-12 20:21:11 [restartedMain] INFO  o.s.o.j.p.SpringPersistenceUnitInfo - No LoadTimeWeaver setup: ignoring JPA class transformer
2026-01-12 20:21:11 [restartedMain] INFO  com.zaxxer.hikari.HikariDataSource - HikariPool-1 - Starting...
2026-01-12 20:21:11 [restartedMain] INFO  com.zaxxer.hikari.pool.HikariPool - HikariPool-1 - Added connection com.mysql.cj.jdbc.ConnectionImpl@1ef0104
2026-01-12 20:21:11 [restartedMain] INFO  com.zaxxer.hikari.HikariDataSource - HikariPool-1 - Start completed.
2026-01-12 20:21:11 [restartedMain] WARN  org.hibernate.orm.deprecation - HHH90000025: MySQL8Dialect does not need to be specified explicitly using 'hibernate.dialect' (remove the property setting and it will be selected by default)
2026-01-12 20:21:11 [restartedMain] WARN  org.hibernate.orm.deprecation - HHH90000026: MySQL8Dialect has been deprecated; use org.hibernate.dialect.MySQLDialect instead
2026-01-12 20:21:11 [restartedMain] INFO  o.hibernate.orm.connections.pooling - HHH10001005: Database info:
	Database JDBC URL [Connecting through datasource 'HikariDataSource (HikariPool-1)']
	Database driver: undefined/unknown
	Database version: 8.0
	Autocommit mode: undefined/unknown
	Isolation level: undefined/unknown
	Minimum pool size: undefined/unknown
	Maximum pool size: undefined/unknown
2026-01-12 20:21:12 [restartedMain] INFO  o.h.e.t.j.p.i.JtaPlatformInitiator - HHH000489: No JTA platform available (set 'hibernate.transaction.jta.platform' to enable JTA platform integration)
2026-01-12 20:21:12 [restartedMain] DEBUG org.hibernate.SQL - 
    alter table loan_repayments 
       modify column status enum ('ADVANCED_PAID','DEFAULTED','OVERDUE','PAID','PARTIALLY_PAID','PENDING','WAIVED_OFF') not null
2026-01-12 20:21:12 [restartedMain] INFO  o.s.o.j.LocalContainerEntityManagerFactoryBean - Initialized JPA EntityManagerFactory for persistence unit 'default'
2026-01-12 20:21:13 [restartedMain] DEBUG o.h.s.internal.StatisticsInitiator - Statistics initialized [enabled=false]
2026-01-12 20:21:13 [restartedMain] INFO  o.s.d.j.r.query.QueryEnhancerFactory - Hibernate is in classpath; If applicable, HQL parser will be used.
2026-01-12 20:21:13 [restartedMain] INFO  o.s.s.c.a.a.c.InitializeAuthenticationProviderBeanManagerConfigurer$InitializeAuthenticationProviderManagerConfigurer - Global AuthenticationManager configured with AuthenticationProvider bean with name authenticationProvider
2026-01-12 20:21:13 [restartedMain] WARN  o.s.s.c.a.a.c.InitializeUserDetailsBeanManagerConfigurer$InitializeUserDetailsManagerConfigurer - Global AuthenticationManager configured with an AuthenticationProvider bean. UserDetailsService beans will not be used by Spring Security for automatically configuring username/password login. Consider removing the AuthenticationProvider bean. Alternatively, consider using the UserDetailsService in a manually instantiated DaoAuthenticationProvider. If the current configuration is intentional, to turn off this warning, increase the logging level of 'org.springframework.security.config.annotation.authentication.configuration.InitializeUserDetailsBeanManagerConfigurer' to ERROR
2026-01-12 20:21:14 [restartedMain] DEBUG o.s.w.s.m.m.a.RequestMappingHandlerMapping - 26 mappings in 'requestMappingHandlerMapping'
2026-01-12 20:21:14 [restartedMain] DEBUG o.s.w.s.h.SimpleUrlHandlerMapping - Patterns [/webjars/**, /**] in 'resourceHandlerMapping'
2026-01-12 20:21:14 [restartedMain] DEBUG o.s.s.web.DefaultSecurityFilterChain - Will secure any request with filters: DisableEncodeUrlFilter, WebAsyncManagerIntegrationFilter, SecurityContextHolderFilter, HeaderWriterFilter, CorsFilter, LogoutFilter, JwtAuthenticationFilter, RequestCacheAwareFilter, SecurityContextHolderAwareRequestFilter, AnonymousAuthenticationFilter, SessionManagementFilter, ExceptionTranslationFilter, AuthorizationFilter
2026-01-12 20:21:14 [restartedMain] DEBUG o.s.w.s.m.m.a.RequestMappingHandlerAdapter - ControllerAdvice beans: 0 @ModelAttribute, 0 @InitBinder, 1 RequestBodyAdvice, 1 ResponseBodyAdvice
2026-01-12 20:21:14 [restartedMain] WARN  o.s.b.a.t.ThymeleafAutoConfiguration$DefaultTemplateResolverConfiguration - Cannot find template location: classpath:/templates/emails/ (please add some templates, check your Thymeleaf configuration, or set spring.thymeleaf.check-template-location=false)
2026-01-12 20:21:14 [restartedMain] DEBUG o.s.w.s.m.m.a.ExceptionHandlerExceptionResolver - ControllerAdvice beans: 0 @ExceptionHandler, 1 ResponseBodyAdvice
2026-01-12 20:21:14 [restartedMain] INFO  o.s.b.d.a.OptionalLiveReloadServer - LiveReload server is running on port 35729
2026-01-12 20:21:14 [restartedMain] INFO  o.a.coyote.http11.Http11NioProtocol - Starting ProtocolHandler ["http-nio-8989"]
2026-01-12 20:21:15 [restartedMain] INFO  o.s.b.w.e.tomcat.TomcatWebServer - Tomcat started on port 8989 (http) with context path '/'
2026-01-12 20:21:15 [restartedMain] INFO  c.app.bank.web.ZplusbankApplication - Started ZplusbankApplication in 6.629 seconds (process running for 7.324)
2026-01-12 20:21:18 [http-nio-8989-exec-3] INFO  o.a.c.c.C.[Tomcat].[localhost].[/] - Initializing Spring DispatcherServlet 'dispatcherServlet'
2026-01-12 20:21:18 [http-nio-8989-exec-3] INFO  o.s.web.servlet.DispatcherServlet - Initializing Servlet 'dispatcherServlet'
2026-01-12 20:21:18 [http-nio-8989-exec-3] DEBUG o.s.web.servlet.DispatcherServlet - Detected StandardServletMultipartResolver
2026-01-12 20:21:18 [http-nio-8989-exec-3] DEBUG o.s.web.servlet.DispatcherServlet - Detected AcceptHeaderLocaleResolver
2026-01-12 20:21:18 [http-nio-8989-exec-3] DEBUG o.s.web.servlet.DispatcherServlet - Detected FixedThemeResolver
2026-01-12 20:21:18 [http-nio-8989-exec-3] DEBUG o.s.web.servlet.DispatcherServlet - Detected org.springframework.web.servlet.view.DefaultRequestToViewNameTranslator@39e89854
2026-01-12 20:21:18 [http-nio-8989-exec-3] DEBUG o.s.web.servlet.DispatcherServlet - Detected org.springframework.web.servlet.support.SessionFlashMapManager@52a1f019
2026-01-12 20:21:18 [http-nio-8989-exec-3] DEBUG o.s.web.servlet.DispatcherServlet - enableLoggingRequestDetails='false': request parameters and headers will be masked to prevent unsafe logging of potentially sensitive data
2026-01-12 20:21:18 [http-nio-8989-exec-3] INFO  o.s.web.servlet.DispatcherServlet - Completed initialization in 5 ms
2026-01-12 20:21:18 [http-nio-8989-exec-3] DEBUG o.s.security.web.FilterChainProxy - Securing GET /api/v1/auth/repayments/next-due/7
2026-01-12 20:21:19 [http-nio-8989-exec-3] DEBUG org.hibernate.SQL - 
    select
        u1_0.id,
        u1_0.aadhar_number,
        u1_0.address,
        u1_0.created_at,
        u1_0.email,
        u1_0.failed_login_attempts,
        u1_0.first_name,
        u1_0.last_login_at,
        u1_0.last_name,
        u1_0.monthly_income,
        u1_0.pan_number,
        u1_0.password,
        u1_0.phone,
        u1_0.role,
        u1_0.status,
        u1_0.username 
    from
        users u1_0 
    where
        u1_0.username=?
2026-01-12 20:21:19 [http-nio-8989-exec-3] DEBUG o.s.security.web.FilterChainProxy - Secured GET /api/v1/auth/repayments/next-due/7
2026-01-12 20:21:19 [http-nio-8989-exec-3] DEBUG o.s.web.servlet.DispatcherServlet - GET "/api/v1/auth/repayments/next-due/7", parameters={}
2026-01-12 20:21:19 [http-nio-8989-exec-3] DEBUG o.s.w.s.m.m.a.RequestMappingHandlerMapping - Mapped to com.app.bank.web.controller.LoanRepaymentController#getNextDueRepayment(Long)
2026-01-12 20:21:19 [http-nio-8989-exec-3] DEBUG org.hibernate.SQL - 
    SELECT
        * 
    FROM
        loan_repayments 
    WHERE
        loan_id = ? 
        AND status = 'PENDING' 
    ORDER BY
        due_date ASC 
    LIMIT
        1
2026-01-12 20:21:19 [http-nio-8989-exec-3] DEBUG o.s.w.s.m.m.a.HttpEntityMethodProcessor - Using 'application/json', given [*/*] and supported [application/json, application/*+json]
2026-01-12 20:21:19 [http-nio-8989-exec-3] DEBUG o.s.w.s.m.m.a.HttpEntityMethodProcessor - Writing [com.app.bank.web.model.LoanRepayment@24230aa0]
2026-01-12 20:21:19 [http-nio-8989-exec-3] DEBUG o.s.web.servlet.DispatcherServlet - Completed 200 OK
2026-01-12 20:21:59 [http-nio-8989-exec-2] DEBUG o.s.security.web.FilterChainProxy - Securing GET /api/v1/auth/repayments/overdue/7
2026-01-12 20:21:59 [http-nio-8989-exec-2] DEBUG org.hibernate.SQL - 
    select
        u1_0.id,
        u1_0.aadhar_number,
        u1_0.address,
        u1_0.created_at,
        u1_0.email,
        u1_0.failed_login_attempts,
        u1_0.first_name,
        u1_0.last_login_at,
        u1_0.last_name,
        u1_0.monthly_income,
        u1_0.pan_number,
        u1_0.password,
        u1_0.phone,
        u1_0.role,
        u1_0.status,
        u1_0.username 
    from
        users u1_0 
    where
        u1_0.username=?
2026-01-12 20:21:59 [http-nio-8989-exec-2] DEBUG o.s.security.web.FilterChainProxy - Secured GET /api/v1/auth/repayments/overdue/7
2026-01-12 20:21:59 [http-nio-8989-exec-2] DEBUG o.s.web.servlet.DispatcherServlet - GET "/api/v1/auth/repayments/overdue/7", parameters={}
2026-01-12 20:21:59 [http-nio-8989-exec-2] DEBUG o.s.w.s.m.m.a.RequestMappingHandlerMapping - Mapped to com.app.bank.web.controller.LoanRepaymentController#getOverduePayments(Long)
2026-01-12 20:21:59 [http-nio-8989-exec-2] DEBUG org.hibernate.SQL - 
    select
        lr1_0.id,
        lr1_0.created_at,
        lr1_0.created_by,
        lr1_0.due_amount,
        lr1_0.due_date,
        lr1_0.grace_period_end_date,
        lr1_0.installment_number,
        lr1_0.interest_amount,
        lr1_0.late_payment_fee,
        lr1_0.loan_id,
        lr1_0.paid_amount,
        lr1_0.payment_date,
        lr1_0.payment_mode,
        lr1_0.payment_reference,
        lr1_0.penalty_rate,
        lr1_0.principal_amount,
        lr1_0.remaining_principal,
        lr1_0.remarks,
        lr1_0.status,
        lr1_0.total_outstanding,
        lr1_0.transaction_id,
        lr1_0.updated_at,
        lr1_0.updated_by 
    from
        loan_repayments lr1_0 
    where
        lr1_0.loan_id=? 
        and lr1_0.status in ('PENDING', 'PARTIALLY_PAID') 
        and lr1_0.due_date<current_date
2026-01-12 20:21:59 [http-nio-8989-exec-2] DEBUG o.s.w.s.m.m.a.HttpEntityMethodProcessor - Using 'application/json', given [*/*] and supported [application/json, application/*+json]
2026-01-12 20:21:59 [http-nio-8989-exec-2] DEBUG o.s.w.s.m.m.a.HttpEntityMethodProcessor - Writing [[]]
2026-01-12 20:21:59 [http-nio-8989-exec-2] DEBUG o.s.web.servlet.DispatcherServlet - Completed 200 OK
2026-01-12 20:22:11 [http-nio-8989-exec-5] DEBUG o.s.security.web.FilterChainProxy - Securing GET /api/v1/auth/repayments/overdue/7
2026-01-12 20:22:11 [http-nio-8989-exec-5] DEBUG org.hibernate.SQL - 
    select
        u1_0.id,
        u1_0.aadhar_number,
        u1_0.address,
        u1_0.created_at,
        u1_0.email,
        u1_0.failed_login_attempts,
        u1_0.first_name,
        u1_0.last_login_at,
        u1_0.last_name,
        u1_0.monthly_income,
        u1_0.pan_number,
        u1_0.password,
        u1_0.phone,
        u1_0.role,
        u1_0.status,
        u1_0.username 
    from
        users u1_0 
    where
        u1_0.username=?
2026-01-12 20:22:11 [http-nio-8989-exec-5] DEBUG o.s.security.web.FilterChainProxy - Secured GET /api/v1/auth/repayments/overdue/7
2026-01-12 20:22:11 [http-nio-8989-exec-5] DEBUG o.s.web.servlet.DispatcherServlet - GET "/api/v1/auth/repayments/overdue/7", parameters={}
2026-01-12 20:22:11 [http-nio-8989-exec-5] DEBUG o.s.w.s.m.m.a.RequestMappingHandlerMapping - Mapped to com.app.bank.web.controller.LoanRepaymentController#getOverduePayments(Long)
2026-01-12 20:22:11 [http-nio-8989-exec-5] DEBUG org.hibernate.SQL - 
    select
        lr1_0.id,
        lr1_0.created_at,
        lr1_0.created_by,
        lr1_0.due_amount,
        lr1_0.due_date,
        lr1_0.grace_period_end_date,
        lr1_0.installment_number,
        lr1_0.interest_amount,
        lr1_0.late_payment_fee,
        lr1_0.loan_id,
        lr1_0.paid_amount,
        lr1_0.payment_date,
        lr1_0.payment_mode,
        lr1_0.payment_reference,
        lr1_0.penalty_rate,
        lr1_0.principal_amount,
        lr1_0.remaining_principal,
        lr1_0.remarks,
        lr1_0.status,
        lr1_0.total_outstanding,
        lr1_0.transaction_id,
        lr1_0.updated_at,
        lr1_0.updated_by 
    from
        loan_repayments lr1_0 
    where
        lr1_0.loan_id=? 
        and lr1_0.status in ('PENDING', 'PARTIALLY_PAID') 
        and lr1_0.due_date<current_date
2026-01-12 20:22:11 [http-nio-8989-exec-5] DEBUG o.s.w.s.m.m.a.HttpEntityMethodProcessor - Using 'application/json', given [*/*] and supported [application/json, application/*+json]
2026-01-12 20:22:11 [http-nio-8989-exec-5] DEBUG o.s.w.s.m.m.a.HttpEntityMethodProcessor - Writing [[]]
2026-01-12 20:22:11 [http-nio-8989-exec-5] DEBUG o.s.web.servlet.DispatcherServlet - Completed 200 OK
2026-01-12 20:23:01 [http-nio-8989-exec-6] DEBUG o.s.security.web.FilterChainProxy - Securing POST /api/v1/auth/repayments/pay-emi/7?amount=4637.60
2026-01-12 20:23:01 [http-nio-8989-exec-6] DEBUG org.hibernate.SQL - 
    select
        u1_0.id,
        u1_0.aadhar_number,
        u1_0.address,
        u1_0.created_at,
        u1_0.email,
        u1_0.failed_login_attempts,
        u1_0.first_name,
        u1_0.last_login_at,
        u1_0.last_name,
        u1_0.monthly_income,
        u1_0.pan_number,
        u1_0.password,
        u1_0.phone,
        u1_0.role,
        u1_0.status,
        u1_0.username 
    from
        users u1_0 
    where
        u1_0.username=?
2026-01-12 20:23:01 [http-nio-8989-exec-6] DEBUG o.s.security.web.FilterChainProxy - Secured POST /api/v1/auth/repayments/pay-emi/7?amount=4637.60
2026-01-12 20:23:01 [http-nio-8989-exec-6] DEBUG o.s.web.servlet.DispatcherServlet - POST "/api/v1/auth/repayments/pay-emi/7?amount=4637.60", parameters={masked}
2026-01-12 20:23:01 [http-nio-8989-exec-6] DEBUG o.s.w.s.m.m.a.RequestMappingHandlerMapping - Mapped to com.app.bank.web.controller.LoanRepaymentController#payEmi(Long, BigDecimal, Authentication)
2026-01-12 20:23:01 [http-nio-8989-exec-6] DEBUG org.hibernate.SQL - 
    select
        u1_0.id,
        u1_0.aadhar_number,
        u1_0.address,
        u1_0.created_at,
        u1_0.email,
        u1_0.failed_login_attempts,
        u1_0.first_name,
        u1_0.last_login_at,
        u1_0.last_name,
        u1_0.monthly_income,
        u1_0.pan_number,
        u1_0.password,
        u1_0.phone,
        u1_0.role,
        u1_0.status,
        u1_0.username 
    from
        users u1_0 
    where
        u1_0.username=?
2026-01-12 20:23:01 [http-nio-8989-exec-6] DEBUG org.hibernate.SQL - 
    select
        l1_0.id,
        l1_0.applied_date,
        l1_0.approved_by,
        l1_0.approved_date,
        l1_0.disbursement_date,
        l1_0.emi_amount,
        l1_0.interest_rate,
        l1_0.account_id,
        la1_0.id,
        la1_0.account_number,
        la1_0.account_type,
        la1_0.balance,
        la1_0.created_at,
        la1_0.interest_rate,
        la1_0.last_transaction_at,
        la1_0.minimum_balance,
        la1_0.status,
        la1_0.user_id,
        u1_0.id,
        u1_0.aadhar_number,
        u1_0.address,
        u1_0.created_at,
        u1_0.email,
        u1_0.failed_login_attempts,
        u1_0.first_name,
        u1_0.last_login_at,
        u1_0.last_name,
        u1_0.monthly_income,
        u1_0.pan_number,
        u1_0.password,
        u1_0.phone,
        u1_0.role,
        u1_0.status,
        u1_0.username,
        l1_0.loan_account_number,
        l1_0.loan_type,
        l1_0.maturity_date,
        l1_0.principal_amount,
        l1_0.status,
        l1_0.tenure_months,
        l1_0.total_amount,
        l1_0.user_id,
        u2_0.id,
        u2_0.aadhar_number,
        u2_0.address,
        u2_0.created_at,
        u2_0.email,
        u2_0.failed_login_attempts,
        u2_0.first_name,
        u2_0.last_login_at,
        u2_0.last_name,
        u2_0.monthly_income,
        u2_0.pan_number,
        u2_0.password,
        u2_0.phone,
        u2_0.role,
        u2_0.status,
        u2_0.username 
    from
        loans l1_0 
    join
        accounts la1_0 
            on la1_0.id=l1_0.account_id 
    join
        users u1_0 
            on u1_0.id=la1_0.user_id 
    join
        users u2_0 
            on u2_0.id=l1_0.user_id 
    where
        l1_0.id=?
2026-01-12 20:23:01 [http-nio-8989-exec-6] DEBUG org.hibernate.SQL - 
    SELECT
        * 
    FROM
        loan_repayments 
    WHERE
        loan_id = ? 
        AND status = 'PENDING' 
    ORDER BY
        due_date ASC 
    LIMIT
        1
2026-01-12 20:23:01 [http-nio-8989-exec-6] DEBUG org.hibernate.SQL - 
    update
        accounts 
    set
        account_number=?,
        account_type=?,
        balance=?,
        created_at=?,
        interest_rate=?,
        last_transaction_at=?,
        minimum_balance=?,
        status=?,
        user_id=? 
    where
        id=?
2026-01-12 20:23:01 [http-nio-8989-exec-6] DEBUG org.hibernate.SQL - 
    update
        loan_repayments 
    set
        created_at=?,
        created_by=?,
        due_amount=?,
        due_date=?,
        grace_period_end_date=?,
        installment_number=?,
        interest_amount=?,
        late_payment_fee=?,
        loan_id=?,
        paid_amount=?,
        payment_date=?,
        payment_mode=?,
        payment_reference=?,
        penalty_rate=?,
        principal_amount=?,
        remaining_principal=?,
        remarks=?,
        status=?,
        total_outstanding=?,
        transaction_id=?,
        updated_at=?,
        updated_by=? 
    where
        id=?
2026-01-12 20:23:02 [http-nio-8989-exec-6] DEBUG o.s.w.s.m.m.a.HttpEntityMethodProcessor - Using 'application/json', given [*/*] and supported [application/json, application/*+json]
2026-01-12 20:23:02 [http-nio-8989-exec-6] DEBUG o.s.w.s.m.m.a.HttpEntityMethodProcessor - Writing [{paid amount=0.00, installment=1, message=EMI Payment successful, remaining due=0.00, status=PAID}]
2026-01-12 20:23:02 [http-nio-8989-exec-6] DEBUG o.s.web.servlet.DispatcherServlet - Completed 200 OK
2026-01-12 20:24:25 [http-nio-8989-exec-9] DEBUG o.s.security.web.FilterChainProxy - Securing GET /api/v1/auth/repayments/next-due/7
2026-01-12 20:24:25 [http-nio-8989-exec-9] DEBUG org.hibernate.SQL - 
    select
        u1_0.id,
        u1_0.aadhar_number,
        u1_0.address,
        u1_0.created_at,
        u1_0.email,
        u1_0.failed_login_attempts,
        u1_0.first_name,
        u1_0.last_login_at,
        u1_0.last_name,
        u1_0.monthly_income,
        u1_0.pan_number,
        u1_0.password,
        u1_0.phone,
        u1_0.role,
        u1_0.status,
        u1_0.username 
    from
        users u1_0 
    where
        u1_0.username=?
2026-01-12 20:24:25 [http-nio-8989-exec-9] DEBUG o.s.security.web.FilterChainProxy - Secured GET /api/v1/auth/repayments/next-due/7
2026-01-12 20:24:25 [http-nio-8989-exec-9] DEBUG o.s.web.servlet.DispatcherServlet - GET "/api/v1/auth/repayments/next-due/7", parameters={}
2026-01-12 20:24:25 [http-nio-8989-exec-9] DEBUG o.s.w.s.m.m.a.RequestMappingHandlerMapping - Mapped to com.app.bank.web.controller.LoanRepaymentController#getNextDueRepayment(Long)
2026-01-12 20:24:25 [http-nio-8989-exec-9] DEBUG org.hibernate.SQL - 
    SELECT
        * 
    FROM
        loan_repayments 
    WHERE
        loan_id = ? 
        AND status = 'PENDING' 
    ORDER BY
        due_date ASC 
    LIMIT
        1
2026-01-12 20:24:25 [http-nio-8989-exec-9] DEBUG o.s.w.s.m.m.a.HttpEntityMethodProcessor - Using 'application/json', given [*/*] and supported [application/json, application/*+json]
2026-01-12 20:24:25 [http-nio-8989-exec-9] DEBUG o.s.w.s.m.m.a.HttpEntityMethodProcessor - Writing [com.app.bank.web.model.LoanRepayment@17f93bf]
2026-01-12 20:24:25 [http-nio-8989-exec-9] DEBUG o.s.web.servlet.DispatcherServlet - Completed 200 OK
2026-01-12 20:31:19 [File Watcher] INFO  o.s.b.d.a.LocalDevToolsAutoConfiguration$RestartingClassPathChangeChangedEventListener - Restarting due to 1 class path change (0 additions, 0 deletions, 1 modification)
2026-01-12 20:31:19 [Thread-6] INFO  o.s.b.w.e.tomcat.GracefulShutdown - Commencing graceful shutdown. Waiting for active requests to complete
2026-01-12 20:31:19 [tomcat-shutdown] INFO  o.a.coyote.http11.Http11NioProtocol - Pausing ProtocolHandler ["http-nio-8989"]
2026-01-12 20:31:19 [tomcat-shutdown] INFO  o.s.b.w.e.tomcat.GracefulShutdown - Graceful shutdown complete
2026-01-12 20:31:19 [Thread-6] INFO  o.a.coyote.http11.Http11NioProtocol - Stopping ProtocolHandler ["http-nio-8989"]
2026-01-12 20:31:19 [Thread-6] INFO  o.s.o.j.LocalContainerEntityManagerFactoryBean - Closing JPA EntityManagerFactory for persistence unit 'default'
2026-01-12 20:31:19 [Thread-6] INFO  com.zaxxer.hikari.HikariDataSource - HikariPool-1 - Shutdown initiated...
2026-01-12 20:31:19 [Thread-6] INFO  com.zaxxer.hikari.HikariDataSource - HikariPool-1 - Shutdown completed.
2026-01-12 20:31:19 [restartedMain] INFO  c.app.bank.web.ZplusbankApplication - Starting ZplusbankApplication using Java 17.0.10 with PID 41908 (C:\Users\91790\Documents\workspace-spring-tools-for-eclipse-5.0.0.RELEASE\zplusbank\target\classes started by 91790 in C:\Users\91790\Documents\workspace-spring-tools-for-eclipse-5.0.0.RELEASE\zplusbank)
2026-01-12 20:31:19 [restartedMain] INFO  c.app.bank.web.ZplusbankApplication - No active profile set, falling back to 1 default profile: "default"
2026-01-12 20:31:19 [restartedMain] INFO  o.s.d.r.c.RepositoryConfigurationDelegate - Bootstrapping Spring Data JPA repositories in DEFAULT mode.
2026-01-12 20:31:19 [restartedMain] INFO  o.s.d.r.c.RepositoryConfigurationDelegate - Finished Spring Data repository scanning in 24 ms. Found 5 JPA repository interfaces.
2026-01-12 20:31:19 [restartedMain] INFO  o.s.b.w.e.tomcat.TomcatWebServer - Tomcat initialized with port 8989 (http)
2026-01-12 20:31:19 [restartedMain] INFO  o.a.coyote.http11.Http11NioProtocol - Initializing ProtocolHandler ["http-nio-8989"]
2026-01-12 20:31:19 [restartedMain] INFO  o.a.catalina.core.StandardService - Starting service [Tomcat]
2026-01-12 20:31:19 [restartedMain] INFO  o.a.catalina.core.StandardEngine - Starting Servlet engine: [Apache Tomcat/10.1.50]
2026-01-12 20:31:19 [restartedMain] INFO  o.a.c.c.C.[Tomcat].[localhost].[/] - Initializing Spring embedded WebApplicationContext
2026-01-12 20:31:19 [restartedMain] INFO  o.s.b.w.s.c.ServletWebServerApplicationContext - Root WebApplicationContext: initialization completed in 436 ms
2026-01-12 20:31:19 [restartedMain] INFO  o.h.jpa.internal.util.LogHelper - HHH000204: Processing PersistenceUnitInfo [name: default]
2026-01-12 20:31:19 [restartedMain] INFO  o.h.c.i.RegionFactoryInitiator - HHH000026: Second-level cache disabled
2026-01-12 20:31:19 [restartedMain] INFO  o.s.o.j.p.SpringPersistenceUnitInfo - No LoadTimeWeaver setup: ignoring JPA class transformer
2026-01-12 20:31:19 [restartedMain] INFO  com.zaxxer.hikari.HikariDataSource - HikariPool-2 - Starting...
2026-01-12 20:31:19 [restartedMain] INFO  com.zaxxer.hikari.pool.HikariPool - HikariPool-2 - Added connection com.mysql.cj.jdbc.ConnectionImpl@432bd175
2026-01-12 20:31:19 [restartedMain] INFO  com.zaxxer.hikari.HikariDataSource - HikariPool-2 - Start completed.
2026-01-12 20:31:19 [restartedMain] WARN  org.hibernate.orm.deprecation - HHH90000025: MySQL8Dialect does not need to be specified explicitly using 'hibernate.dialect' (remove the property setting and it will be selected by default)
2026-01-12 20:31:19 [restartedMain] WARN  org.hibernate.orm.deprecation - HHH90000026: MySQL8Dialect has been deprecated; use org.hibernate.dialect.MySQLDialect instead
2026-01-12 20:31:19 [restartedMain] INFO  o.hibernate.orm.connections.pooling - HHH10001005: Database info:
	Database JDBC URL [Connecting through datasource 'HikariDataSource (HikariPool-2)']
	Database driver: undefined/unknown
	Database version: 8.0
	Autocommit mode: undefined/unknown
	Isolation level: undefined/unknown
	Minimum pool size: undefined/unknown
	Maximum pool size: undefined/unknown
2026-01-12 20:31:19 [restartedMain] INFO  o.h.e.t.j.p.i.JtaPlatformInitiator - HHH000489: No JTA platform available (set 'hibernate.transaction.jta.platform' to enable JTA platform integration)
2026-01-12 20:31:19 [restartedMain] DEBUG org.hibernate.SQL - 
    alter table loan_repayments 
       modify column status enum ('ADVANCED_PAID','DEFAULTED','OVERDUE','PAID','PARTIALLY_PAID','PENDING','WAIVED_OFF') not null
2026-01-12 20:31:20 [restartedMain] INFO  o.s.o.j.LocalContainerEntityManagerFactoryBean - Initialized JPA EntityManagerFactory for persistence unit 'default'
2026-01-12 20:31:20 [restartedMain] DEBUG o.h.s.internal.StatisticsInitiator - Statistics initialized [enabled=false]
2026-01-12 20:31:20 [restartedMain] INFO  o.s.s.c.a.a.c.InitializeAuthenticationProviderBeanManagerConfigurer$InitializeAuthenticationProviderManagerConfigurer - Global AuthenticationManager configured with AuthenticationProvider bean with name authenticationProvider
2026-01-12 20:31:20 [restartedMain] WARN  o.s.s.c.a.a.c.InitializeUserDetailsBeanManagerConfigurer$InitializeUserDetailsManagerConfigurer - Global AuthenticationManager configured with an AuthenticationProvider bean. UserDetailsService beans will not be used by Spring Security for automatically configuring username/password login. Consider removing the AuthenticationProvider bean. Alternatively, consider using the UserDetailsService in a manually instantiated DaoAuthenticationProvider. If the current configuration is intentional, to turn off this warning, increase the logging level of 'org.springframework.security.config.annotation.authentication.configuration.InitializeUserDetailsBeanManagerConfigurer' to ERROR
2026-01-12 20:31:20 [restartedMain] DEBUG o.s.w.s.m.m.a.RequestMappingHandlerMapping - 26 mappings in 'requestMappingHandlerMapping'
2026-01-12 20:31:20 [restartedMain] DEBUG o.s.w.s.h.SimpleUrlHandlerMapping - Patterns [/webjars/**, /**] in 'resourceHandlerMapping'
2026-01-12 20:31:20 [restartedMain] DEBUG o.s.s.web.DefaultSecurityFilterChain - Will secure any request with filters: DisableEncodeUrlFilter, WebAsyncManagerIntegrationFilter, SecurityContextHolderFilter, HeaderWriterFilter, CorsFilter, LogoutFilter, JwtAuthenticationFilter, RequestCacheAwareFilter, SecurityContextHolderAwareRequestFilter, AnonymousAuthenticationFilter, SessionManagementFilter, ExceptionTranslationFilter, AuthorizationFilter
2026-01-12 20:31:20 [restartedMain] DEBUG o.s.w.s.m.m.a.RequestMappingHandlerAdapter - ControllerAdvice beans: 0 @ModelAttribute, 0 @InitBinder, 1 RequestBodyAdvice, 1 ResponseBodyAdvice
2026-01-12 20:31:20 [restartedMain] WARN  o.s.b.a.t.ThymeleafAutoConfiguration$DefaultTemplateResolverConfiguration - Cannot find template location: classpath:/templates/emails/ (please add some templates, check your Thymeleaf configuration, or set spring.thymeleaf.check-template-location=false)
2026-01-12 20:31:20 [restartedMain] DEBUG o.s.w.s.m.m.a.ExceptionHandlerExceptionResolver - ControllerAdvice beans: 0 @ExceptionHandler, 1 ResponseBodyAdvice
2026-01-12 20:31:20 [restartedMain] INFO  o.s.b.d.a.OptionalLiveReloadServer - LiveReload server is running on port 35729
2026-01-12 20:31:20 [restartedMain] INFO  o.a.coyote.http11.Http11NioProtocol - Starting ProtocolHandler ["http-nio-8989"]
2026-01-12 20:31:20 [restartedMain] INFO  o.s.b.w.e.tomcat.TomcatWebServer - Tomcat started on port 8989 (http) with context path '/'
2026-01-12 20:31:20 [restartedMain] INFO  c.app.bank.web.ZplusbankApplication - Started ZplusbankApplication in 1.406 seconds (process running for 612.946)
2026-01-12 20:31:20 [restartedMain] INFO  o.s.b.d.a.ConditionEvaluationDeltaLoggingListener - Condition evaluation unchanged
2026-01-12 20:31:34 [http-nio-8989-exec-3] INFO  o.a.c.c.C.[Tomcat].[localhost].[/] - Initializing Spring DispatcherServlet 'dispatcherServlet'
2026-01-12 20:31:34 [http-nio-8989-exec-3] INFO  o.s.web.servlet.DispatcherServlet - Initializing Servlet 'dispatcherServlet'
2026-01-12 20:31:34 [http-nio-8989-exec-3] DEBUG o.s.web.servlet.DispatcherServlet - Detected StandardServletMultipartResolver
2026-01-12 20:31:34 [http-nio-8989-exec-3] DEBUG o.s.web.servlet.DispatcherServlet - Detected AcceptHeaderLocaleResolver
2026-01-12 20:31:34 [http-nio-8989-exec-3] DEBUG o.s.web.servlet.DispatcherServlet - Detected FixedThemeResolver
2026-01-12 20:31:34 [http-nio-8989-exec-3] DEBUG o.s.web.servlet.DispatcherServlet - Detected org.springframework.web.servlet.view.DefaultRequestToViewNameTranslator@49f4792f
2026-01-12 20:31:34 [http-nio-8989-exec-3] DEBUG o.s.web.servlet.DispatcherServlet - Detected org.springframework.web.servlet.support.SessionFlashMapManager@55f33f95
2026-01-12 20:31:34 [http-nio-8989-exec-3] DEBUG o.s.web.servlet.DispatcherServlet - enableLoggingRequestDetails='false': request parameters and headers will be masked to prevent unsafe logging of potentially sensitive data
2026-01-12 20:31:34 [http-nio-8989-exec-3] INFO  o.s.web.servlet.DispatcherServlet - Completed initialization in 4 ms
2026-01-12 20:31:34 [http-nio-8989-exec-3] DEBUG o.s.security.web.FilterChainProxy - Securing POST /api/v1/auth/repayments/pay-emi/7?amount=4637.60
2026-01-12 20:31:34 [http-nio-8989-exec-3] DEBUG org.hibernate.SQL - 
    select
        u1_0.id,
        u1_0.aadhar_number,
        u1_0.address,
        u1_0.created_at,
        u1_0.email,
        u1_0.failed_login_attempts,
        u1_0.first_name,
        u1_0.last_login_at,
        u1_0.last_name,
        u1_0.monthly_income,
        u1_0.pan_number,
        u1_0.password,
        u1_0.phone,
        u1_0.role,
        u1_0.status,
        u1_0.username 
    from
        users u1_0 
    where
        u1_0.username=?
2026-01-12 20:31:34 [http-nio-8989-exec-3] DEBUG o.s.security.web.FilterChainProxy - Secured POST /api/v1/auth/repayments/pay-emi/7?amount=4637.60
2026-01-12 20:31:34 [http-nio-8989-exec-3] DEBUG o.s.web.servlet.DispatcherServlet - POST "/api/v1/auth/repayments/pay-emi/7?amount=4637.60", parameters={masked}
2026-01-12 20:31:34 [http-nio-8989-exec-3] DEBUG o.s.w.s.m.m.a.RequestMappingHandlerMapping - Mapped to com.app.bank.web.controller.LoanRepaymentController#payEmi(Long, BigDecimal, Authentication)
2026-01-12 20:31:34 [http-nio-8989-exec-3] DEBUG org.hibernate.SQL - 
    select
        l1_0.id,
        l1_0.applied_date,
        l1_0.approved_by,
        l1_0.approved_date,
        l1_0.disbursement_date,
        l1_0.emi_amount,
        l1_0.interest_rate,
        l1_0.account_id,
        la1_0.id,
        la1_0.account_number,
        la1_0.account_type,
        la1_0.balance,
        la1_0.created_at,
        la1_0.interest_rate,
        la1_0.last_transaction_at,
        la1_0.minimum_balance,
        la1_0.status,
        la1_0.user_id,
        u1_0.id,
        u1_0.aadhar_number,
        u1_0.address,
        u1_0.created_at,
        u1_0.email,
        u1_0.failed_login_attempts,
        u1_0.first_name,
        u1_0.last_login_at,
        u1_0.last_name,
        u1_0.monthly_income,
        u1_0.pan_number,
        u1_0.password,
        u1_0.phone,
        u1_0.role,
        u1_0.status,
        u1_0.username,
        l1_0.loan_account_number,
        l1_0.loan_type,
        l1_0.maturity_date,
        l1_0.principal_amount,
        l1_0.status,
        l1_0.tenure_months,
        l1_0.total_amount,
        l1_0.user_id,
        u2_0.id,
        u2_0.aadhar_number,
        u2_0.address,
        u2_0.created_at,
        u2_0.email,
        u2_0.failed_login_attempts,
        u2_0.first_name,
        u2_0.last_login_at,
        u2_0.last_name,
        u2_0.monthly_income,
        u2_0.pan_number,
        u2_0.password,
        u2_0.phone,
        u2_0.role,
        u2_0.status,
        u2_0.username 
    from
        loans l1_0 
    join
        accounts la1_0 
            on la1_0.id=l1_0.account_id 
    join
        users u1_0 
            on u1_0.id=la1_0.user_id 
    join
        users u2_0 
            on u2_0.id=l1_0.user_id 
    where
        l1_0.id=?
2026-01-12 20:31:34 [http-nio-8989-exec-3] DEBUG org.hibernate.SQL - 
    select
        u1_0.id,
        u1_0.aadhar_number,
        u1_0.address,
        u1_0.created_at,
        u1_0.email,
        u1_0.failed_login_attempts,
        u1_0.first_name,
        u1_0.last_login_at,
        u1_0.last_name,
        u1_0.monthly_income,
        u1_0.pan_number,
        u1_0.password,
        u1_0.phone,
        u1_0.role,
        u1_0.status,
        u1_0.username 
    from
        users u1_0 
    where
        u1_0.username=?
2026-01-12 20:31:34 [http-nio-8989-exec-3] DEBUG org.hibernate.SQL - 
    SELECT
        * 
    FROM
        loan_repayments 
    WHERE
        loan_id = ? 
        AND status = 'PENDING' 
    ORDER BY
        due_date ASC 
    LIMIT
        1
2026-01-12 20:31:34 [http-nio-8989-exec-3] DEBUG org.hibernate.SQL - 
    update
        accounts 
    set
        account_number=?,
        account_type=?,
        balance=?,
        created_at=?,
        interest_rate=?,
        last_transaction_at=?,
        minimum_balance=?,
        status=?,
        user_id=? 
    where
        id=?
2026-01-12 20:31:34 [http-nio-8989-exec-3] DEBUG org.hibernate.SQL - 
    update
        loan_repayments 
    set
        created_at=?,
        created_by=?,
        due_amount=?,
        due_date=?,
        grace_period_end_date=?,
        installment_number=?,
        interest_amount=?,
        late_payment_fee=?,
        loan_id=?,
        paid_amount=?,
        payment_date=?,
        payment_mode=?,
        payment_reference=?,
        penalty_rate=?,
        principal_amount=?,
        remaining_principal=?,
        remarks=?,
        status=?,
        total_outstanding=?,
        transaction_id=?,
        updated_at=?,
        updated_by=? 
    where
        id=?
2026-01-12 20:31:34 [http-nio-8989-exec-3] DEBUG org.hibernate.SQL - 
    select
        lr1_0.id,
        lr1_0.created_at,
        lr1_0.created_by,
        lr1_0.due_amount,
        lr1_0.due_date,
        lr1_0.grace_period_end_date,
        lr1_0.installment_number,
        lr1_0.interest_amount,
        lr1_0.late_payment_fee,
        lr1_0.loan_id,
        lr1_0.paid_amount,
        lr1_0.payment_date,
        lr1_0.payment_mode,
        lr1_0.payment_reference,
        lr1_0.penalty_rate,
        lr1_0.principal_amount,
        lr1_0.remaining_principal,
        lr1_0.remarks,
        lr1_0.status,
        lr1_0.total_outstanding,
        lr1_0.transaction_id,
        lr1_0.updated_at,
        lr1_0.updated_by 
    from
        loan_repayments lr1_0 
    left join
        loans l1_0 
            on l1_0.id=lr1_0.loan_id 
    where
        l1_0.id=? 
        and lr1_0.status=?
2026-01-12 20:31:34 [http-nio-8989-exec-3] DEBUG o.s.w.s.m.m.a.HttpEntityMethodProcessor - Using 'application/json', given [*/*] and supported [application/json, application/*+json]
2026-01-12 20:31:34 [http-nio-8989-exec-3] DEBUG o.s.w.s.m.m.a.HttpEntityMethodProcessor - Writing [{paid amount=4637.60, installment=2, message=EMI Payment successful, remaining due=0.00, status=PAID (truncated)...]
2026-01-12 20:31:34 [http-nio-8989-exec-3] DEBUG o.s.web.servlet.DispatcherServlet - Completed 200 OK
2026-01-12 20:36:03 [File Watcher] INFO  o.s.b.d.a.LocalDevToolsAutoConfiguration$RestartingClassPathChangeChangedEventListener - Restarting due to 1 class path change (0 additions, 0 deletions, 1 modification)
2026-01-12 20:36:03 [Thread-8] INFO  o.s.b.w.e.tomcat.GracefulShutdown - Commencing graceful shutdown. Waiting for active requests to complete
2026-01-12 20:36:04 [tomcat-shutdown] INFO  o.a.coyote.http11.Http11NioProtocol - Pausing ProtocolHandler ["http-nio-8989"]
2026-01-12 20:36:04 [tomcat-shutdown] INFO  o.s.b.w.e.tomcat.GracefulShutdown - Graceful shutdown complete
2026-01-12 20:36:04 [Thread-8] INFO  o.a.coyote.http11.Http11NioProtocol - Stopping ProtocolHandler ["http-nio-8989"]
2026-01-12 20:36:04 [Thread-8] INFO  o.s.o.j.LocalContainerEntityManagerFactoryBean - Closing JPA EntityManagerFactory for persistence unit 'default'
2026-01-12 20:36:04 [Thread-8] INFO  com.zaxxer.hikari.HikariDataSource - HikariPool-2 - Shutdown initiated...
2026-01-12 20:36:04 [Thread-8] INFO  com.zaxxer.hikari.HikariDataSource - HikariPool-2 - Shutdown completed.
2026-01-12 20:36:04 [restartedMain] INFO  c.app.bank.web.ZplusbankApplication - Starting ZplusbankApplication using Java 17.0.10 with PID 41908 (C:\Users\91790\Documents\workspace-spring-tools-for-eclipse-5.0.0.RELEASE\zplusbank\target\classes started by 91790 in C:\Users\91790\Documents\workspace-spring-tools-for-eclipse-5.0.0.RELEASE\zplusbank)
2026-01-12 20:36:04 [restartedMain] INFO  c.app.bank.web.ZplusbankApplication - No active profile set, falling back to 1 default profile: "default"
2026-01-12 20:36:04 [restartedMain] INFO  o.s.d.r.c.RepositoryConfigurationDelegate - Bootstrapping Spring Data JPA repositories in DEFAULT mode.
2026-01-12 20:36:04 [restartedMain] INFO  o.s.d.r.c.RepositoryConfigurationDelegate - Finished Spring Data repository scanning in 29 ms. Found 5 JPA repository interfaces.
2026-01-12 20:36:04 [restartedMain] INFO  o.s.b.w.e.tomcat.TomcatWebServer - Tomcat initialized with port 8989 (http)
2026-01-12 20:36:04 [restartedMain] INFO  o.a.coyote.http11.Http11NioProtocol - Initializing ProtocolHandler ["http-nio-8989"]
2026-01-12 20:36:04 [restartedMain] INFO  o.a.catalina.core.StandardService - Starting service [Tomcat]
2026-01-12 20:36:04 [restartedMain] INFO  o.a.catalina.core.StandardEngine - Starting Servlet engine: [Apache Tomcat/10.1.50]
2026-01-12 20:36:04 [restartedMain] INFO  o.a.c.c.C.[Tomcat].[localhost].[/] - Initializing Spring embedded WebApplicationContext
2026-01-12 20:36:04 [restartedMain] INFO  o.s.b.w.s.c.ServletWebServerApplicationContext - Root WebApplicationContext: initialization completed in 388 ms
2026-01-12 20:36:04 [restartedMain] INFO  o.h.jpa.internal.util.LogHelper - HHH000204: Processing PersistenceUnitInfo [name: default]
2026-01-12 20:36:04 [restartedMain] INFO  o.h.c.i.RegionFactoryInitiator - HHH000026: Second-level cache disabled
2026-01-12 20:36:04 [restartedMain] INFO  o.s.o.j.p.SpringPersistenceUnitInfo - No LoadTimeWeaver setup: ignoring JPA class transformer
2026-01-12 20:36:04 [restartedMain] INFO  com.zaxxer.hikari.HikariDataSource - HikariPool-3 - Starting...
2026-01-12 20:36:04 [restartedMain] INFO  com.zaxxer.hikari.pool.HikariPool - HikariPool-3 - Added connection com.mysql.cj.jdbc.ConnectionImpl@5d28ecd3
2026-01-12 20:36:04 [restartedMain] INFO  com.zaxxer.hikari.HikariDataSource - HikariPool-3 - Start completed.
2026-01-12 20:36:04 [restartedMain] WARN  org.hibernate.orm.deprecation - HHH90000025: MySQL8Dialect does not need to be specified explicitly using 'hibernate.dialect' (remove the property setting and it will be selected by default)
2026-01-12 20:36:04 [restartedMain] WARN  org.hibernate.orm.deprecation - HHH90000026: MySQL8Dialect has been deprecated; use org.hibernate.dialect.MySQLDialect instead
2026-01-12 20:36:04 [restartedMain] INFO  o.hibernate.orm.connections.pooling - HHH10001005: Database info:
	Database JDBC URL [Connecting through datasource 'HikariDataSource (HikariPool-3)']
	Database driver: undefined/unknown
	Database version: 8.0
	Autocommit mode: undefined/unknown
	Isolation level: undefined/unknown
	Minimum pool size: undefined/unknown
	Maximum pool size: undefined/unknown
2026-01-12 20:36:04 [restartedMain] INFO  o.h.e.t.j.p.i.JtaPlatformInitiator - HHH000489: No JTA platform available (set 'hibernate.transaction.jta.platform' to enable JTA platform integration)
2026-01-12 20:36:04 [restartedMain] DEBUG org.hibernate.SQL - 
    alter table loan_repayments 
       modify column status enum ('ADVANCED_PAID','DEFAULTED','OVERDUE','PAID','PARTIALLY_PAID','PENDING','WAIVED_OFF') not null
2026-01-12 20:36:04 [restartedMain] INFO  o.s.o.j.LocalContainerEntityManagerFactoryBean - Initialized JPA EntityManagerFactory for persistence unit 'default'
2026-01-12 20:36:04 [restartedMain] DEBUG o.h.s.internal.StatisticsInitiator - Statistics initialized [enabled=false]
2026-01-12 20:36:05 [restartedMain] INFO  o.s.s.c.a.a.c.InitializeAuthenticationProviderBeanManagerConfigurer$InitializeAuthenticationProviderManagerConfigurer - Global AuthenticationManager configured with AuthenticationProvider bean with name authenticationProvider
2026-01-12 20:36:05 [restartedMain] WARN  o.s.s.c.a.a.c.InitializeUserDetailsBeanManagerConfigurer$InitializeUserDetailsManagerConfigurer - Global AuthenticationManager configured with an AuthenticationProvider bean. UserDetailsService beans will not be used by Spring Security for automatically configuring username/password login. Consider removing the AuthenticationProvider bean. Alternatively, consider using the UserDetailsService in a manually instantiated DaoAuthenticationProvider. If the current configuration is intentional, to turn off this warning, increase the logging level of 'org.springframework.security.config.annotation.authentication.configuration.InitializeUserDetailsBeanManagerConfigurer' to ERROR
2026-01-12 20:36:05 [restartedMain] DEBUG o.s.w.s.m.m.a.RequestMappingHandlerMapping - 26 mappings in 'requestMappingHandlerMapping'
2026-01-12 20:36:05 [restartedMain] DEBUG o.s.w.s.h.SimpleUrlHandlerMapping - Patterns [/webjars/**, /**] in 'resourceHandlerMapping'
2026-01-12 20:36:05 [restartedMain] DEBUG o.s.s.web.DefaultSecurityFilterChain - Will secure any request with filters: DisableEncodeUrlFilter, WebAsyncManagerIntegrationFilter, SecurityContextHolderFilter, HeaderWriterFilter, CorsFilter, LogoutFilter, JwtAuthenticationFilter, RequestCacheAwareFilter, SecurityContextHolderAwareRequestFilter, AnonymousAuthenticationFilter, SessionManagementFilter, ExceptionTranslationFilter, AuthorizationFilter
2026-01-12 20:36:05 [restartedMain] DEBUG o.s.w.s.m.m.a.RequestMappingHandlerAdapter - ControllerAdvice beans: 0 @ModelAttribute, 0 @InitBinder, 1 RequestBodyAdvice, 1 ResponseBodyAdvice
2026-01-12 20:36:05 [restartedMain] WARN  o.s.b.a.t.ThymeleafAutoConfiguration$DefaultTemplateResolverConfiguration - Cannot find template location: classpath:/templates/emails/ (please add some templates, check your Thymeleaf configuration, or set spring.thymeleaf.check-template-location=false)
2026-01-12 20:36:05 [restartedMain] DEBUG o.s.w.s.m.m.a.ExceptionHandlerExceptionResolver - ControllerAdvice beans: 0 @ExceptionHandler, 1 ResponseBodyAdvice
2026-01-12 20:36:05 [restartedMain] INFO  o.s.b.d.a.OptionalLiveReloadServer - LiveReload server is running on port 35729
2026-01-12 20:36:05 [restartedMain] INFO  o.a.coyote.http11.Http11NioProtocol - Starting ProtocolHandler ["http-nio-8989"]
2026-01-12 20:36:05 [restartedMain] INFO  o.s.b.w.e.tomcat.TomcatWebServer - Tomcat started on port 8989 (http) with context path '/'
2026-01-12 20:36:05 [restartedMain] INFO  c.app.bank.web.ZplusbankApplication - Started ZplusbankApplication in 1.356 seconds (process running for 897.756)
2026-01-12 20:36:05 [restartedMain] INFO  o.s.b.d.a.ConditionEvaluationDeltaLoggingListener - Condition evaluation unchanged
2026-01-12 20:36:33 [http-nio-8989-exec-2] INFO  o.a.c.c.C.[Tomcat].[localhost].[/] - Initializing Spring DispatcherServlet 'dispatcherServlet'
2026-01-12 20:36:33 [http-nio-8989-exec-2] INFO  o.s.web.servlet.DispatcherServlet - Initializing Servlet 'dispatcherServlet'
2026-01-12 20:36:33 [http-nio-8989-exec-2] DEBUG o.s.web.servlet.DispatcherServlet - Detected StandardServletMultipartResolver
2026-01-12 20:36:33 [http-nio-8989-exec-2] DEBUG o.s.web.servlet.DispatcherServlet - Detected AcceptHeaderLocaleResolver
2026-01-12 20:36:33 [http-nio-8989-exec-2] DEBUG o.s.web.servlet.DispatcherServlet - Detected FixedThemeResolver
2026-01-12 20:36:33 [http-nio-8989-exec-2] DEBUG o.s.web.servlet.DispatcherServlet - Detected org.springframework.web.servlet.view.DefaultRequestToViewNameTranslator@3624fd94
2026-01-12 20:36:33 [http-nio-8989-exec-2] DEBUG o.s.web.servlet.DispatcherServlet - Detected org.springframework.web.servlet.support.SessionFlashMapManager@3edb00f8
2026-01-12 20:36:33 [http-nio-8989-exec-2] DEBUG o.s.web.servlet.DispatcherServlet - enableLoggingRequestDetails='false': request parameters and headers will be masked to prevent unsafe logging of potentially sensitive data
2026-01-12 20:36:33 [http-nio-8989-exec-2] INFO  o.s.web.servlet.DispatcherServlet - Completed initialization in 4 ms
2026-01-12 20:36:33 [http-nio-8989-exec-2] DEBUG o.s.security.web.FilterChainProxy - Securing GET /api/v1/auth/repayments/total-paid/7
2026-01-12 20:36:33 [http-nio-8989-exec-2] DEBUG org.hibernate.SQL - 
    select
        u1_0.id,
        u1_0.aadhar_number,
        u1_0.address,
        u1_0.created_at,
        u1_0.email,
        u1_0.failed_login_attempts,
        u1_0.first_name,
        u1_0.last_login_at,
        u1_0.last_name,
        u1_0.monthly_income,
        u1_0.pan_number,
        u1_0.password,
        u1_0.phone,
        u1_0.role,
        u1_0.status,
        u1_0.username 
    from
        users u1_0 
    where
        u1_0.username=?
2026-01-12 20:36:33 [http-nio-8989-exec-2] DEBUG o.s.security.web.FilterChainProxy - Secured GET /api/v1/auth/repayments/total-paid/7
2026-01-12 20:36:33 [http-nio-8989-exec-2] DEBUG o.s.web.servlet.DispatcherServlet - GET "/api/v1/auth/repayments/total-paid/7", parameters={}
2026-01-12 20:36:33 [http-nio-8989-exec-2] DEBUG o.s.w.s.m.m.a.RequestMappingHandlerMapping - Mapped to com.app.bank.web.controller.LoanRepaymentController#getTotalPaid(Long)
2026-01-12 20:36:33 [http-nio-8989-exec-2] DEBUG org.hibernate.SQL - 
    select
        coalesce(sum(lr1_0.paid_amount), 0) 
    from
        loan_repayments lr1_0 
    where
        lr1_0.loan_id=? 
        and lr1_0.status in ('PAID', 'ADVANCED_PAID', 'PARTIALLY_PAID')
2026-01-12 20:36:33 [http-nio-8989-exec-2] DEBUG o.s.w.s.m.m.a.HttpEntityMethodProcessor - Using 'application/json', given [*/*] and supported [application/json, application/*+json]
2026-01-12 20:36:33 [http-nio-8989-exec-2] DEBUG o.s.w.s.m.m.a.HttpEntityMethodProcessor - Writing [4637.60]
2026-01-12 20:36:33 [http-nio-8989-exec-2] DEBUG o.s.web.servlet.DispatcherServlet - Completed 200 OK
2026-01-12 20:37:06 [http-nio-8989-exec-3] DEBUG o.s.security.web.FilterChainProxy - Securing GET /api/v1/auth/repayments/overdue-amount/7
2026-01-12 20:37:06 [http-nio-8989-exec-3] DEBUG org.hibernate.SQL - 
    select
        u1_0.id,
        u1_0.aadhar_number,
        u1_0.address,
        u1_0.created_at,
        u1_0.email,
        u1_0.failed_login_attempts,
        u1_0.first_name,
        u1_0.last_login_at,
        u1_0.last_name,
        u1_0.monthly_income,
        u1_0.pan_number,
        u1_0.password,
        u1_0.phone,
        u1_0.role,
        u1_0.status,
        u1_0.username 
    from
        users u1_0 
    where
        u1_0.username=?
2026-01-12 20:37:06 [http-nio-8989-exec-3] DEBUG o.s.security.web.FilterChainProxy - Secured GET /api/v1/auth/repayments/overdue-amount/7
2026-01-12 20:37:06 [http-nio-8989-exec-3] DEBUG o.s.web.servlet.DispatcherServlet - GET "/api/v1/auth/repayments/overdue-amount/7", parameters={}
2026-01-12 20:37:06 [http-nio-8989-exec-3] DEBUG o.s.w.s.m.m.a.RequestMappingHandlerMapping - Mapped to com.app.bank.web.controller.LoanRepaymentController#getOverdueAmount(Long)
2026-01-12 20:37:06 [http-nio-8989-exec-3] DEBUG org.hibernate.SQL - 
    select
        coalesce(sum((lr1_0.due_amount-lr1_0.paid_amount)), 0) 
    from
        loan_repayments lr1_0 
    where
        lr1_0.loan_id=? 
        and lr1_0.status in ('PENDING', 'PARTIALLY_PAID') 
        and lr1_0.due_date<current_date
2026-01-12 20:37:06 [http-nio-8989-exec-3] DEBUG o.s.w.s.m.m.a.HttpEntityMethodProcessor - Using 'application/json', given [*/*] and supported [application/json, application/*+json]
2026-01-12 20:37:06 [http-nio-8989-exec-3] DEBUG o.s.w.s.m.m.a.HttpEntityMethodProcessor - Writing [0.00]
2026-01-12 20:37:06 [http-nio-8989-exec-3] DEBUG o.s.web.servlet.DispatcherServlet - Completed 200 OK
2026-01-12 20:37:55 [http-nio-8989-exec-6] DEBUG o.s.security.web.FilterChainProxy - Securing GET /api/v1/auth/repayments/overdue-amount/7
2026-01-12 20:37:55 [http-nio-8989-exec-6] DEBUG org.hibernate.SQL - 
    select
        u1_0.id,
        u1_0.aadhar_number,
        u1_0.address,
        u1_0.created_at,
        u1_0.email,
        u1_0.failed_login_attempts,
        u1_0.first_name,
        u1_0.last_login_at,
        u1_0.last_name,
        u1_0.monthly_income,
        u1_0.pan_number,
        u1_0.password,
        u1_0.phone,
        u1_0.role,
        u1_0.status,
        u1_0.username 
    from
        users u1_0 
    where
        u1_0.username=?
2026-01-12 20:37:55 [http-nio-8989-exec-6] DEBUG o.s.security.web.FilterChainProxy - Secured GET /api/v1/auth/repayments/overdue-amount/7
2026-01-12 20:37:55 [http-nio-8989-exec-6] DEBUG o.s.web.servlet.DispatcherServlet - GET "/api/v1/auth/repayments/overdue-amount/7", parameters={}
2026-01-12 20:37:55 [http-nio-8989-exec-6] DEBUG o.s.w.s.m.m.a.RequestMappingHandlerMapping - Mapped to com.app.bank.web.controller.LoanRepaymentController#getOverdueAmount(Long)
2026-01-12 20:37:55 [http-nio-8989-exec-6] DEBUG org.hibernate.SQL - 
    select
        coalesce(sum((lr1_0.due_amount-lr1_0.paid_amount)), 0) 
    from
        loan_repayments lr1_0 
    where
        lr1_0.loan_id=? 
        and lr1_0.status in ('PENDING', 'PARTIALLY_PAID') 
        and lr1_0.due_date<current_date
2026-01-12 20:37:55 [http-nio-8989-exec-6] DEBUG o.s.w.s.m.m.a.HttpEntityMethodProcessor - Using 'application/json', given [*/*] and supported [application/json, application/*+json]
2026-01-12 20:37:55 [http-nio-8989-exec-6] DEBUG o.s.w.s.m.m.a.HttpEntityMethodProcessor - Writing [0.00]
2026-01-12 20:37:55 [http-nio-8989-exec-6] DEBUG o.s.web.servlet.DispatcherServlet - Completed 200 OK
2026-01-12 20:38:23 [RMI TCP Connection(31)-127.0.0.1] INFO  o.s.b.a.SpringApplicationAdminMXBeanRegistrar$SpringApplicationAdmin - Application shutdown requested.
2026-01-12 20:38:23 [RMI TCP Connection(31)-127.0.0.1] INFO  o.s.b.w.e.tomcat.GracefulShutdown - Commencing graceful shutdown. Waiting for active requests to complete
2026-01-12 20:38:23 [tomcat-shutdown] INFO  o.a.coyote.http11.Http11NioProtocol - Pausing ProtocolHandler ["http-nio-8989"]
2026-01-12 20:38:23 [tomcat-shutdown] INFO  o.s.b.w.e.tomcat.GracefulShutdown - Graceful shutdown complete
2026-01-12 20:38:23 [RMI TCP Connection(31)-127.0.0.1] INFO  o.a.coyote.http11.Http11NioProtocol - Stopping ProtocolHandler ["http-nio-8989"]
2026-01-12 20:38:23 [RMI TCP Connection(31)-127.0.0.1] INFO  o.s.o.j.LocalContainerEntityManagerFactoryBean - Closing JPA EntityManagerFactory for persistence unit 'default'
2026-01-12 20:38:23 [RMI TCP Connection(31)-127.0.0.1] INFO  com.zaxxer.hikari.HikariDataSource - HikariPool-3 - Shutdown initiated...
2026-01-12 20:38:23 [RMI TCP Connection(31)-127.0.0.1] INFO  com.zaxxer.hikari.HikariDataSource - HikariPool-3 - Shutdown completed.
2026-01-12 23:22:44 [background-preinit] INFO  o.h.validator.internal.util.Version - HV000001: Hibernate Validator 8.0.3.Final
2026-01-12 23:22:44 [restartedMain] INFO  c.app.bank.web.ZplusbankApplication - Starting ZplusbankApplication using Java 17.0.10 with PID 36572 (C:\Users\91790\Documents\workspace-spring-tools-for-eclipse-5.0.0.RELEASE\zplusbank\target\classes started by 91790 in C:\Users\91790\Documents\workspace-spring-tools-for-eclipse-5.0.0.RELEASE\zplusbank)
2026-01-12 23:22:44 [restartedMain] INFO  c.app.bank.web.ZplusbankApplication - No active profile set, falling back to 1 default profile: "default"
2026-01-12 23:22:44 [restartedMain] INFO  o.s.b.d.restart.ChangeableUrls - The Class-Path manifest attribute in C:\Users\91790\.m2\repository\org\glassfish\jaxb\jaxb-runtime\2.3.1\jaxb-runtime-2.3.1.jar referenced one or more files that do not exist: file:/C:/Users/91790/.m2/repository/org/glassfish/jaxb/jaxb-runtime/2.3.1/jaxb-api-2.3.1.jar,file:/C:/Users/91790/.m2/repository/org/glassfish/jaxb/jaxb-runtime/2.3.1/txw2-2.3.1.jar,file:/C:/Users/91790/.m2/repository/org/glassfish/jaxb/jaxb-runtime/2.3.1/istack-commons-runtime-3.0.7.jar,file:/C:/Users/91790/.m2/repository/org/glassfish/jaxb/jaxb-runtime/2.3.1/stax-ex-1.8.jar,file:/C:/Users/91790/.m2/repository/org/glassfish/jaxb/jaxb-runtime/2.3.1/FastInfoset-1.2.15.jar,file:/C:/Users/91790/.m2/repository/org/glassfish/jaxb/jaxb-runtime/2.3.1/javax.activation-api-1.2.0.jar
2026-01-12 23:22:44 [restartedMain] INFO  o.s.b.d.e.DevToolsPropertyDefaultsPostProcessor - Devtools property defaults active! Set 'spring.devtools.add-properties' to 'false' to disable
2026-01-12 23:22:44 [restartedMain] INFO  o.s.b.d.e.DevToolsPropertyDefaultsPostProcessor - For additional web related logging consider setting the 'logging.level.web' property to 'DEBUG'
2026-01-12 23:22:45 [restartedMain] INFO  o.s.d.r.c.RepositoryConfigurationDelegate - Bootstrapping Spring Data JPA repositories in DEFAULT mode.
2026-01-12 23:22:45 [restartedMain] INFO  o.s.d.r.c.RepositoryConfigurationDelegate - Finished Spring Data repository scanning in 74 ms. Found 5 JPA repository interfaces.
2026-01-12 23:22:45 [restartedMain] INFO  o.s.b.w.e.tomcat.TomcatWebServer - Tomcat initialized with port 8989 (http)
2026-01-12 23:22:45 [restartedMain] INFO  o.a.coyote.http11.Http11NioProtocol - Initializing ProtocolHandler ["http-nio-8989"]
2026-01-12 23:22:45 [restartedMain] INFO  o.a.catalina.core.StandardService - Starting service [Tomcat]
2026-01-12 23:22:45 [restartedMain] INFO  o.a.catalina.core.StandardEngine - Starting Servlet engine: [Apache Tomcat/10.1.50]
2026-01-12 23:22:45 [restartedMain] INFO  o.a.c.c.C.[Tomcat].[localhost].[/] - Initializing Spring embedded WebApplicationContext
2026-01-12 23:22:45 [restartedMain] INFO  o.s.b.w.s.c.ServletWebServerApplicationContext - Root WebApplicationContext: initialization completed in 1423 ms
2026-01-12 23:22:45 [restartedMain] INFO  o.h.jpa.internal.util.LogHelper - HHH000204: Processing PersistenceUnitInfo [name: default]
2026-01-12 23:22:45 [restartedMain] INFO  org.hibernate.Version - HHH000412: Hibernate ORM core version 6.6.39.Final
2026-01-12 23:22:46 [restartedMain] INFO  o.h.c.i.RegionFactoryInitiator - HHH000026: Second-level cache disabled
2026-01-12 23:22:46 [restartedMain] INFO  o.s.o.j.p.SpringPersistenceUnitInfo - No LoadTimeWeaver setup: ignoring JPA class transformer
2026-01-12 23:22:46 [restartedMain] INFO  com.zaxxer.hikari.HikariDataSource - HikariPool-1 - Starting...
2026-01-12 23:22:46 [restartedMain] INFO  com.zaxxer.hikari.pool.HikariPool - HikariPool-1 - Added connection com.mysql.cj.jdbc.ConnectionImpl@3cd464c8
2026-01-12 23:22:46 [restartedMain] INFO  com.zaxxer.hikari.HikariDataSource - HikariPool-1 - Start completed.
2026-01-12 23:22:46 [restartedMain] WARN  org.hibernate.orm.deprecation - HHH90000025: MySQL8Dialect does not need to be specified explicitly using 'hibernate.dialect' (remove the property setting and it will be selected by default)
2026-01-12 23:22:46 [restartedMain] WARN  org.hibernate.orm.deprecation - HHH90000026: MySQL8Dialect has been deprecated; use org.hibernate.dialect.MySQLDialect instead
2026-01-12 23:22:46 [restartedMain] INFO  o.hibernate.orm.connections.pooling - HHH10001005: Database info:
	Database JDBC URL [Connecting through datasource 'HikariDataSource (HikariPool-1)']
	Database driver: undefined/unknown
	Database version: 8.0
	Autocommit mode: undefined/unknown
	Isolation level: undefined/unknown
	Minimum pool size: undefined/unknown
	Maximum pool size: undefined/unknown
2026-01-12 23:22:47 [restartedMain] INFO  o.h.e.t.j.p.i.JtaPlatformInitiator - HHH000489: No JTA platform available (set 'hibernate.transaction.jta.platform' to enable JTA platform integration)
2026-01-12 23:22:47 [restartedMain] DEBUG org.hibernate.SQL - 
    alter table loan_repayments 
       modify column status enum ('ADVANCED_PAID','DEFAULTED','OVERDUE','PAID','PARTIALLY_PAID','PENDING','WAIVED_OFF') not null
2026-01-12 23:22:47 [restartedMain] INFO  o.s.o.j.LocalContainerEntityManagerFactoryBean - Initialized JPA EntityManagerFactory for persistence unit 'default'
2026-01-12 23:22:47 [restartedMain] DEBUG o.h.s.internal.StatisticsInitiator - Statistics initialized [enabled=false]
2026-01-12 23:22:48 [restartedMain] INFO  o.s.d.j.r.query.QueryEnhancerFactory - Hibernate is in classpath; If applicable, HQL parser will be used.
2026-01-12 23:22:48 [restartedMain] INFO  o.s.s.c.a.a.c.InitializeAuthenticationProviderBeanManagerConfigurer$InitializeAuthenticationProviderManagerConfigurer - Global AuthenticationManager configured with AuthenticationProvider bean with name authenticationProvider
2026-01-12 23:22:48 [restartedMain] WARN  o.s.s.c.a.a.c.InitializeUserDetailsBeanManagerConfigurer$InitializeUserDetailsManagerConfigurer - Global AuthenticationManager configured with an AuthenticationProvider bean. UserDetailsService beans will not be used by Spring Security for automatically configuring username/password login. Consider removing the AuthenticationProvider bean. Alternatively, consider using the UserDetailsService in a manually instantiated DaoAuthenticationProvider. If the current configuration is intentional, to turn off this warning, increase the logging level of 'org.springframework.security.config.annotation.authentication.configuration.InitializeUserDetailsBeanManagerConfigurer' to ERROR
2026-01-12 23:22:49 [restartedMain] DEBUG o.s.w.s.m.m.a.RequestMappingHandlerMapping - 26 mappings in 'requestMappingHandlerMapping'
2026-01-12 23:22:49 [restartedMain] DEBUG o.s.w.s.h.SimpleUrlHandlerMapping - Patterns [/webjars/**, /**] in 'resourceHandlerMapping'
2026-01-12 23:22:49 [restartedMain] DEBUG o.s.s.web.DefaultSecurityFilterChain - Will secure any request with filters: DisableEncodeUrlFilter, WebAsyncManagerIntegrationFilter, SecurityContextHolderFilter, HeaderWriterFilter, CorsFilter, LogoutFilter, JwtAuthenticationFilter, RequestCacheAwareFilter, SecurityContextHolderAwareRequestFilter, AnonymousAuthenticationFilter, SessionManagementFilter, ExceptionTranslationFilter, AuthorizationFilter
2026-01-12 23:22:49 [restartedMain] DEBUG o.s.w.s.m.m.a.RequestMappingHandlerAdapter - ControllerAdvice beans: 0 @ModelAttribute, 0 @InitBinder, 1 RequestBodyAdvice, 1 ResponseBodyAdvice
2026-01-12 23:22:49 [restartedMain] WARN  o.s.b.a.t.ThymeleafAutoConfiguration$DefaultTemplateResolverConfiguration - Cannot find template location: classpath:/templates/emails/ (please add some templates, check your Thymeleaf configuration, or set spring.thymeleaf.check-template-location=false)
2026-01-12 23:22:49 [restartedMain] DEBUG o.s.w.s.m.m.a.ExceptionHandlerExceptionResolver - ControllerAdvice beans: 0 @ExceptionHandler, 1 ResponseBodyAdvice
2026-01-12 23:22:49 [restartedMain] INFO  o.s.b.d.a.OptionalLiveReloadServer - LiveReload server is running on port 35729
2026-01-12 23:22:49 [restartedMain] INFO  o.a.coyote.http11.Http11NioProtocol - Starting ProtocolHandler ["http-nio-8989"]
2026-01-12 23:22:49 [restartedMain] INFO  o.s.b.w.e.tomcat.TomcatWebServer - Tomcat started on port 8989 (http) with context path '/'
2026-01-12 23:22:49 [restartedMain] INFO  c.app.bank.web.ZplusbankApplication - Started ZplusbankApplication in 5.993 seconds (process running for 6.601)
2026-01-12 23:24:13 [http-nio-8989-exec-2] INFO  o.a.c.c.C.[Tomcat].[localhost].[/] - Initializing Spring DispatcherServlet 'dispatcherServlet'
2026-01-12 23:24:13 [http-nio-8989-exec-2] INFO  o.s.web.servlet.DispatcherServlet - Initializing Servlet 'dispatcherServlet'
2026-01-12 23:24:13 [http-nio-8989-exec-2] DEBUG o.s.web.servlet.DispatcherServlet - Detected StandardServletMultipartResolver
2026-01-12 23:24:13 [http-nio-8989-exec-2] DEBUG o.s.web.servlet.DispatcherServlet - Detected AcceptHeaderLocaleResolver
2026-01-12 23:24:13 [http-nio-8989-exec-2] DEBUG o.s.web.servlet.DispatcherServlet - Detected FixedThemeResolver
2026-01-12 23:24:13 [http-nio-8989-exec-2] DEBUG o.s.web.servlet.DispatcherServlet - Detected org.springframework.web.servlet.view.DefaultRequestToViewNameTranslator@699651d6
2026-01-12 23:24:13 [http-nio-8989-exec-2] DEBUG o.s.web.servlet.DispatcherServlet - Detected org.springframework.web.servlet.support.SessionFlashMapManager@572f13b8
2026-01-12 23:24:13 [http-nio-8989-exec-2] DEBUG o.s.web.servlet.DispatcherServlet - enableLoggingRequestDetails='false': request parameters and headers will be masked to prevent unsafe logging of potentially sensitive data
2026-01-12 23:24:13 [http-nio-8989-exec-2] INFO  o.s.web.servlet.DispatcherServlet - Completed initialization in 7 ms
2026-01-12 23:24:13 [http-nio-8989-exec-2] DEBUG o.s.security.web.FilterChainProxy - Securing POST /api/v1/auth/ZPB1361326006798/deposit?amount=105&description=%22Deposited%20amount%20into%20the%20account%22
2026-01-12 23:24:13 [http-nio-8989-exec-2] DEBUG org.hibernate.SQL - 
    select
        u1_0.id,
        u1_0.aadhar_number,
        u1_0.address,
        u1_0.created_at,
        u1_0.email,
        u1_0.failed_login_attempts,
        u1_0.first_name,
        u1_0.last_login_at,
        u1_0.last_name,
        u1_0.monthly_income,
        u1_0.pan_number,
        u1_0.password,
        u1_0.phone,
        u1_0.role,
        u1_0.status,
        u1_0.username 
    from
        users u1_0 
    where
        u1_0.username=?
2026-01-12 23:24:13 [http-nio-8989-exec-2] DEBUG o.s.security.web.FilterChainProxy - Secured POST /api/v1/auth/ZPB1361326006798/deposit?amount=105&description=%22Deposited%20amount%20into%20the%20account%22
2026-01-12 23:24:13 [http-nio-8989-exec-2] DEBUG o.s.web.servlet.DispatcherServlet - POST "/api/v1/auth/ZPB1361326006798/deposit?amount=105&description=%22Deposited%20amount%20into%20the%20account%22", parameters={masked}
2026-01-12 23:24:13 [http-nio-8989-exec-2] DEBUG o.s.w.s.m.m.a.RequestMappingHandlerMapping - Mapped to com.app.bank.web.controller.AccountController#deposit(String, BigDecimal, String, Authentication)
2026-01-12 23:24:13 [http-nio-8989-exec-2] DEBUG org.hibernate.SQL - 
    select
        u1_0.id,
        u1_0.aadhar_number,
        u1_0.address,
        u1_0.created_at,
        u1_0.email,
        u1_0.failed_login_attempts,
        u1_0.first_name,
        u1_0.last_login_at,
        u1_0.last_name,
        u1_0.monthly_income,
        u1_0.pan_number,
        u1_0.password,
        u1_0.phone,
        u1_0.role,
        u1_0.status,
        u1_0.username 
    from
        users u1_0 
    where
        u1_0.username=?
2026-01-12 23:24:13 [http-nio-8989-exec-2] DEBUG org.hibernate.SQL - 
    select
        a1_0.id,
        a1_0.account_number,
        a1_0.account_type,
        a1_0.balance,
        a1_0.created_at,
        a1_0.interest_rate,
        a1_0.last_transaction_at,
        a1_0.minimum_balance,
        a1_0.status,
        a1_0.user_id 
    from
        accounts a1_0 
    where
        a1_0.account_number=?
2026-01-12 23:24:13 [http-nio-8989-exec-2] DEBUG org.hibernate.SQL - 
    insert 
    into
        transactions
        (amount, balance_after_transaction, description, from_account_id, reference_number, remarks, status, to_account_id, transaction_date, transaction_id, transaction_type) 
    values
        (?, ?, ?, ?, ?, ?, ?, ?, ?, ?, ?)
2026-01-12 23:24:14 [http-nio-8989-exec-2] DEBUG org.hibernate.SQL - 
    update
        accounts 
    set
        account_number=?,
        account_type=?,
        balance=?,
        created_at=?,
        interest_rate=?,
        last_transaction_at=?,
        minimum_balance=?,
        status=?,
        user_id=? 
    where
        id=?
2026-01-12 23:24:14 [http-nio-8989-exec-2] DEBUG o.s.w.s.m.m.a.HttpEntityMethodProcessor - Using 'application/json', given [*/*] and supported [application/json, application/*+json]
2026-01-12 23:24:14 [http-nio-8989-exec-2] DEBUG o.s.w.s.m.m.a.HttpEntityMethodProcessor - Writing [{newBalance=530934.80, message=Deposit Successful, transactionId=TXN1768240453943104}]
2026-01-12 23:24:14 [http-nio-8989-exec-2] DEBUG o.s.web.servlet.DispatcherServlet - Completed 200 OK
2026-01-12 23:29:07 [RMI TCP Connection(15)-127.0.0.1] INFO  o.s.b.a.SpringApplicationAdminMXBeanRegistrar$SpringApplicationAdmin - Application shutdown requested.
2026-01-12 23:29:07 [RMI TCP Connection(15)-127.0.0.1] INFO  o.s.b.w.e.tomcat.GracefulShutdown - Commencing graceful shutdown. Waiting for active requests to complete
2026-01-12 23:29:07 [tomcat-shutdown] INFO  o.a.coyote.http11.Http11NioProtocol - Pausing ProtocolHandler ["http-nio-8989"]
2026-01-12 23:29:07 [tomcat-shutdown] INFO  o.s.b.w.e.tomcat.GracefulShutdown - Graceful shutdown complete
2026-01-12 23:29:07 [RMI TCP Connection(15)-127.0.0.1] INFO  o.a.coyote.http11.Http11NioProtocol - Stopping ProtocolHandler ["http-nio-8989"]
2026-01-12 23:29:07 [RMI TCP Connection(15)-127.0.0.1] INFO  o.s.o.j.LocalContainerEntityManagerFactoryBean - Closing JPA EntityManagerFactory for persistence unit 'default'
2026-01-12 23:29:07 [RMI TCP Connection(15)-127.0.0.1] INFO  com.zaxxer.hikari.HikariDataSource - HikariPool-1 - Shutdown initiated...
2026-01-12 23:29:07 [RMI TCP Connection(15)-127.0.0.1] INFO  com.zaxxer.hikari.HikariDataSource - HikariPool-1 - Shutdown completed.
