2026-01-10 19:05:52 [background-preinit] INFO  o.h.validator.internal.util.Version - HV000001: Hibernate Validator 8.0.3.Final
2026-01-10 19:05:52 [restartedMain] INFO  c.app.bank.web.ZplusbankApplication - Starting ZplusbankApplication using Java 17.0.10 with PID 27944 (C:\Users\91790\Documents\workspace-spring-tools-for-eclipse-5.0.0.RELEASE\zplusbank\target\classes started by 91790 in C:\Users\91790\Documents\workspace-spring-tools-for-eclipse-5.0.0.RELEASE\zplusbank)
2026-01-10 19:05:52 [restartedMain] INFO  c.app.bank.web.ZplusbankApplication - No active profile set, falling back to 1 default profile: "default"
2026-01-10 19:05:52 [restartedMain] INFO  o.s.b.d.restart.ChangeableUrls - The Class-Path manifest attribute in C:\Users\91790\.m2\repository\org\glassfish\jaxb\jaxb-runtime\2.3.1\jaxb-runtime-2.3.1.jar referenced one or more files that do not exist: file:/C:/Users/91790/.m2/repository/org/glassfish/jaxb/jaxb-runtime/2.3.1/jaxb-api-2.3.1.jar,file:/C:/Users/91790/.m2/repository/org/glassfish/jaxb/jaxb-runtime/2.3.1/txw2-2.3.1.jar,file:/C:/Users/91790/.m2/repository/org/glassfish/jaxb/jaxb-runtime/2.3.1/istack-commons-runtime-3.0.7.jar,file:/C:/Users/91790/.m2/repository/org/glassfish/jaxb/jaxb-runtime/2.3.1/stax-ex-1.8.jar,file:/C:/Users/91790/.m2/repository/org/glassfish/jaxb/jaxb-runtime/2.3.1/FastInfoset-1.2.15.jar,file:/C:/Users/91790/.m2/repository/org/glassfish/jaxb/jaxb-runtime/2.3.1/javax.activation-api-1.2.0.jar
2026-01-10 19:05:52 [restartedMain] INFO  o.s.b.d.e.DevToolsPropertyDefaultsPostProcessor - Devtools property defaults active! Set 'spring.devtools.add-properties' to 'false' to disable
2026-01-10 19:05:52 [restartedMain] INFO  o.s.b.d.e.DevToolsPropertyDefaultsPostProcessor - For additional web related logging consider setting the 'logging.level.web' property to 'DEBUG'
2026-01-10 19:05:53 [restartedMain] INFO  o.s.d.r.c.RepositoryConfigurationDelegate - Bootstrapping Spring Data JPA repositories in DEFAULT mode.
2026-01-10 19:05:53 [restartedMain] INFO  o.s.d.r.c.RepositoryConfigurationDelegate - Finished Spring Data repository scanning in 79 ms. Found 5 JPA repository interfaces.
2026-01-10 19:05:54 [restartedMain] INFO  o.s.b.w.e.tomcat.TomcatWebServer - Tomcat initialized with port 8989 (http)
2026-01-10 19:05:54 [restartedMain] INFO  o.a.coyote.http11.Http11NioProtocol - Initializing ProtocolHandler ["http-nio-8989"]
2026-01-10 19:05:54 [restartedMain] INFO  o.a.catalina.core.StandardService - Starting service [Tomcat]
2026-01-10 19:05:54 [restartedMain] INFO  o.a.catalina.core.StandardEngine - Starting Servlet engine: [Apache Tomcat/10.1.50]
2026-01-10 19:05:54 [restartedMain] INFO  o.a.c.c.C.[Tomcat].[localhost].[/] - Initializing Spring embedded WebApplicationContext
2026-01-10 19:05:54 [restartedMain] INFO  o.s.b.w.s.c.ServletWebServerApplicationContext - Root WebApplicationContext: initialization completed in 1883 ms
2026-01-10 19:05:54 [restartedMain] INFO  o.h.jpa.internal.util.LogHelper - HHH000204: Processing PersistenceUnitInfo [name: default]
2026-01-10 19:05:54 [restartedMain] INFO  org.hibernate.Version - HHH000412: Hibernate ORM core version 6.6.39.Final
2026-01-10 19:05:54 [restartedMain] INFO  o.h.c.i.RegionFactoryInitiator - HHH000026: Second-level cache disabled
2026-01-10 19:05:54 [restartedMain] INFO  o.s.o.j.p.SpringPersistenceUnitInfo - No LoadTimeWeaver setup: ignoring JPA class transformer
2026-01-10 19:05:54 [restartedMain] INFO  com.zaxxer.hikari.HikariDataSource - HikariPool-1 - Starting...
2026-01-10 19:05:55 [restartedMain] INFO  com.zaxxer.hikari.pool.HikariPool - HikariPool-1 - Added connection com.mysql.cj.jdbc.ConnectionImpl@7499cf94
2026-01-10 19:05:55 [restartedMain] INFO  com.zaxxer.hikari.HikariDataSource - HikariPool-1 - Start completed.
2026-01-10 19:05:55 [restartedMain] WARN  org.hibernate.orm.deprecation - HHH90000025: MySQL8Dialect does not need to be specified explicitly using 'hibernate.dialect' (remove the property setting and it will be selected by default)
2026-01-10 19:05:55 [restartedMain] WARN  org.hibernate.orm.deprecation - HHH90000026: MySQL8Dialect has been deprecated; use org.hibernate.dialect.MySQLDialect instead
2026-01-10 19:05:55 [restartedMain] INFO  o.hibernate.orm.connections.pooling - HHH10001005: Database info:
	Database JDBC URL [Connecting through datasource 'HikariDataSource (HikariPool-1)']
	Database driver: undefined/unknown
	Database version: 8.0
	Autocommit mode: undefined/unknown
	Isolation level: undefined/unknown
	Minimum pool size: undefined/unknown
	Maximum pool size: undefined/unknown
2026-01-10 19:05:56 [restartedMain] INFO  o.h.e.t.j.p.i.JtaPlatformInitiator - HHH000489: No JTA platform available (set 'hibernate.transaction.jta.platform' to enable JTA platform integration)
2026-01-10 19:05:56 [restartedMain] DEBUG org.hibernate.SQL - 
    alter table loan_repayments 
       modify column status enum ('ADVANCED_PAID','DEFAULTED','OVERDUE','PAID','PARTIALLY_PAID','PENDING','WAIVED_OFF') not null
2026-01-10 19:05:56 [restartedMain] INFO  o.s.o.j.LocalContainerEntityManagerFactoryBean - Initialized JPA EntityManagerFactory for persistence unit 'default'
2026-01-10 19:05:56 [restartedMain] DEBUG o.h.s.internal.StatisticsInitiator - Statistics initialized [enabled=false]
2026-01-10 19:05:57 [restartedMain] INFO  o.s.d.j.r.query.QueryEnhancerFactory - Hibernate is in classpath; If applicable, HQL parser will be used.
2026-01-10 19:05:57 [restartedMain] INFO  o.s.s.c.a.a.c.InitializeAuthenticationProviderBeanManagerConfigurer$InitializeAuthenticationProviderManagerConfigurer - Global AuthenticationManager configured with AuthenticationProvider bean with name authenticationProvider
2026-01-10 19:05:57 [restartedMain] WARN  o.s.s.c.a.a.c.InitializeUserDetailsBeanManagerConfigurer$InitializeUserDetailsManagerConfigurer - Global AuthenticationManager configured with an AuthenticationProvider bean. UserDetailsService beans will not be used by Spring Security for automatically configuring username/password login. Consider removing the AuthenticationProvider bean. Alternatively, consider using the UserDetailsService in a manually instantiated DaoAuthenticationProvider. If the current configuration is intentional, to turn off this warning, increase the logging level of 'org.springframework.security.config.annotation.authentication.configuration.InitializeUserDetailsBeanManagerConfigurer' to ERROR
2026-01-10 19:05:58 [restartedMain] DEBUG o.s.w.s.m.m.a.RequestMappingHandlerMapping - 20 mappings in 'requestMappingHandlerMapping'
2026-01-10 19:05:58 [restartedMain] DEBUG o.s.w.s.h.SimpleUrlHandlerMapping - Patterns [/webjars/**, /**] in 'resourceHandlerMapping'
2026-01-10 19:05:58 [restartedMain] DEBUG o.s.s.web.DefaultSecurityFilterChain - Will secure any request with filters: DisableEncodeUrlFilter, WebAsyncManagerIntegrationFilter, SecurityContextHolderFilter, HeaderWriterFilter, CorsFilter, LogoutFilter, JwtAuthenticationFilter, RequestCacheAwareFilter, SecurityContextHolderAwareRequestFilter, AnonymousAuthenticationFilter, SessionManagementFilter, ExceptionTranslationFilter, AuthorizationFilter
2026-01-10 19:05:58 [restartedMain] DEBUG o.s.w.s.m.m.a.RequestMappingHandlerAdapter - ControllerAdvice beans: 0 @ModelAttribute, 0 @InitBinder, 1 RequestBodyAdvice, 1 ResponseBodyAdvice
2026-01-10 19:05:58 [restartedMain] WARN  o.s.b.a.t.ThymeleafAutoConfiguration$DefaultTemplateResolverConfiguration - Cannot find template location: classpath:/templates/emails/ (please add some templates, check your Thymeleaf configuration, or set spring.thymeleaf.check-template-location=false)
2026-01-10 19:05:58 [restartedMain] DEBUG o.s.w.s.m.m.a.ExceptionHandlerExceptionResolver - ControllerAdvice beans: 0 @ExceptionHandler, 1 ResponseBodyAdvice
2026-01-10 19:05:59 [restartedMain] INFO  o.s.b.d.a.OptionalLiveReloadServer - LiveReload server is running on port 35729
2026-01-10 19:05:59 [restartedMain] INFO  o.a.coyote.http11.Http11NioProtocol - Starting ProtocolHandler ["http-nio-8989"]
2026-01-10 19:05:59 [restartedMain] INFO  o.s.b.w.e.tomcat.TomcatWebServer - Tomcat started on port 8989 (http) with context path '/'
2026-01-10 19:05:59 [restartedMain] INFO  c.app.bank.web.ZplusbankApplication - Started ZplusbankApplication in 7.907 seconds (process running for 8.552)
2026-01-10 19:06:25 [http-nio-8989-exec-3] INFO  o.a.c.c.C.[Tomcat].[localhost].[/] - Initializing Spring DispatcherServlet 'dispatcherServlet'
2026-01-10 19:06:25 [http-nio-8989-exec-3] INFO  o.s.web.servlet.DispatcherServlet - Initializing Servlet 'dispatcherServlet'
2026-01-10 19:06:25 [http-nio-8989-exec-3] DEBUG o.s.web.servlet.DispatcherServlet - Detected StandardServletMultipartResolver
2026-01-10 19:06:25 [http-nio-8989-exec-3] DEBUG o.s.web.servlet.DispatcherServlet - Detected AcceptHeaderLocaleResolver
2026-01-10 19:06:25 [http-nio-8989-exec-3] DEBUG o.s.web.servlet.DispatcherServlet - Detected FixedThemeResolver
2026-01-10 19:06:25 [http-nio-8989-exec-3] DEBUG o.s.web.servlet.DispatcherServlet - Detected org.springframework.web.servlet.view.DefaultRequestToViewNameTranslator@5f9b4c96
2026-01-10 19:06:25 [http-nio-8989-exec-3] DEBUG o.s.web.servlet.DispatcherServlet - Detected org.springframework.web.servlet.support.SessionFlashMapManager@c5c8707
2026-01-10 19:06:25 [http-nio-8989-exec-3] DEBUG o.s.web.servlet.DispatcherServlet - enableLoggingRequestDetails='false': request parameters and headers will be masked to prevent unsafe logging of potentially sensitive data
2026-01-10 19:06:25 [http-nio-8989-exec-3] INFO  o.s.web.servlet.DispatcherServlet - Completed initialization in 8 ms
2026-01-10 19:06:25 [http-nio-8989-exec-3] DEBUG o.s.security.web.FilterChainProxy - Securing GET /api/v1/auth/ZPB9811028609449/balance
2026-01-10 19:06:26 [http-nio-8989-exec-3] DEBUG org.hibernate.SQL - 
    select
        u1_0.id,
        u1_0.aadhar_number,
        u1_0.address,
        u1_0.created_at,
        u1_0.email,
        u1_0.failed_login_attempts,
        u1_0.first_name,
        u1_0.last_login_at,
        u1_0.last_name,
        u1_0.monthly_income,
        u1_0.pan_number,
        u1_0.password,
        u1_0.phone,
        u1_0.role,
        u1_0.status,
        u1_0.username 
    from
        users u1_0 
    where
        u1_0.username=?
2026-01-10 19:06:26 [http-nio-8989-exec-3] DEBUG o.s.security.web.FilterChainProxy - Secured GET /api/v1/auth/ZPB9811028609449/balance
2026-01-10 19:06:26 [http-nio-8989-exec-3] DEBUG o.s.web.servlet.DispatcherServlet - GET "/api/v1/auth/ZPB9811028609449/balance", parameters={}
2026-01-10 19:06:26 [http-nio-8989-exec-3] DEBUG o.s.w.s.m.m.a.RequestMappingHandlerMapping - Mapped to com.app.bank.web.controller.AccountController#getBalance(String, Authentication)
2026-01-10 19:06:26 [http-nio-8989-exec-3] DEBUG org.hibernate.SQL - 
    select
        a1_0.id,
        a1_0.account_number,
        a1_0.account_type,
        a1_0.balance,
        a1_0.created_at,
        a1_0.interest_rate,
        a1_0.last_transaction_at,
        a1_0.minimum_balance,
        a1_0.status,
        a1_0.user_id 
    from
        accounts a1_0 
    where
        a1_0.account_number=?
2026-01-10 19:06:26 [http-nio-8989-exec-3] DEBUG org.hibernate.SQL - 
    select
        u1_0.id,
        u1_0.aadhar_number,
        u1_0.address,
        u1_0.created_at,
        u1_0.email,
        u1_0.failed_login_attempts,
        u1_0.first_name,
        u1_0.last_login_at,
        u1_0.last_name,
        u1_0.monthly_income,
        u1_0.pan_number,
        u1_0.password,
        u1_0.phone,
        u1_0.role,
        u1_0.status,
        u1_0.username 
    from
        users u1_0 
    where
        u1_0.id=?
2026-01-10 19:06:26 [http-nio-8989-exec-3] DEBUG org.hibernate.SQL - 
    select
        u1_0.id,
        u1_0.aadhar_number,
        u1_0.address,
        u1_0.created_at,
        u1_0.email,
        u1_0.failed_login_attempts,
        u1_0.first_name,
        u1_0.last_login_at,
        u1_0.last_name,
        u1_0.monthly_income,
        u1_0.pan_number,
        u1_0.password,
        u1_0.phone,
        u1_0.role,
        u1_0.status,
        u1_0.username 
    from
        users u1_0 
    where
        u1_0.username=?
2026-01-10 19:06:26 [http-nio-8989-exec-3] DEBUG o.s.w.s.m.m.a.HttpEntityMethodProcessor - Using 'application/json', given [*/*] and supported [application/json, application/*+json]
2026-01-10 19:06:26 [http-nio-8989-exec-3] DEBUG o.s.w.s.m.m.a.HttpEntityMethodProcessor - Writing [{lastUpdated=2026-01-09T23:32:06.393995, balance=12500.00, currency=INR, accountNumber=ZPB9811028609 (truncated)...]
2026-01-10 19:06:26 [http-nio-8989-exec-3] DEBUG o.s.web.servlet.DispatcherServlet - Completed 200 OK
2026-01-10 19:06:38 [http-nio-8989-exec-2] DEBUG o.s.security.web.FilterChainProxy - Securing GET /api/v1/auth/my-accounts
2026-01-10 19:06:38 [http-nio-8989-exec-2] DEBUG org.hibernate.SQL - 
    select
        u1_0.id,
        u1_0.aadhar_number,
        u1_0.address,
        u1_0.created_at,
        u1_0.email,
        u1_0.failed_login_attempts,
        u1_0.first_name,
        u1_0.last_login_at,
        u1_0.last_name,
        u1_0.monthly_income,
        u1_0.pan_number,
        u1_0.password,
        u1_0.phone,
        u1_0.role,
        u1_0.status,
        u1_0.username 
    from
        users u1_0 
    where
        u1_0.username=?
2026-01-10 19:06:38 [http-nio-8989-exec-2] DEBUG o.s.security.web.FilterChainProxy - Secured GET /api/v1/auth/my-accounts
2026-01-10 19:06:38 [http-nio-8989-exec-2] DEBUG o.s.web.servlet.DispatcherServlet - GET "/api/v1/auth/my-accounts", parameters={}
2026-01-10 19:06:38 [http-nio-8989-exec-2] DEBUG o.s.w.s.m.m.a.RequestMappingHandlerMapping - Mapped to com.app.bank.web.controller.AccountController#getMyAccounts(Authentication)
2026-01-10 19:06:38 [http-nio-8989-exec-2] DEBUG org.hibernate.SQL - 
    select
        u1_0.id,
        u1_0.aadhar_number,
        u1_0.address,
        u1_0.created_at,
        u1_0.email,
        u1_0.failed_login_attempts,
        u1_0.first_name,
        u1_0.last_login_at,
        u1_0.last_name,
        u1_0.monthly_income,
        u1_0.pan_number,
        u1_0.password,
        u1_0.phone,
        u1_0.role,
        u1_0.status,
        u1_0.username 
    from
        users u1_0 
    where
        u1_0.username=?
2026-01-10 19:06:38 [http-nio-8989-exec-2] DEBUG org.hibernate.SQL - 
    select
        a1_0.id,
        a1_0.account_number,
        a1_0.account_type,
        a1_0.balance,
        a1_0.created_at,
        a1_0.interest_rate,
        a1_0.last_transaction_at,
        a1_0.minimum_balance,
        a1_0.status,
        a1_0.user_id 
    from
        accounts a1_0 
    left join
        users u1_0 
            on u1_0.id=a1_0.user_id 
    where
        u1_0.id=?
2026-01-10 19:06:38 [http-nio-8989-exec-2] DEBUG org.hibernate.SQL - 
    select
        u1_0.id,
        u1_0.aadhar_number,
        u1_0.address,
        u1_0.created_at,
        u1_0.email,
        u1_0.failed_login_attempts,
        u1_0.first_name,
        u1_0.last_login_at,
        u1_0.last_name,
        u1_0.monthly_income,
        u1_0.pan_number,
        u1_0.password,
        u1_0.phone,
        u1_0.role,
        u1_0.status,
        u1_0.username 
    from
        users u1_0 
    where
        u1_0.id=?
2026-01-10 19:06:38 [http-nio-8989-exec-2] DEBUG o.s.w.s.m.m.a.HttpEntityMethodProcessor - Using 'application/json', given [*/*] and supported [application/json, application/*+json]
2026-01-10 19:06:38 [http-nio-8989-exec-2] DEBUG o.s.w.s.m.m.a.HttpEntityMethodProcessor - Writing [[com.app.bank.web.dto.AccountResponse@7dc882ee]]
2026-01-10 19:06:38 [http-nio-8989-exec-2] DEBUG o.s.web.servlet.DispatcherServlet - Completed 200 OK
2026-01-10 19:06:44 [http-nio-8989-exec-4] DEBUG o.s.security.web.FilterChainProxy - Securing GET /api/v1/auth/ZPB9811028609449/transactions
2026-01-10 19:06:44 [http-nio-8989-exec-4] DEBUG org.hibernate.SQL - 
    select
        u1_0.id,
        u1_0.aadhar_number,
        u1_0.address,
        u1_0.created_at,
        u1_0.email,
        u1_0.failed_login_attempts,
        u1_0.first_name,
        u1_0.last_login_at,
        u1_0.last_name,
        u1_0.monthly_income,
        u1_0.pan_number,
        u1_0.password,
        u1_0.phone,
        u1_0.role,
        u1_0.status,
        u1_0.username 
    from
        users u1_0 
    where
        u1_0.username=?
2026-01-10 19:06:44 [http-nio-8989-exec-4] DEBUG o.s.security.web.FilterChainProxy - Secured GET /api/v1/auth/ZPB9811028609449/transactions
2026-01-10 19:06:44 [http-nio-8989-exec-4] DEBUG o.s.web.servlet.DispatcherServlet - GET "/api/v1/auth/ZPB9811028609449/transactions", parameters={}
2026-01-10 19:06:44 [http-nio-8989-exec-4] DEBUG o.s.w.s.m.m.a.RequestMappingHandlerMapping - Mapped to com.app.bank.web.controller.AccountController#getTransaction(String, Pageable)
2026-01-10 19:06:44 [http-nio-8989-exec-4] DEBUG org.hibernate.SQL - 
    select
        t1_0.id,
        t1_0.amount,
        t1_0.balance_after_transaction,
        t1_0.description,
        t1_0.from_account_id,
        t1_0.reference_number,
        t1_0.remarks,
        t1_0.status,
        t1_0.to_account_id,
        t1_0.transaction_date,
        t1_0.transaction_id,
        t1_0.transaction_type 
    from
        transactions t1_0 
    join
        accounts fa1_0 
            on fa1_0.id=t1_0.from_account_id 
    join
        accounts ta1_0 
            on ta1_0.id=t1_0.to_account_id 
    where
        fa1_0.account_number=? 
        or ta1_0.account_number=? 
    limit
        ?
2026-01-10 19:06:44 [http-nio-8989-exec-4] WARN  o.s.d.w.c.SpringDataJacksonConfiguration$PageModule$WarningLoggingModifier - Serializing PageImpl instances as-is is not supported, meaning that there is no guarantee about the stability of the resulting JSON structure!
	For a stable JSON structure, please use Spring Data's PagedModel (globally via @EnableSpringDataWebSupport(pageSerializationMode = VIA_DTO))
	or Spring HATEOAS and Spring Data's PagedResourcesAssembler as documented in https://docs.spring.io/spring-data/commons/reference/repositories/core-extensions.html#core.web.pageables.

2026-01-10 19:06:44 [http-nio-8989-exec-4] DEBUG o.s.w.s.m.m.a.HttpEntityMethodProcessor - Using 'application/json', given [*/*] and supported [application/json, application/*+json]
2026-01-10 19:06:44 [http-nio-8989-exec-4] DEBUG o.s.w.s.m.m.a.HttpEntityMethodProcessor - Writing [Page 1 of 0 containing UNKNOWN instances]
2026-01-10 19:06:44 [http-nio-8989-exec-4] DEBUG o.s.web.servlet.DispatcherServlet - Completed 200 OK
2026-01-10 19:06:53 [http-nio-8989-exec-5] DEBUG o.s.security.web.FilterChainProxy - Securing GET /api/v1/auth/ZPB9811028609449
2026-01-10 19:06:53 [http-nio-8989-exec-5] DEBUG org.hibernate.SQL - 
    select
        u1_0.id,
        u1_0.aadhar_number,
        u1_0.address,
        u1_0.created_at,
        u1_0.email,
        u1_0.failed_login_attempts,
        u1_0.first_name,
        u1_0.last_login_at,
        u1_0.last_name,
        u1_0.monthly_income,
        u1_0.pan_number,
        u1_0.password,
        u1_0.phone,
        u1_0.role,
        u1_0.status,
        u1_0.username 
    from
        users u1_0 
    where
        u1_0.username=?
2026-01-10 19:06:53 [http-nio-8989-exec-5] DEBUG o.s.security.web.FilterChainProxy - Secured GET /api/v1/auth/ZPB9811028609449
2026-01-10 19:06:53 [http-nio-8989-exec-5] DEBUG o.s.web.servlet.DispatcherServlet - GET "/api/v1/auth/ZPB9811028609449", parameters={}
2026-01-10 19:06:53 [http-nio-8989-exec-5] DEBUG o.s.w.s.m.m.a.RequestMappingHandlerMapping - Mapped to com.app.bank.web.controller.AccountController#getAcconut(String, Authentication)
2026-01-10 19:06:53 [http-nio-8989-exec-5] DEBUG org.hibernate.SQL - 
    select
        u1_0.id,
        u1_0.aadhar_number,
        u1_0.address,
        u1_0.created_at,
        u1_0.email,
        u1_0.failed_login_attempts,
        u1_0.first_name,
        u1_0.last_login_at,
        u1_0.last_name,
        u1_0.monthly_income,
        u1_0.pan_number,
        u1_0.password,
        u1_0.phone,
        u1_0.role,
        u1_0.status,
        u1_0.username 
    from
        users u1_0 
    where
        u1_0.username=?
2026-01-10 19:06:53 [http-nio-8989-exec-5] DEBUG org.hibernate.SQL - 
    select
        a1_0.id,
        a1_0.account_number,
        a1_0.account_type,
        a1_0.balance,
        a1_0.created_at,
        a1_0.interest_rate,
        a1_0.last_transaction_at,
        a1_0.minimum_balance,
        a1_0.status,
        a1_0.user_id 
    from
        accounts a1_0 
    where
        a1_0.account_number=?
2026-01-10 19:06:53 [http-nio-8989-exec-5] DEBUG org.hibernate.SQL - 
    select
        u1_0.id,
        u1_0.aadhar_number,
        u1_0.address,
        u1_0.created_at,
        u1_0.email,
        u1_0.failed_login_attempts,
        u1_0.first_name,
        u1_0.last_login_at,
        u1_0.last_name,
        u1_0.monthly_income,
        u1_0.pan_number,
        u1_0.password,
        u1_0.phone,
        u1_0.role,
        u1_0.status,
        u1_0.username 
    from
        users u1_0 
    where
        u1_0.id=?
2026-01-10 19:06:53 [http-nio-8989-exec-5] DEBUG o.s.w.s.m.m.a.HttpEntityMethodProcessor - Using 'application/json', given [*/*] and supported [application/json, application/*+json]
2026-01-10 19:06:53 [http-nio-8989-exec-5] DEBUG o.s.w.s.m.m.a.HttpEntityMethodProcessor - Writing [com.app.bank.web.dto.AccountResponse@631fa0a1]
2026-01-10 19:06:53 [http-nio-8989-exec-5] DEBUG o.s.web.servlet.DispatcherServlet - Completed 200 OK
2026-01-10 19:14:46 [http-nio-8989-exec-8] DEBUG o.s.security.web.FilterChainProxy - Securing GET /api/v1/auth/ZPB9811028609449
2026-01-10 19:14:46 [http-nio-8989-exec-8] DEBUG org.hibernate.SQL - 
    select
        u1_0.id,
        u1_0.aadhar_number,
        u1_0.address,
        u1_0.created_at,
        u1_0.email,
        u1_0.failed_login_attempts,
        u1_0.first_name,
        u1_0.last_login_at,
        u1_0.last_name,
        u1_0.monthly_income,
        u1_0.pan_number,
        u1_0.password,
        u1_0.phone,
        u1_0.role,
        u1_0.status,
        u1_0.username 
    from
        users u1_0 
    where
        u1_0.username=?
2026-01-10 19:14:46 [http-nio-8989-exec-8] DEBUG o.s.security.web.FilterChainProxy - Secured GET /api/v1/auth/ZPB9811028609449
2026-01-10 19:14:46 [http-nio-8989-exec-8] DEBUG o.s.web.servlet.DispatcherServlet - GET "/api/v1/auth/ZPB9811028609449", parameters={}
2026-01-10 19:14:46 [http-nio-8989-exec-8] DEBUG o.s.w.s.m.m.a.RequestMappingHandlerMapping - Mapped to com.app.bank.web.controller.AccountController#getAcconut(String, Authentication)
2026-01-10 19:14:46 [http-nio-8989-exec-8] DEBUG org.hibernate.SQL - 
    select
        u1_0.id,
        u1_0.aadhar_number,
        u1_0.address,
        u1_0.created_at,
        u1_0.email,
        u1_0.failed_login_attempts,
        u1_0.first_name,
        u1_0.last_login_at,
        u1_0.last_name,
        u1_0.monthly_income,
        u1_0.pan_number,
        u1_0.password,
        u1_0.phone,
        u1_0.role,
        u1_0.status,
        u1_0.username 
    from
        users u1_0 
    where
        u1_0.username=?
2026-01-10 19:14:46 [http-nio-8989-exec-8] DEBUG org.hibernate.SQL - 
    select
        a1_0.id,
        a1_0.account_number,
        a1_0.account_type,
        a1_0.balance,
        a1_0.created_at,
        a1_0.interest_rate,
        a1_0.last_transaction_at,
        a1_0.minimum_balance,
        a1_0.status,
        a1_0.user_id 
    from
        accounts a1_0 
    where
        a1_0.account_number=?
2026-01-10 19:14:46 [http-nio-8989-exec-8] DEBUG org.hibernate.SQL - 
    select
        u1_0.id,
        u1_0.aadhar_number,
        u1_0.address,
        u1_0.created_at,
        u1_0.email,
        u1_0.failed_login_attempts,
        u1_0.first_name,
        u1_0.last_login_at,
        u1_0.last_name,
        u1_0.monthly_income,
        u1_0.pan_number,
        u1_0.password,
        u1_0.phone,
        u1_0.role,
        u1_0.status,
        u1_0.username 
    from
        users u1_0 
    where
        u1_0.id=?
2026-01-10 19:14:46 [http-nio-8989-exec-8] DEBUG o.s.w.s.m.m.a.HttpEntityMethodProcessor - Using 'application/json', given [*/*] and supported [application/json, application/*+json]
2026-01-10 19:14:46 [http-nio-8989-exec-8] DEBUG o.s.w.s.m.m.a.HttpEntityMethodProcessor - Writing [com.app.bank.web.dto.AccountResponse@72f3f511]
2026-01-10 19:14:46 [http-nio-8989-exec-8] DEBUG o.s.web.servlet.DispatcherServlet - Completed 200 OK
2026-01-10 19:15:36 [http-nio-8989-exec-9] DEBUG o.s.security.web.FilterChainProxy - Securing GET /api/v1/auth/my-accounts
2026-01-10 19:15:36 [http-nio-8989-exec-9] DEBUG org.hibernate.SQL - 
    select
        u1_0.id,
        u1_0.aadhar_number,
        u1_0.address,
        u1_0.created_at,
        u1_0.email,
        u1_0.failed_login_attempts,
        u1_0.first_name,
        u1_0.last_login_at,
        u1_0.last_name,
        u1_0.monthly_income,
        u1_0.pan_number,
        u1_0.password,
        u1_0.phone,
        u1_0.role,
        u1_0.status,
        u1_0.username 
    from
        users u1_0 
    where
        u1_0.username=?
2026-01-10 19:15:36 [http-nio-8989-exec-9] DEBUG o.s.security.web.FilterChainProxy - Secured GET /api/v1/auth/my-accounts
2026-01-10 19:15:36 [http-nio-8989-exec-9] DEBUG o.s.web.servlet.DispatcherServlet - GET "/api/v1/auth/my-accounts", parameters={}
2026-01-10 19:15:36 [http-nio-8989-exec-9] DEBUG o.s.w.s.m.m.a.RequestMappingHandlerMapping - Mapped to com.app.bank.web.controller.AccountController#getMyAccounts(Authentication)
2026-01-10 19:15:36 [http-nio-8989-exec-9] DEBUG org.hibernate.SQL - 
    select
        u1_0.id,
        u1_0.aadhar_number,
        u1_0.address,
        u1_0.created_at,
        u1_0.email,
        u1_0.failed_login_attempts,
        u1_0.first_name,
        u1_0.last_login_at,
        u1_0.last_name,
        u1_0.monthly_income,
        u1_0.pan_number,
        u1_0.password,
        u1_0.phone,
        u1_0.role,
        u1_0.status,
        u1_0.username 
    from
        users u1_0 
    where
        u1_0.username=?
2026-01-10 19:15:36 [http-nio-8989-exec-9] DEBUG org.hibernate.SQL - 
    select
        a1_0.id,
        a1_0.account_number,
        a1_0.account_type,
        a1_0.balance,
        a1_0.created_at,
        a1_0.interest_rate,
        a1_0.last_transaction_at,
        a1_0.minimum_balance,
        a1_0.status,
        a1_0.user_id 
    from
        accounts a1_0 
    left join
        users u1_0 
            on u1_0.id=a1_0.user_id 
    where
        u1_0.id=?
2026-01-10 19:15:36 [http-nio-8989-exec-9] DEBUG org.hibernate.SQL - 
    select
        u1_0.id,
        u1_0.aadhar_number,
        u1_0.address,
        u1_0.created_at,
        u1_0.email,
        u1_0.failed_login_attempts,
        u1_0.first_name,
        u1_0.last_login_at,
        u1_0.last_name,
        u1_0.monthly_income,
        u1_0.pan_number,
        u1_0.password,
        u1_0.phone,
        u1_0.role,
        u1_0.status,
        u1_0.username 
    from
        users u1_0 
    where
        u1_0.id=?
2026-01-10 19:15:36 [http-nio-8989-exec-9] DEBUG o.s.w.s.m.m.a.HttpEntityMethodProcessor - Using 'application/json', given [*/*] and supported [application/json, application/*+json]
2026-01-10 19:15:36 [http-nio-8989-exec-9] DEBUG o.s.w.s.m.m.a.HttpEntityMethodProcessor - Writing [[com.app.bank.web.dto.AccountResponse@4275d297]]
2026-01-10 19:15:36 [http-nio-8989-exec-9] DEBUG o.s.web.servlet.DispatcherServlet - Completed 200 OK
2026-01-10 19:15:56 [http-nio-8989-exec-10] DEBUG o.s.security.web.FilterChainProxy - Securing GET /api/v1/auth/ZPB9811028609449/balance
2026-01-10 19:15:56 [http-nio-8989-exec-10] DEBUG org.hibernate.SQL - 
    select
        u1_0.id,
        u1_0.aadhar_number,
        u1_0.address,
        u1_0.created_at,
        u1_0.email,
        u1_0.failed_login_attempts,
        u1_0.first_name,
        u1_0.last_login_at,
        u1_0.last_name,
        u1_0.monthly_income,
        u1_0.pan_number,
        u1_0.password,
        u1_0.phone,
        u1_0.role,
        u1_0.status,
        u1_0.username 
    from
        users u1_0 
    where
        u1_0.username=?
2026-01-10 19:15:56 [http-nio-8989-exec-10] DEBUG o.s.security.web.FilterChainProxy - Secured GET /api/v1/auth/ZPB9811028609449/balance
2026-01-10 19:15:56 [http-nio-8989-exec-10] DEBUG o.s.web.servlet.DispatcherServlet - GET "/api/v1/auth/ZPB9811028609449/balance", parameters={}
2026-01-10 19:15:56 [http-nio-8989-exec-10] DEBUG o.s.w.s.m.m.a.RequestMappingHandlerMapping - Mapped to com.app.bank.web.controller.AccountController#getBalance(String, Authentication)
2026-01-10 19:15:56 [http-nio-8989-exec-10] DEBUG org.hibernate.SQL - 
    select
        a1_0.id,
        a1_0.account_number,
        a1_0.account_type,
        a1_0.balance,
        a1_0.created_at,
        a1_0.interest_rate,
        a1_0.last_transaction_at,
        a1_0.minimum_balance,
        a1_0.status,
        a1_0.user_id 
    from
        accounts a1_0 
    where
        a1_0.account_number=?
2026-01-10 19:15:56 [http-nio-8989-exec-10] DEBUG org.hibernate.SQL - 
    select
        u1_0.id,
        u1_0.aadhar_number,
        u1_0.address,
        u1_0.created_at,
        u1_0.email,
        u1_0.failed_login_attempts,
        u1_0.first_name,
        u1_0.last_login_at,
        u1_0.last_name,
        u1_0.monthly_income,
        u1_0.pan_number,
        u1_0.password,
        u1_0.phone,
        u1_0.role,
        u1_0.status,
        u1_0.username 
    from
        users u1_0 
    where
        u1_0.id=?
2026-01-10 19:15:56 [http-nio-8989-exec-10] DEBUG org.hibernate.SQL - 
    select
        u1_0.id,
        u1_0.aadhar_number,
        u1_0.address,
        u1_0.created_at,
        u1_0.email,
        u1_0.failed_login_attempts,
        u1_0.first_name,
        u1_0.last_login_at,
        u1_0.last_name,
        u1_0.monthly_income,
        u1_0.pan_number,
        u1_0.password,
        u1_0.phone,
        u1_0.role,
        u1_0.status,
        u1_0.username 
    from
        users u1_0 
    where
        u1_0.username=?
2026-01-10 19:15:56 [http-nio-8989-exec-10] DEBUG o.s.w.s.m.m.a.HttpEntityMethodProcessor - Using 'application/json', given [*/*] and supported [application/json, application/*+json]
2026-01-10 19:15:56 [http-nio-8989-exec-10] DEBUG o.s.w.s.m.m.a.HttpEntityMethodProcessor - Writing [{lastUpdated=2026-01-09T23:32:06.393995, balance=12500.00, currency=INR, accountNumber=ZPB9811028609 (truncated)...]
2026-01-10 19:15:56 [http-nio-8989-exec-10] DEBUG o.s.web.servlet.DispatcherServlet - Completed 200 OK
2026-01-10 19:17:12 [http-nio-8989-exec-3] DEBUG o.s.security.web.FilterChainProxy - Securing POST /api/v1/auth/register
2026-01-10 19:17:12 [http-nio-8989-exec-3] DEBUG o.s.s.w.a.AnonymousAuthenticationFilter - Set SecurityContextHolder to anonymous SecurityContext
2026-01-10 19:17:12 [http-nio-8989-exec-3] DEBUG o.s.security.web.FilterChainProxy - Secured POST /api/v1/auth/register
2026-01-10 19:17:12 [http-nio-8989-exec-3] DEBUG o.s.web.servlet.DispatcherServlet - POST "/api/v1/auth/register", parameters={}
2026-01-10 19:17:12 [http-nio-8989-exec-3] DEBUG o.s.w.s.m.m.a.RequestMappingHandlerMapping - Mapped to com.app.bank.web.controller.AuthController#registerUser(RegisterRequest)
2026-01-10 19:17:12 [http-nio-8989-exec-3] DEBUG o.s.w.s.m.m.a.RequestResponseBodyMethodProcessor - Read "application/json;charset=UTF-8" to [com.app.bank.web.dto.RegisterRequest@6a14338a]
2026-01-10 19:17:12 [http-nio-8989-exec-3] DEBUG org.hibernate.SQL - 
    select
        u1_0.id 
    from
        users u1_0 
    where
        u1_0.username=? 
    limit
        ?
2026-01-10 19:17:12 [http-nio-8989-exec-3] DEBUG o.s.web.servlet.DispatcherServlet - Failed to complete request: com.app.bank.web.exception.BankException: UserName Already Exists
2026-01-10 19:17:12 [http-nio-8989-exec-3] ERROR o.a.c.c.C.[.[.[.[dispatcherServlet] - Servlet.service() for servlet [dispatcherServlet] in context with path [] threw exception [Request processing failed: com.app.bank.web.exception.BankException: UserName Already Exists] with root cause
com.app.bank.web.exception.BankException: UserName Already Exists
	at com.app.bank.web.service.AuthService.validateRegistration(AuthService.java:120)
	at com.app.bank.web.service.AuthService.register(AuthService.java:49)
	at java.base/jdk.internal.reflect.NativeMethodAccessorImpl.invoke0(Native Method)
	at java.base/jdk.internal.reflect.NativeMethodAccessorImpl.invoke(NativeMethodAccessorImpl.java:77)
	at java.base/jdk.internal.reflect.DelegatingMethodAccessorImpl.invoke(DelegatingMethodAccessorImpl.java:43)
	at java.base/java.lang.reflect.Method.invoke(Method.java:568)
	at org.springframework.aop.support.AopUtils.invokeJoinpointUsingReflection(AopUtils.java:360)
	at org.springframework.aop.framework.ReflectiveMethodInvocation.invokeJoinpoint(ReflectiveMethodInvocation.java:196)
	at org.springframework.aop.framework.ReflectiveMethodInvocation.proceed(ReflectiveMethodInvocation.java:163)
	at org.springframework.transaction.interceptor.TransactionAspectSupport.invokeWithinTransaction(TransactionAspectSupport.java:380)
	at org.springframework.transaction.interceptor.TransactionInterceptor.invoke(TransactionInterceptor.java:119)
	at org.springframework.aop.framework.ReflectiveMethodInvocation.proceed(ReflectiveMethodInvocation.java:184)
	at org.springframework.aop.framework.CglibAopProxy$DynamicAdvisedInterceptor.intercept(CglibAopProxy.java:728)
	at com.app.bank.web.service.AuthService$$SpringCGLIB$$0.register(<generated>)
	at com.app.bank.web.controller.AuthController.registerUser(AuthController.java:57)
	at java.base/jdk.internal.reflect.NativeMethodAccessorImpl.invoke0(Native Method)
	at java.base/jdk.internal.reflect.NativeMethodAccessorImpl.invoke(NativeMethodAccessorImpl.java:77)
	at java.base/jdk.internal.reflect.DelegatingMethodAccessorImpl.invoke(DelegatingMethodAccessorImpl.java:43)
	at java.base/java.lang.reflect.Method.invoke(Method.java:568)
	at org.springframework.web.method.support.InvocableHandlerMethod.doInvoke(InvocableHandlerMethod.java:258)
	at org.springframework.web.method.support.InvocableHandlerMethod.invokeForRequest(InvocableHandlerMethod.java:191)
	at org.springframework.web.servlet.mvc.method.annotation.ServletInvocableHandlerMethod.invokeAndHandle(ServletInvocableHandlerMethod.java:118)
	at org.springframework.web.servlet.mvc.method.annotation.RequestMappingHandlerAdapter.invokeHandlerMethod(RequestMappingHandlerAdapter.java:991)
	at org.springframework.web.servlet.mvc.method.annotation.RequestMappingHandlerAdapter.handleInternal(RequestMappingHandlerAdapter.java:896)
	at org.springframework.web.servlet.mvc.method.AbstractHandlerMethodAdapter.handle(AbstractHandlerMethodAdapter.java:87)
	at org.springframework.web.servlet.DispatcherServlet.doDispatch(DispatcherServlet.java:1089)
	at org.springframework.web.servlet.DispatcherServlet.doService(DispatcherServlet.java:979)
	at org.springframework.web.servlet.FrameworkServlet.processRequest(FrameworkServlet.java:1014)
	at org.springframework.web.servlet.FrameworkServlet.doPost(FrameworkServlet.java:914)
	at jakarta.servlet.http.HttpServlet.service(HttpServlet.java:590)
	at org.springframework.web.servlet.FrameworkServlet.service(FrameworkServlet.java:885)
	at jakarta.servlet.http.HttpServlet.service(HttpServlet.java:658)
	at org.apache.catalina.core.ApplicationFilterChain.internalDoFilter(ApplicationFilterChain.java:193)
	at org.apache.catalina.core.ApplicationFilterChain.doFilter(ApplicationFilterChain.java:138)
	at org.apache.tomcat.websocket.server.WsFilter.doFilter(WsFilter.java:51)
	at org.apache.catalina.core.ApplicationFilterChain.internalDoFilter(ApplicationFilterChain.java:162)
	at org.apache.catalina.core.ApplicationFilterChain.doFilter(ApplicationFilterChain.java:138)
	at org.springframework.web.filter.OncePerRequestFilter.doFilter(OncePerRequestFilter.java:101)
	at org.apache.catalina.core.ApplicationFilterChain.internalDoFilter(ApplicationFilterChain.java:162)
	at org.apache.catalina.core.ApplicationFilterChain.doFilter(ApplicationFilterChain.java:138)
	at org.springframework.web.filter.CompositeFilter$VirtualFilterChain.doFilter(CompositeFilter.java:108)
	at org.springframework.web.filter.CompositeFilter$VirtualFilterChain.doFilter(CompositeFilter.java:108)
	at org.springframework.security.web.FilterChainProxy.lambda$doFilterInternal$3(FilterChainProxy.java:231)
	at org.springframework.security.web.FilterChainProxy$VirtualFilterChain.doFilter(FilterChainProxy.java:365)
	at org.springframework.security.web.access.intercept.AuthorizationFilter.doFilter(AuthorizationFilter.java:101)
	at org.springframework.security.web.FilterChainProxy$VirtualFilterChain.doFilter(FilterChainProxy.java:374)
	at org.springframework.security.web.access.ExceptionTranslationFilter.doFilter(ExceptionTranslationFilter.java:125)
	at org.springframework.security.web.access.ExceptionTranslationFilter.doFilter(ExceptionTranslationFilter.java:119)
	at org.springframework.security.web.FilterChainProxy$VirtualFilterChain.doFilter(FilterChainProxy.java:374)
	at org.springframework.security.web.session.SessionManagementFilter.doFilter(SessionManagementFilter.java:131)
	at org.springframework.security.web.session.SessionManagementFilter.doFilter(SessionManagementFilter.java:85)
	at org.springframework.security.web.FilterChainProxy$VirtualFilterChain.doFilter(FilterChainProxy.java:374)
	at org.springframework.security.web.authentication.AnonymousAuthenticationFilter.doFilter(AnonymousAuthenticationFilter.java:100)
	at org.springframework.security.web.FilterChainProxy$VirtualFilterChain.doFilter(FilterChainProxy.java:374)
	at org.springframework.security.web.servletapi.SecurityContextHolderAwareRequestFilter.doFilter(SecurityContextHolderAwareRequestFilter.java:179)
	at org.springframework.security.web.FilterChainProxy$VirtualFilterChain.doFilter(FilterChainProxy.java:374)
	at org.springframework.security.web.savedrequest.RequestCacheAwareFilter.doFilter(RequestCacheAwareFilter.java:63)
	at org.springframework.security.web.FilterChainProxy$VirtualFilterChain.doFilter(FilterChainProxy.java:374)
	at org.springframework.web.filter.OncePerRequestFilter.doFilter(OncePerRequestFilter.java:101)
	at org.springframework.security.web.FilterChainProxy$VirtualFilterChain.doFilter(FilterChainProxy.java:374)
	at org.springframework.security.web.authentication.logout.LogoutFilter.doFilter(LogoutFilter.java:107)
	at org.springframework.security.web.authentication.logout.LogoutFilter.doFilter(LogoutFilter.java:93)
	at org.springframework.security.web.FilterChainProxy$VirtualFilterChain.doFilter(FilterChainProxy.java:374)
	at org.springframework.web.filter.CorsFilter.doFilterInternal(CorsFilter.java:91)
	at org.springframework.web.filter.OncePerRequestFilter.doFilter(OncePerRequestFilter.java:116)
	at org.springframework.security.web.FilterChainProxy$VirtualFilterChain.doFilter(FilterChainProxy.java:374)
	at org.springframework.security.web.header.HeaderWriterFilter.doHeadersAfter(HeaderWriterFilter.java:90)
	at org.springframework.security.web.header.HeaderWriterFilter.doFilterInternal(HeaderWriterFilter.java:75)
	at org.springframework.web.filter.OncePerRequestFilter.doFilter(OncePerRequestFilter.java:116)
	at org.springframework.security.web.FilterChainProxy$VirtualFilterChain.doFilter(FilterChainProxy.java:374)
	at org.springframework.security.web.context.SecurityContextHolderFilter.doFilter(SecurityContextHolderFilter.java:82)
	at org.springframework.security.web.context.SecurityContextHolderFilter.doFilter(SecurityContextHolderFilter.java:69)
	at org.springframework.security.web.FilterChainProxy$VirtualFilterChain.doFilter(FilterChainProxy.java:374)
	at org.springframework.security.web.context.request.async.WebAsyncManagerIntegrationFilter.doFilterInternal(WebAsyncManagerIntegrationFilter.java:62)
	at org.springframework.web.filter.OncePerRequestFilter.doFilter(OncePerRequestFilter.java:116)
	at org.springframework.security.web.FilterChainProxy$VirtualFilterChain.doFilter(FilterChainProxy.java:374)
	at org.springframework.security.web.session.DisableEncodeUrlFilter.doFilterInternal(DisableEncodeUrlFilter.java:42)
	at org.springframework.web.filter.OncePerRequestFilter.doFilter(OncePerRequestFilter.java:116)
	at org.springframework.security.web.FilterChainProxy$VirtualFilterChain.doFilter(FilterChainProxy.java:374)
	at org.springframework.security.web.FilterChainProxy.doFilterInternal(FilterChainProxy.java:233)
	at org.springframework.security.web.FilterChainProxy.doFilter(FilterChainProxy.java:191)
	at org.springframework.web.filter.CompositeFilter$VirtualFilterChain.doFilter(CompositeFilter.java:113)
	at org.springframework.web.filter.ServletRequestPathFilter.doFilter(ServletRequestPathFilter.java:52)
	at org.springframework.web.filter.CompositeFilter$VirtualFilterChain.doFilter(CompositeFilter.java:113)
	at org.springframework.web.filter.CompositeFilter.doFilter(CompositeFilter.java:74)
	at org.springframework.security.config.annotation.web.configuration.WebSecurityConfiguration$CompositeFilterChainProxy.doFilter(WebSecurityConfiguration.java:319)
	at org.springframework.web.filter.CompositeFilter$VirtualFilterChain.doFilter(CompositeFilter.java:113)
	at org.springframework.web.servlet.handler.HandlerMappingIntrospector.lambda$createCacheFilter$4(HandlerMappingIntrospector.java:267)
	at org.springframework.web.filter.CompositeFilter$VirtualFilterChain.doFilter(CompositeFilter.java:113)
	at org.springframework.web.filter.CompositeFilter.doFilter(CompositeFilter.java:74)
	at org.springframework.security.config.annotation.web.configuration.WebMvcSecurityConfiguration$CompositeFilterChainProxy.doFilter(WebMvcSecurityConfiguration.java:240)
	at org.springframework.web.filter.DelegatingFilterProxy.invokeDelegate(DelegatingFilterProxy.java:362)
	at org.springframework.web.filter.DelegatingFilterProxy.doFilter(DelegatingFilterProxy.java:278)
	at org.apache.catalina.core.ApplicationFilterChain.internalDoFilter(ApplicationFilterChain.java:162)
	at org.apache.catalina.core.ApplicationFilterChain.doFilter(ApplicationFilterChain.java:138)
	at org.springframework.web.filter.RequestContextFilter.doFilterInternal(RequestContextFilter.java:100)
	at org.springframework.web.filter.OncePerRequestFilter.doFilter(OncePerRequestFilter.java:116)
	at org.apache.catalina.core.ApplicationFilterChain.internalDoFilter(ApplicationFilterChain.java:162)
	at org.apache.catalina.core.ApplicationFilterChain.doFilter(ApplicationFilterChain.java:138)
	at org.springframework.web.filter.FormContentFilter.doFilterInternal(FormContentFilter.java:93)
	at org.springframework.web.filter.OncePerRequestFilter.doFilter(OncePerRequestFilter.java:116)
	at org.apache.catalina.core.ApplicationFilterChain.internalDoFilter(ApplicationFilterChain.java:162)
	at org.apache.catalina.core.ApplicationFilterChain.doFilter(ApplicationFilterChain.java:138)
	at org.springframework.web.filter.CharacterEncodingFilter.doFilterInternal(CharacterEncodingFilter.java:201)
	at org.springframework.web.filter.OncePerRequestFilter.doFilter(OncePerRequestFilter.java:116)
	at org.apache.catalina.core.ApplicationFilterChain.internalDoFilter(ApplicationFilterChain.java:162)
	at org.apache.catalina.core.ApplicationFilterChain.doFilter(ApplicationFilterChain.java:138)
	at org.apache.catalina.core.StandardWrapperValve.invoke(StandardWrapperValve.java:165)
	at org.apache.catalina.core.StandardContextValve.invoke(StandardContextValve.java:88)
	at org.apache.catalina.authenticator.AuthenticatorBase.invoke(AuthenticatorBase.java:482)
	at org.apache.catalina.core.StandardHostValve.invoke(StandardHostValve.java:113)
	at org.apache.catalina.valves.ErrorReportValve.invoke(ErrorReportValve.java:83)
	at org.apache.catalina.core.StandardEngineValve.invoke(StandardEngineValve.java:72)
	at org.apache.catalina.connector.CoyoteAdapter.service(CoyoteAdapter.java:342)
	at org.apache.coyote.http11.Http11Processor.service(Http11Processor.java:399)
	at org.apache.coyote.AbstractProcessorLight.process(AbstractProcessorLight.java:63)
	at org.apache.coyote.AbstractProtocol$ConnectionHandler.process(AbstractProtocol.java:903)
	at org.apache.tomcat.util.net.NioEndpoint$SocketProcessor.doRun(NioEndpoint.java:1774)
	at org.apache.tomcat.util.net.SocketProcessorBase.run(SocketProcessorBase.java:52)
	at org.apache.tomcat.util.threads.ThreadPoolExecutor.runWorker(ThreadPoolExecutor.java:973)
	at org.apache.tomcat.util.threads.ThreadPoolExecutor$Worker.run(ThreadPoolExecutor.java:491)
	at org.apache.tomcat.util.threads.TaskThread$WrappingRunnable.run(TaskThread.java:63)
	at java.base/java.lang.Thread.run(Thread.java:842)
2026-01-10 19:17:12 [http-nio-8989-exec-3] DEBUG o.s.security.web.FilterChainProxy - Securing POST /error
2026-01-10 19:17:12 [http-nio-8989-exec-3] DEBUG o.s.security.web.FilterChainProxy - Secured POST /error
2026-01-10 19:17:12 [http-nio-8989-exec-3] DEBUG o.s.web.servlet.DispatcherServlet - "ERROR" dispatch for POST "/error", parameters={}
2026-01-10 19:17:12 [http-nio-8989-exec-3] DEBUG o.s.w.s.m.m.a.RequestMappingHandlerMapping - Mapped to org.springframework.boot.autoconfigure.web.servlet.error.BasicErrorController#error(HttpServletRequest)
2026-01-10 19:17:12 [http-nio-8989-exec-3] DEBUG o.s.w.s.m.m.a.HttpEntityMethodProcessor - Using 'application/json', given [*/*] and supported [application/json, application/*+json]
2026-01-10 19:17:12 [http-nio-8989-exec-3] DEBUG o.s.w.s.m.m.a.HttpEntityMethodProcessor - Writing [{timestamp=Sat Jan 10 19:17:12 IST 2026, status=500, error=Internal Server Error, trace=com.app.bank (truncated)...]
2026-01-10 19:17:12 [http-nio-8989-exec-3] DEBUG o.s.web.servlet.DispatcherServlet - Exiting from "ERROR" dispatch, status 500
2026-01-10 19:17:12 [http-nio-8989-exec-3] DEBUG o.s.s.w.a.AnonymousAuthenticationFilter - Set SecurityContextHolder to anonymous SecurityContext
2026-01-10 19:27:28 [http-nio-8989-exec-5] DEBUG o.s.security.web.FilterChainProxy - Securing POST /api/v1/auth/apply-loan
2026-01-10 19:27:28 [http-nio-8989-exec-5] DEBUG o.s.s.w.a.AnonymousAuthenticationFilter - Set SecurityContextHolder to anonymous SecurityContext
2026-01-10 19:27:28 [http-nio-8989-exec-5] ERROR c.a.b.w.c.JwtAuthenticationEntryPoint - Unothorized error: Full authentication is required to access this resource
2026-01-10 19:27:28 [http-nio-8989-exec-5] ERROR c.a.b.w.c.JwtAuthenticationEntryPoint - Request URI: /api/v1/auth/apply-loan
2026-01-10 19:27:49 [http-nio-8989-exec-6] DEBUG o.s.security.web.FilterChainProxy - Securing POST /api/v1/auth/login
2026-01-10 19:27:49 [http-nio-8989-exec-6] DEBUG o.s.s.w.a.AnonymousAuthenticationFilter - Set SecurityContextHolder to anonymous SecurityContext
2026-01-10 19:27:49 [http-nio-8989-exec-6] DEBUG o.s.security.web.FilterChainProxy - Secured POST /api/v1/auth/login
2026-01-10 19:27:49 [http-nio-8989-exec-6] DEBUG o.s.web.servlet.DispatcherServlet - POST "/api/v1/auth/login", parameters={}
2026-01-10 19:27:49 [http-nio-8989-exec-6] DEBUG o.s.w.s.m.m.a.RequestMappingHandlerMapping - Mapped to com.app.bank.web.controller.AuthController#loginUser(LoginRequest)
2026-01-10 19:27:49 [http-nio-8989-exec-6] DEBUG o.s.w.s.m.m.a.RequestResponseBodyMethodProcessor - Read "application/json;charset=UTF-8" to [com.app.bank.web.dto.LoginRequest@726ebfaf]
2026-01-10 19:27:50 [http-nio-8989-exec-6] DEBUG org.hibernate.SQL - 
    select
        u1_0.id,
        u1_0.aadhar_number,
        u1_0.address,
        u1_0.created_at,
        u1_0.email,
        u1_0.failed_login_attempts,
        u1_0.first_name,
        u1_0.last_login_at,
        u1_0.last_name,
        u1_0.monthly_income,
        u1_0.pan_number,
        u1_0.password,
        u1_0.phone,
        u1_0.role,
        u1_0.status,
        u1_0.username 
    from
        users u1_0 
    where
        u1_0.username=?
2026-01-10 19:27:51 [http-nio-8989-exec-6] DEBUG o.s.s.a.d.DaoAuthenticationProvider - Authenticated user
2026-01-10 19:27:51 [http-nio-8989-exec-6] DEBUG o.s.w.s.m.m.a.HttpEntityMethodProcessor - Using 'application/json', given [*/*] and supported [application/json, application/*+json]
2026-01-10 19:27:51 [http-nio-8989-exec-6] DEBUG o.s.w.s.m.m.a.HttpEntityMethodProcessor - Writing [{tokenType=Bearer, token=eyJhbGciOiJIUzUxMiJ9.eyJzdWIiOiJqdW5lZDU2IiwiY3JlYXRlZCI6MTc2ODA1MzQ3MTQ0Ni (truncated)...]
2026-01-10 19:27:51 [http-nio-8989-exec-6] DEBUG o.s.web.servlet.DispatcherServlet - Completed 200 OK
2026-01-10 19:28:28 [http-nio-8989-exec-7] DEBUG o.s.security.web.FilterChainProxy - Securing POST /api/v1/auth/apply-loan
2026-01-10 19:28:28 [http-nio-8989-exec-7] DEBUG org.hibernate.SQL - 
    select
        u1_0.id,
        u1_0.aadhar_number,
        u1_0.address,
        u1_0.created_at,
        u1_0.email,
        u1_0.failed_login_attempts,
        u1_0.first_name,
        u1_0.last_login_at,
        u1_0.last_name,
        u1_0.monthly_income,
        u1_0.pan_number,
        u1_0.password,
        u1_0.phone,
        u1_0.role,
        u1_0.status,
        u1_0.username 
    from
        users u1_0 
    where
        u1_0.username=?
2026-01-10 19:28:28 [http-nio-8989-exec-7] DEBUG o.s.security.web.FilterChainProxy - Secured POST /api/v1/auth/apply-loan
2026-01-10 19:28:28 [http-nio-8989-exec-7] DEBUG o.s.web.servlet.DispatcherServlet - POST "/api/v1/auth/apply-loan", parameters={}
2026-01-10 19:28:28 [http-nio-8989-exec-7] DEBUG o.s.w.s.m.m.a.RequestMappingHandlerMapping - Mapped to com.app.bank.web.controller.LoanController#applyForLoan(LoanRequest, Authentication)
2026-01-10 19:28:28 [http-nio-8989-exec-7] DEBUG o.s.w.s.m.m.a.RequestResponseBodyMethodProcessor - Read "application/json;charset=UTF-8" to [com.app.bank.web.dto.LoanRequest@1f9abd1]
2026-01-10 19:28:28 [http-nio-8989-exec-7] DEBUG org.hibernate.SQL - 
    select
        u1_0.id,
        u1_0.aadhar_number,
        u1_0.address,
        u1_0.created_at,
        u1_0.email,
        u1_0.failed_login_attempts,
        u1_0.first_name,
        u1_0.last_login_at,
        u1_0.last_name,
        u1_0.monthly_income,
        u1_0.pan_number,
        u1_0.password,
        u1_0.phone,
        u1_0.role,
        u1_0.status,
        u1_0.username 
    from
        users u1_0 
    where
        u1_0.username=?
2026-01-10 19:28:28 [http-nio-8989-exec-7] DEBUG org.hibernate.SQL - 
    select
        a1_0.id,
        a1_0.account_number,
        a1_0.account_type,
        a1_0.balance,
        a1_0.created_at,
        a1_0.interest_rate,
        a1_0.last_transaction_at,
        a1_0.minimum_balance,
        a1_0.status,
        a1_0.user_id 
    from
        accounts a1_0 
    where
        a1_0.account_number=?
2026-01-10 19:28:28 [http-nio-8989-exec-7] DEBUG org.hibernate.SQL - 
    select
        count(l1_0.id) 
    from
        loans l1_0 
    left join
        users u1_0 
            on u1_0.id=l1_0.user_id 
    where
        u1_0.id=? 
        and l1_0.status=?
2026-01-10 19:28:28 [http-nio-8989-exec-7] DEBUG o.s.web.servlet.DispatcherServlet - Failed to complete request: com.app.bank.web.exception.BankException: Loan application is not eligible
2026-01-10 19:28:28 [http-nio-8989-exec-7] ERROR o.a.c.c.C.[.[.[.[dispatcherServlet] - Servlet.service() for servlet [dispatcherServlet] in context with path [] threw exception [Request processing failed: com.app.bank.web.exception.BankException: Loan application is not eligible] with root cause
com.app.bank.web.exception.BankException: Loan application is not eligible
	at com.app.bank.web.service.LoanService.applyForLoan(LoanService.java:53)
	at java.base/jdk.internal.reflect.NativeMethodAccessorImpl.invoke0(Native Method)
	at java.base/jdk.internal.reflect.NativeMethodAccessorImpl.invoke(NativeMethodAccessorImpl.java:77)
	at java.base/jdk.internal.reflect.DelegatingMethodAccessorImpl.invoke(DelegatingMethodAccessorImpl.java:43)
	at java.base/java.lang.reflect.Method.invoke(Method.java:568)
	at org.springframework.aop.support.AopUtils.invokeJoinpointUsingReflection(AopUtils.java:360)
	at org.springframework.aop.framework.ReflectiveMethodInvocation.invokeJoinpoint(ReflectiveMethodInvocation.java:196)
	at org.springframework.aop.framework.ReflectiveMethodInvocation.proceed(ReflectiveMethodInvocation.java:163)
	at org.springframework.transaction.interceptor.TransactionAspectSupport.invokeWithinTransaction(TransactionAspectSupport.java:380)
	at org.springframework.transaction.interceptor.TransactionInterceptor.invoke(TransactionInterceptor.java:119)
	at org.springframework.aop.framework.ReflectiveMethodInvocation.proceed(ReflectiveMethodInvocation.java:184)
	at org.springframework.aop.framework.CglibAopProxy$DynamicAdvisedInterceptor.intercept(CglibAopProxy.java:728)
	at com.app.bank.web.service.LoanService$$SpringCGLIB$$0.applyForLoan(<generated>)
	at com.app.bank.web.controller.LoanController.applyForLoan(LoanController.java:35)
	at java.base/jdk.internal.reflect.NativeMethodAccessorImpl.invoke0(Native Method)
	at java.base/jdk.internal.reflect.NativeMethodAccessorImpl.invoke(NativeMethodAccessorImpl.java:77)
	at java.base/jdk.internal.reflect.DelegatingMethodAccessorImpl.invoke(DelegatingMethodAccessorImpl.java:43)
	at java.base/java.lang.reflect.Method.invoke(Method.java:568)
	at org.springframework.web.method.support.InvocableHandlerMethod.doInvoke(InvocableHandlerMethod.java:258)
	at org.springframework.web.method.support.InvocableHandlerMethod.invokeForRequest(InvocableHandlerMethod.java:191)
	at org.springframework.web.servlet.mvc.method.annotation.ServletInvocableHandlerMethod.invokeAndHandle(ServletInvocableHandlerMethod.java:118)
	at org.springframework.web.servlet.mvc.method.annotation.RequestMappingHandlerAdapter.invokeHandlerMethod(RequestMappingHandlerAdapter.java:991)
	at org.springframework.web.servlet.mvc.method.annotation.RequestMappingHandlerAdapter.handleInternal(RequestMappingHandlerAdapter.java:896)
	at org.springframework.web.servlet.mvc.method.AbstractHandlerMethodAdapter.handle(AbstractHandlerMethodAdapter.java:87)
	at org.springframework.web.servlet.DispatcherServlet.doDispatch(DispatcherServlet.java:1089)
	at org.springframework.web.servlet.DispatcherServlet.doService(DispatcherServlet.java:979)
	at org.springframework.web.servlet.FrameworkServlet.processRequest(FrameworkServlet.java:1014)
	at org.springframework.web.servlet.FrameworkServlet.doPost(FrameworkServlet.java:914)
	at jakarta.servlet.http.HttpServlet.service(HttpServlet.java:590)
	at org.springframework.web.servlet.FrameworkServlet.service(FrameworkServlet.java:885)
	at jakarta.servlet.http.HttpServlet.service(HttpServlet.java:658)
	at org.apache.catalina.core.ApplicationFilterChain.internalDoFilter(ApplicationFilterChain.java:193)
	at org.apache.catalina.core.ApplicationFilterChain.doFilter(ApplicationFilterChain.java:138)
	at org.apache.tomcat.websocket.server.WsFilter.doFilter(WsFilter.java:51)
	at org.apache.catalina.core.ApplicationFilterChain.internalDoFilter(ApplicationFilterChain.java:162)
	at org.apache.catalina.core.ApplicationFilterChain.doFilter(ApplicationFilterChain.java:138)
	at org.springframework.web.filter.OncePerRequestFilter.doFilter(OncePerRequestFilter.java:110)
	at org.apache.catalina.core.ApplicationFilterChain.internalDoFilter(ApplicationFilterChain.java:162)
	at org.apache.catalina.core.ApplicationFilterChain.doFilter(ApplicationFilterChain.java:138)
	at org.springframework.web.filter.CompositeFilter$VirtualFilterChain.doFilter(CompositeFilter.java:108)
	at org.springframework.web.filter.CompositeFilter$VirtualFilterChain.doFilter(CompositeFilter.java:108)
	at org.springframework.security.web.FilterChainProxy.lambda$doFilterInternal$3(FilterChainProxy.java:231)
	at org.springframework.security.web.FilterChainProxy$VirtualFilterChain.doFilter(FilterChainProxy.java:365)
	at org.springframework.security.web.access.intercept.AuthorizationFilter.doFilter(AuthorizationFilter.java:101)
	at org.springframework.security.web.FilterChainProxy$VirtualFilterChain.doFilter(FilterChainProxy.java:374)
	at org.springframework.security.web.access.ExceptionTranslationFilter.doFilter(ExceptionTranslationFilter.java:125)
	at org.springframework.security.web.access.ExceptionTranslationFilter.doFilter(ExceptionTranslationFilter.java:119)
	at org.springframework.security.web.FilterChainProxy$VirtualFilterChain.doFilter(FilterChainProxy.java:374)
	at org.springframework.security.web.session.SessionManagementFilter.doFilter(SessionManagementFilter.java:131)
	at org.springframework.security.web.session.SessionManagementFilter.doFilter(SessionManagementFilter.java:85)
	at org.springframework.security.web.FilterChainProxy$VirtualFilterChain.doFilter(FilterChainProxy.java:374)
	at org.springframework.security.web.authentication.AnonymousAuthenticationFilter.doFilter(AnonymousAuthenticationFilter.java:100)
	at org.springframework.security.web.FilterChainProxy$VirtualFilterChain.doFilter(FilterChainProxy.java:374)
	at org.springframework.security.web.servletapi.SecurityContextHolderAwareRequestFilter.doFilter(SecurityContextHolderAwareRequestFilter.java:179)
	at org.springframework.security.web.FilterChainProxy$VirtualFilterChain.doFilter(FilterChainProxy.java:374)
	at org.springframework.security.web.savedrequest.RequestCacheAwareFilter.doFilter(RequestCacheAwareFilter.java:63)
	at org.springframework.security.web.FilterChainProxy$VirtualFilterChain.doFilter(FilterChainProxy.java:374)
	at com.app.bank.web.security.JwtAuthenticationFilter.doFilterInternal(JwtAuthenticationFilter.java:137)
	at org.springframework.web.filter.OncePerRequestFilter.doFilter(OncePerRequestFilter.java:116)
	at org.springframework.security.web.FilterChainProxy$VirtualFilterChain.doFilter(FilterChainProxy.java:374)
	at org.springframework.security.web.authentication.logout.LogoutFilter.doFilter(LogoutFilter.java:107)
	at org.springframework.security.web.authentication.logout.LogoutFilter.doFilter(LogoutFilter.java:93)
	at org.springframework.security.web.FilterChainProxy$VirtualFilterChain.doFilter(FilterChainProxy.java:374)
	at org.springframework.web.filter.CorsFilter.doFilterInternal(CorsFilter.java:91)
	at org.springframework.web.filter.OncePerRequestFilter.doFilter(OncePerRequestFilter.java:116)
	at org.springframework.security.web.FilterChainProxy$VirtualFilterChain.doFilter(FilterChainProxy.java:374)
	at org.springframework.security.web.header.HeaderWriterFilter.doHeadersAfter(HeaderWriterFilter.java:90)
	at org.springframework.security.web.header.HeaderWriterFilter.doFilterInternal(HeaderWriterFilter.java:75)
	at org.springframework.web.filter.OncePerRequestFilter.doFilter(OncePerRequestFilter.java:116)
	at org.springframework.security.web.FilterChainProxy$VirtualFilterChain.doFilter(FilterChainProxy.java:374)
	at org.springframework.security.web.context.SecurityContextHolderFilter.doFilter(SecurityContextHolderFilter.java:82)
	at org.springframework.security.web.context.SecurityContextHolderFilter.doFilter(SecurityContextHolderFilter.java:69)
	at org.springframework.security.web.FilterChainProxy$VirtualFilterChain.doFilter(FilterChainProxy.java:374)
	at org.springframework.security.web.context.request.async.WebAsyncManagerIntegrationFilter.doFilterInternal(WebAsyncManagerIntegrationFilter.java:62)
	at org.springframework.web.filter.OncePerRequestFilter.doFilter(OncePerRequestFilter.java:116)
	at org.springframework.security.web.FilterChainProxy$VirtualFilterChain.doFilter(FilterChainProxy.java:374)
	at org.springframework.security.web.session.DisableEncodeUrlFilter.doFilterInternal(DisableEncodeUrlFilter.java:42)
	at org.springframework.web.filter.OncePerRequestFilter.doFilter(OncePerRequestFilter.java:116)
	at org.springframework.security.web.FilterChainProxy$VirtualFilterChain.doFilter(FilterChainProxy.java:374)
	at org.springframework.security.web.FilterChainProxy.doFilterInternal(FilterChainProxy.java:233)
	at org.springframework.security.web.FilterChainProxy.doFilter(FilterChainProxy.java:191)
	at org.springframework.web.filter.CompositeFilter$VirtualFilterChain.doFilter(CompositeFilter.java:113)
	at org.springframework.web.filter.ServletRequestPathFilter.doFilter(ServletRequestPathFilter.java:52)
	at org.springframework.web.filter.CompositeFilter$VirtualFilterChain.doFilter(CompositeFilter.java:113)
	at org.springframework.web.filter.CompositeFilter.doFilter(CompositeFilter.java:74)
	at org.springframework.security.config.annotation.web.configuration.WebSecurityConfiguration$CompositeFilterChainProxy.doFilter(WebSecurityConfiguration.java:319)
	at org.springframework.web.filter.CompositeFilter$VirtualFilterChain.doFilter(CompositeFilter.java:113)
	at org.springframework.web.servlet.handler.HandlerMappingIntrospector.lambda$createCacheFilter$4(HandlerMappingIntrospector.java:267)
	at org.springframework.web.filter.CompositeFilter$VirtualFilterChain.doFilter(CompositeFilter.java:113)
	at org.springframework.web.filter.CompositeFilter.doFilter(CompositeFilter.java:74)
	at org.springframework.security.config.annotation.web.configuration.WebMvcSecurityConfiguration$CompositeFilterChainProxy.doFilter(WebMvcSecurityConfiguration.java:240)
	at org.springframework.web.filter.DelegatingFilterProxy.invokeDelegate(DelegatingFilterProxy.java:362)
	at org.springframework.web.filter.DelegatingFilterProxy.doFilter(DelegatingFilterProxy.java:278)
	at org.apache.catalina.core.ApplicationFilterChain.internalDoFilter(ApplicationFilterChain.java:162)
	at org.apache.catalina.core.ApplicationFilterChain.doFilter(ApplicationFilterChain.java:138)
	at org.springframework.web.filter.RequestContextFilter.doFilterInternal(RequestContextFilter.java:100)
	at org.springframework.web.filter.OncePerRequestFilter.doFilter(OncePerRequestFilter.java:116)
	at org.apache.catalina.core.ApplicationFilterChain.internalDoFilter(ApplicationFilterChain.java:162)
	at org.apache.catalina.core.ApplicationFilterChain.doFilter(ApplicationFilterChain.java:138)
	at org.springframework.web.filter.FormContentFilter.doFilterInternal(FormContentFilter.java:93)
	at org.springframework.web.filter.OncePerRequestFilter.doFilter(OncePerRequestFilter.java:116)
	at org.apache.catalina.core.ApplicationFilterChain.internalDoFilter(ApplicationFilterChain.java:162)
	at org.apache.catalina.core.ApplicationFilterChain.doFilter(ApplicationFilterChain.java:138)
	at org.springframework.web.filter.CharacterEncodingFilter.doFilterInternal(CharacterEncodingFilter.java:201)
	at org.springframework.web.filter.OncePerRequestFilter.doFilter(OncePerRequestFilter.java:116)
	at org.apache.catalina.core.ApplicationFilterChain.internalDoFilter(ApplicationFilterChain.java:162)
	at org.apache.catalina.core.ApplicationFilterChain.doFilter(ApplicationFilterChain.java:138)
	at org.apache.catalina.core.StandardWrapperValve.invoke(StandardWrapperValve.java:165)
	at org.apache.catalina.core.StandardContextValve.invoke(StandardContextValve.java:88)
	at org.apache.catalina.authenticator.AuthenticatorBase.invoke(AuthenticatorBase.java:482)
	at org.apache.catalina.core.StandardHostValve.invoke(StandardHostValve.java:113)
	at org.apache.catalina.valves.ErrorReportValve.invoke(ErrorReportValve.java:83)
	at org.apache.catalina.core.StandardEngineValve.invoke(StandardEngineValve.java:72)
	at org.apache.catalina.connector.CoyoteAdapter.service(CoyoteAdapter.java:342)
	at org.apache.coyote.http11.Http11Processor.service(Http11Processor.java:399)
	at org.apache.coyote.AbstractProcessorLight.process(AbstractProcessorLight.java:63)
	at org.apache.coyote.AbstractProtocol$ConnectionHandler.process(AbstractProtocol.java:903)
	at org.apache.tomcat.util.net.NioEndpoint$SocketProcessor.doRun(NioEndpoint.java:1774)
	at org.apache.tomcat.util.net.SocketProcessorBase.run(SocketProcessorBase.java:52)
	at org.apache.tomcat.util.threads.ThreadPoolExecutor.runWorker(ThreadPoolExecutor.java:973)
	at org.apache.tomcat.util.threads.ThreadPoolExecutor$Worker.run(ThreadPoolExecutor.java:491)
	at org.apache.tomcat.util.threads.TaskThread$WrappingRunnable.run(TaskThread.java:63)
	at java.base/java.lang.Thread.run(Thread.java:842)
2026-01-10 19:28:28 [http-nio-8989-exec-7] DEBUG o.s.security.web.FilterChainProxy - Securing POST /error
2026-01-10 19:28:28 [http-nio-8989-exec-7] DEBUG o.s.security.web.FilterChainProxy - Secured POST /error
2026-01-10 19:28:28 [http-nio-8989-exec-7] DEBUG o.s.web.servlet.DispatcherServlet - "ERROR" dispatch for POST "/error", parameters={}
2026-01-10 19:28:28 [http-nio-8989-exec-7] DEBUG o.s.w.s.m.m.a.RequestMappingHandlerMapping - Mapped to org.springframework.boot.autoconfigure.web.servlet.error.BasicErrorController#error(HttpServletRequest)
2026-01-10 19:28:28 [http-nio-8989-exec-7] DEBUG o.s.w.s.m.m.a.HttpEntityMethodProcessor - Using 'application/json', given [*/*] and supported [application/json, application/*+json]
2026-01-10 19:28:28 [http-nio-8989-exec-7] DEBUG o.s.w.s.m.m.a.HttpEntityMethodProcessor - Writing [{timestamp=Sat Jan 10 19:28:28 IST 2026, status=500, error=Internal Server Error, trace=com.app.bank (truncated)...]
2026-01-10 19:28:28 [http-nio-8989-exec-7] DEBUG o.s.web.servlet.DispatcherServlet - Exiting from "ERROR" dispatch, status 500
2026-01-10 19:28:28 [http-nio-8989-exec-7] DEBUG o.s.s.w.a.AnonymousAuthenticationFilter - Set SecurityContextHolder to anonymous SecurityContext
2026-01-10 19:29:29 [http-nio-8989-exec-9] DEBUG o.s.security.web.FilterChainProxy - Securing GET /api/v1/auth/ZPB9811028609449/balance
2026-01-10 19:29:29 [http-nio-8989-exec-9] DEBUG org.hibernate.SQL - 
    select
        u1_0.id,
        u1_0.aadhar_number,
        u1_0.address,
        u1_0.created_at,
        u1_0.email,
        u1_0.failed_login_attempts,
        u1_0.first_name,
        u1_0.last_login_at,
        u1_0.last_name,
        u1_0.monthly_income,
        u1_0.pan_number,
        u1_0.password,
        u1_0.phone,
        u1_0.role,
        u1_0.status,
        u1_0.username 
    from
        users u1_0 
    where
        u1_0.username=?
2026-01-10 19:29:29 [http-nio-8989-exec-9] DEBUG o.s.security.web.FilterChainProxy - Secured GET /api/v1/auth/ZPB9811028609449/balance
2026-01-10 19:29:29 [http-nio-8989-exec-9] DEBUG o.s.web.servlet.DispatcherServlet - GET "/api/v1/auth/ZPB9811028609449/balance", parameters={}
2026-01-10 19:29:29 [http-nio-8989-exec-9] DEBUG o.s.w.s.m.m.a.RequestMappingHandlerMapping - Mapped to com.app.bank.web.controller.AccountController#getBalance(String, Authentication)
2026-01-10 19:29:29 [http-nio-8989-exec-9] DEBUG org.hibernate.SQL - 
    select
        a1_0.id,
        a1_0.account_number,
        a1_0.account_type,
        a1_0.balance,
        a1_0.created_at,
        a1_0.interest_rate,
        a1_0.last_transaction_at,
        a1_0.minimum_balance,
        a1_0.status,
        a1_0.user_id 
    from
        accounts a1_0 
    where
        a1_0.account_number=?
2026-01-10 19:29:29 [http-nio-8989-exec-9] DEBUG org.hibernate.SQL - 
    select
        u1_0.id,
        u1_0.aadhar_number,
        u1_0.address,
        u1_0.created_at,
        u1_0.email,
        u1_0.failed_login_attempts,
        u1_0.first_name,
        u1_0.last_login_at,
        u1_0.last_name,
        u1_0.monthly_income,
        u1_0.pan_number,
        u1_0.password,
        u1_0.phone,
        u1_0.role,
        u1_0.status,
        u1_0.username 
    from
        users u1_0 
    where
        u1_0.id=?
2026-01-10 19:29:29 [http-nio-8989-exec-9] DEBUG org.hibernate.SQL - 
    select
        u1_0.id,
        u1_0.aadhar_number,
        u1_0.address,
        u1_0.created_at,
        u1_0.email,
        u1_0.failed_login_attempts,
        u1_0.first_name,
        u1_0.last_login_at,
        u1_0.last_name,
        u1_0.monthly_income,
        u1_0.pan_number,
        u1_0.password,
        u1_0.phone,
        u1_0.role,
        u1_0.status,
        u1_0.username 
    from
        users u1_0 
    where
        u1_0.username=?
2026-01-10 19:29:29 [http-nio-8989-exec-9] DEBUG o.s.w.s.m.m.a.HttpEntityMethodProcessor - Using 'application/json', given [*/*] and supported [application/json, application/*+json]
2026-01-10 19:29:29 [http-nio-8989-exec-9] DEBUG o.s.w.s.m.m.a.HttpEntityMethodProcessor - Writing [{lastUpdated=2026-01-09T23:32:06.393995, balance=12500.00, currency=INR, accountNumber=ZPB9811028609 (truncated)...]
2026-01-10 19:29:29 [http-nio-8989-exec-9] DEBUG o.s.web.servlet.DispatcherServlet - Completed 200 OK
2026-01-10 19:29:52 [http-nio-8989-exec-10] DEBUG o.s.security.web.FilterChainProxy - Securing POST /api/v1/auth/apply-loan
2026-01-10 19:29:52 [http-nio-8989-exec-10] DEBUG org.hibernate.SQL - 
    select
        u1_0.id,
        u1_0.aadhar_number,
        u1_0.address,
        u1_0.created_at,
        u1_0.email,
        u1_0.failed_login_attempts,
        u1_0.first_name,
        u1_0.last_login_at,
        u1_0.last_name,
        u1_0.monthly_income,
        u1_0.pan_number,
        u1_0.password,
        u1_0.phone,
        u1_0.role,
        u1_0.status,
        u1_0.username 
    from
        users u1_0 
    where
        u1_0.username=?
2026-01-10 19:29:52 [http-nio-8989-exec-10] DEBUG o.s.security.web.FilterChainProxy - Secured POST /api/v1/auth/apply-loan
2026-01-10 19:29:52 [http-nio-8989-exec-10] DEBUG o.s.web.servlet.DispatcherServlet - POST "/api/v1/auth/apply-loan", parameters={}
2026-01-10 19:29:52 [http-nio-8989-exec-10] DEBUG o.s.w.s.m.m.a.RequestMappingHandlerMapping - Mapped to com.app.bank.web.controller.LoanController#applyForLoan(LoanRequest, Authentication)
2026-01-10 19:29:52 [http-nio-8989-exec-10] DEBUG o.s.w.s.m.m.a.RequestResponseBodyMethodProcessor - Read "application/json;charset=UTF-8" to [com.app.bank.web.dto.LoanRequest@167be1cd]
2026-01-10 19:29:52 [http-nio-8989-exec-10] DEBUG org.hibernate.SQL - 
    select
        u1_0.id,
        u1_0.aadhar_number,
        u1_0.address,
        u1_0.created_at,
        u1_0.email,
        u1_0.failed_login_attempts,
        u1_0.first_name,
        u1_0.last_login_at,
        u1_0.last_name,
        u1_0.monthly_income,
        u1_0.pan_number,
        u1_0.password,
        u1_0.phone,
        u1_0.role,
        u1_0.status,
        u1_0.username 
    from
        users u1_0 
    where
        u1_0.username=?
2026-01-10 19:29:52 [http-nio-8989-exec-10] DEBUG org.hibernate.SQL - 
    select
        a1_0.id,
        a1_0.account_number,
        a1_0.account_type,
        a1_0.balance,
        a1_0.created_at,
        a1_0.interest_rate,
        a1_0.last_transaction_at,
        a1_0.minimum_balance,
        a1_0.status,
        a1_0.user_id 
    from
        accounts a1_0 
    where
        a1_0.account_number=?
2026-01-10 19:29:52 [http-nio-8989-exec-10] DEBUG org.hibernate.SQL - 
    select
        count(l1_0.id) 
    from
        loans l1_0 
    left join
        users u1_0 
            on u1_0.id=l1_0.user_id 
    where
        u1_0.id=? 
        and l1_0.status=?
2026-01-10 19:29:52 [http-nio-8989-exec-10] DEBUG o.s.web.servlet.DispatcherServlet - Failed to complete request: java.lang.IllegalArgumentException: No enum constant com.app.bank.web.enums.LoanType.PERSONAL
2026-01-10 19:29:52 [http-nio-8989-exec-10] ERROR o.a.c.c.C.[.[.[.[dispatcherServlet] - Servlet.service() for servlet [dispatcherServlet] in context with path [] threw exception [Request processing failed: java.lang.IllegalArgumentException: No enum constant com.app.bank.web.enums.LoanType.PERSONAL] with root cause
java.lang.IllegalArgumentException: No enum constant com.app.bank.web.enums.LoanType.PERSONAL
	at java.base/java.lang.Enum.valueOf(Enum.java:273)
	at com.app.bank.web.enums.LoanType.valueOf(LoanType.java:1)
	at com.app.bank.web.service.LoanService.applyForLoan(LoanService.java:60)
	at java.base/jdk.internal.reflect.NativeMethodAccessorImpl.invoke0(Native Method)
	at java.base/jdk.internal.reflect.NativeMethodAccessorImpl.invoke(NativeMethodAccessorImpl.java:77)
	at java.base/jdk.internal.reflect.DelegatingMethodAccessorImpl.invoke(DelegatingMethodAccessorImpl.java:43)
	at java.base/java.lang.reflect.Method.invoke(Method.java:568)
	at org.springframework.aop.support.AopUtils.invokeJoinpointUsingReflection(AopUtils.java:360)
	at org.springframework.aop.framework.ReflectiveMethodInvocation.invokeJoinpoint(ReflectiveMethodInvocation.java:196)
	at org.springframework.aop.framework.ReflectiveMethodInvocation.proceed(ReflectiveMethodInvocation.java:163)
	at org.springframework.transaction.interceptor.TransactionAspectSupport.invokeWithinTransaction(TransactionAspectSupport.java:380)
	at org.springframework.transaction.interceptor.TransactionInterceptor.invoke(TransactionInterceptor.java:119)
	at org.springframework.aop.framework.ReflectiveMethodInvocation.proceed(ReflectiveMethodInvocation.java:184)
	at org.springframework.aop.framework.CglibAopProxy$DynamicAdvisedInterceptor.intercept(CglibAopProxy.java:728)
	at com.app.bank.web.service.LoanService$$SpringCGLIB$$0.applyForLoan(<generated>)
	at com.app.bank.web.controller.LoanController.applyForLoan(LoanController.java:35)
	at java.base/jdk.internal.reflect.NativeMethodAccessorImpl.invoke0(Native Method)
	at java.base/jdk.internal.reflect.NativeMethodAccessorImpl.invoke(NativeMethodAccessorImpl.java:77)
	at java.base/jdk.internal.reflect.DelegatingMethodAccessorImpl.invoke(DelegatingMethodAccessorImpl.java:43)
	at java.base/java.lang.reflect.Method.invoke(Method.java:568)
	at org.springframework.web.method.support.InvocableHandlerMethod.doInvoke(InvocableHandlerMethod.java:258)
	at org.springframework.web.method.support.InvocableHandlerMethod.invokeForRequest(InvocableHandlerMethod.java:191)
	at org.springframework.web.servlet.mvc.method.annotation.ServletInvocableHandlerMethod.invokeAndHandle(ServletInvocableHandlerMethod.java:118)
	at org.springframework.web.servlet.mvc.method.annotation.RequestMappingHandlerAdapter.invokeHandlerMethod(RequestMappingHandlerAdapter.java:991)
	at org.springframework.web.servlet.mvc.method.annotation.RequestMappingHandlerAdapter.handleInternal(RequestMappingHandlerAdapter.java:896)
	at org.springframework.web.servlet.mvc.method.AbstractHandlerMethodAdapter.handle(AbstractHandlerMethodAdapter.java:87)
	at org.springframework.web.servlet.DispatcherServlet.doDispatch(DispatcherServlet.java:1089)
	at org.springframework.web.servlet.DispatcherServlet.doService(DispatcherServlet.java:979)
	at org.springframework.web.servlet.FrameworkServlet.processRequest(FrameworkServlet.java:1014)
	at org.springframework.web.servlet.FrameworkServlet.doPost(FrameworkServlet.java:914)
	at jakarta.servlet.http.HttpServlet.service(HttpServlet.java:590)
	at org.springframework.web.servlet.FrameworkServlet.service(FrameworkServlet.java:885)
	at jakarta.servlet.http.HttpServlet.service(HttpServlet.java:658)
	at org.apache.catalina.core.ApplicationFilterChain.internalDoFilter(ApplicationFilterChain.java:193)
	at org.apache.catalina.core.ApplicationFilterChain.doFilter(ApplicationFilterChain.java:138)
	at org.apache.tomcat.websocket.server.WsFilter.doFilter(WsFilter.java:51)
	at org.apache.catalina.core.ApplicationFilterChain.internalDoFilter(ApplicationFilterChain.java:162)
	at org.apache.catalina.core.ApplicationFilterChain.doFilter(ApplicationFilterChain.java:138)
	at org.springframework.web.filter.OncePerRequestFilter.doFilter(OncePerRequestFilter.java:110)
	at org.apache.catalina.core.ApplicationFilterChain.internalDoFilter(ApplicationFilterChain.java:162)
	at org.apache.catalina.core.ApplicationFilterChain.doFilter(ApplicationFilterChain.java:138)
	at org.springframework.web.filter.CompositeFilter$VirtualFilterChain.doFilter(CompositeFilter.java:108)
	at org.springframework.web.filter.CompositeFilter$VirtualFilterChain.doFilter(CompositeFilter.java:108)
	at org.springframework.security.web.FilterChainProxy.lambda$doFilterInternal$3(FilterChainProxy.java:231)
	at org.springframework.security.web.FilterChainProxy$VirtualFilterChain.doFilter(FilterChainProxy.java:365)
	at org.springframework.security.web.access.intercept.AuthorizationFilter.doFilter(AuthorizationFilter.java:101)
	at org.springframework.security.web.FilterChainProxy$VirtualFilterChain.doFilter(FilterChainProxy.java:374)
	at org.springframework.security.web.access.ExceptionTranslationFilter.doFilter(ExceptionTranslationFilter.java:125)
	at org.springframework.security.web.access.ExceptionTranslationFilter.doFilter(ExceptionTranslationFilter.java:119)
	at org.springframework.security.web.FilterChainProxy$VirtualFilterChain.doFilter(FilterChainProxy.java:374)
	at org.springframework.security.web.session.SessionManagementFilter.doFilter(SessionManagementFilter.java:131)
	at org.springframework.security.web.session.SessionManagementFilter.doFilter(SessionManagementFilter.java:85)
	at org.springframework.security.web.FilterChainProxy$VirtualFilterChain.doFilter(FilterChainProxy.java:374)
	at org.springframework.security.web.authentication.AnonymousAuthenticationFilter.doFilter(AnonymousAuthenticationFilter.java:100)
	at org.springframework.security.web.FilterChainProxy$VirtualFilterChain.doFilter(FilterChainProxy.java:374)
	at org.springframework.security.web.servletapi.SecurityContextHolderAwareRequestFilter.doFilter(SecurityContextHolderAwareRequestFilter.java:179)
	at org.springframework.security.web.FilterChainProxy$VirtualFilterChain.doFilter(FilterChainProxy.java:374)
	at org.springframework.security.web.savedrequest.RequestCacheAwareFilter.doFilter(RequestCacheAwareFilter.java:63)
	at org.springframework.security.web.FilterChainProxy$VirtualFilterChain.doFilter(FilterChainProxy.java:374)
	at com.app.bank.web.security.JwtAuthenticationFilter.doFilterInternal(JwtAuthenticationFilter.java:137)
	at org.springframework.web.filter.OncePerRequestFilter.doFilter(OncePerRequestFilter.java:116)
	at org.springframework.security.web.FilterChainProxy$VirtualFilterChain.doFilter(FilterChainProxy.java:374)
	at org.springframework.security.web.authentication.logout.LogoutFilter.doFilter(LogoutFilter.java:107)
	at org.springframework.security.web.authentication.logout.LogoutFilter.doFilter(LogoutFilter.java:93)
	at org.springframework.security.web.FilterChainProxy$VirtualFilterChain.doFilter(FilterChainProxy.java:374)
	at org.springframework.web.filter.CorsFilter.doFilterInternal(CorsFilter.java:91)
	at org.springframework.web.filter.OncePerRequestFilter.doFilter(OncePerRequestFilter.java:116)
	at org.springframework.security.web.FilterChainProxy$VirtualFilterChain.doFilter(FilterChainProxy.java:374)
	at org.springframework.security.web.header.HeaderWriterFilter.doHeadersAfter(HeaderWriterFilter.java:90)
	at org.springframework.security.web.header.HeaderWriterFilter.doFilterInternal(HeaderWriterFilter.java:75)
	at org.springframework.web.filter.OncePerRequestFilter.doFilter(OncePerRequestFilter.java:116)
	at org.springframework.security.web.FilterChainProxy$VirtualFilterChain.doFilter(FilterChainProxy.java:374)
	at org.springframework.security.web.context.SecurityContextHolderFilter.doFilter(SecurityContextHolderFilter.java:82)
	at org.springframework.security.web.context.SecurityContextHolderFilter.doFilter(SecurityContextHolderFilter.java:69)
	at org.springframework.security.web.FilterChainProxy$VirtualFilterChain.doFilter(FilterChainProxy.java:374)
	at org.springframework.security.web.context.request.async.WebAsyncManagerIntegrationFilter.doFilterInternal(WebAsyncManagerIntegrationFilter.java:62)
	at org.springframework.web.filter.OncePerRequestFilter.doFilter(OncePerRequestFilter.java:116)
	at org.springframework.security.web.FilterChainProxy$VirtualFilterChain.doFilter(FilterChainProxy.java:374)
	at org.springframework.security.web.session.DisableEncodeUrlFilter.doFilterInternal(DisableEncodeUrlFilter.java:42)
	at org.springframework.web.filter.OncePerRequestFilter.doFilter(OncePerRequestFilter.java:116)
	at org.springframework.security.web.FilterChainProxy$VirtualFilterChain.doFilter(FilterChainProxy.java:374)
	at org.springframework.security.web.FilterChainProxy.doFilterInternal(FilterChainProxy.java:233)
	at org.springframework.security.web.FilterChainProxy.doFilter(FilterChainProxy.java:191)
	at org.springframework.web.filter.CompositeFilter$VirtualFilterChain.doFilter(CompositeFilter.java:113)
	at org.springframework.web.filter.ServletRequestPathFilter.doFilter(ServletRequestPathFilter.java:52)
	at org.springframework.web.filter.CompositeFilter$VirtualFilterChain.doFilter(CompositeFilter.java:113)
	at org.springframework.web.filter.CompositeFilter.doFilter(CompositeFilter.java:74)
	at org.springframework.security.config.annotation.web.configuration.WebSecurityConfiguration$CompositeFilterChainProxy.doFilter(WebSecurityConfiguration.java:319)
	at org.springframework.web.filter.CompositeFilter$VirtualFilterChain.doFilter(CompositeFilter.java:113)
	at org.springframework.web.servlet.handler.HandlerMappingIntrospector.lambda$createCacheFilter$4(HandlerMappingIntrospector.java:267)
	at org.springframework.web.filter.CompositeFilter$VirtualFilterChain.doFilter(CompositeFilter.java:113)
	at org.springframework.web.filter.CompositeFilter.doFilter(CompositeFilter.java:74)
	at org.springframework.security.config.annotation.web.configuration.WebMvcSecurityConfiguration$CompositeFilterChainProxy.doFilter(WebMvcSecurityConfiguration.java:240)
	at org.springframework.web.filter.DelegatingFilterProxy.invokeDelegate(DelegatingFilterProxy.java:362)
	at org.springframework.web.filter.DelegatingFilterProxy.doFilter(DelegatingFilterProxy.java:278)
	at org.apache.catalina.core.ApplicationFilterChain.internalDoFilter(ApplicationFilterChain.java:162)
	at org.apache.catalina.core.ApplicationFilterChain.doFilter(ApplicationFilterChain.java:138)
	at org.springframework.web.filter.RequestContextFilter.doFilterInternal(RequestContextFilter.java:100)
	at org.springframework.web.filter.OncePerRequestFilter.doFilter(OncePerRequestFilter.java:116)
	at org.apache.catalina.core.ApplicationFilterChain.internalDoFilter(ApplicationFilterChain.java:162)
	at org.apache.catalina.core.ApplicationFilterChain.doFilter(ApplicationFilterChain.java:138)
	at org.springframework.web.filter.FormContentFilter.doFilterInternal(FormContentFilter.java:93)
	at org.springframework.web.filter.OncePerRequestFilter.doFilter(OncePerRequestFilter.java:116)
	at org.apache.catalina.core.ApplicationFilterChain.internalDoFilter(ApplicationFilterChain.java:162)
	at org.apache.catalina.core.ApplicationFilterChain.doFilter(ApplicationFilterChain.java:138)
	at org.springframework.web.filter.CharacterEncodingFilter.doFilterInternal(CharacterEncodingFilter.java:201)
	at org.springframework.web.filter.OncePerRequestFilter.doFilter(OncePerRequestFilter.java:116)
	at org.apache.catalina.core.ApplicationFilterChain.internalDoFilter(ApplicationFilterChain.java:162)
	at org.apache.catalina.core.ApplicationFilterChain.doFilter(ApplicationFilterChain.java:138)
	at org.apache.catalina.core.StandardWrapperValve.invoke(StandardWrapperValve.java:165)
	at org.apache.catalina.core.StandardContextValve.invoke(StandardContextValve.java:88)
	at org.apache.catalina.authenticator.AuthenticatorBase.invoke(AuthenticatorBase.java:482)
	at org.apache.catalina.core.StandardHostValve.invoke(StandardHostValve.java:113)
	at org.apache.catalina.valves.ErrorReportValve.invoke(ErrorReportValve.java:83)
	at org.apache.catalina.core.StandardEngineValve.invoke(StandardEngineValve.java:72)
	at org.apache.catalina.connector.CoyoteAdapter.service(CoyoteAdapter.java:342)
	at org.apache.coyote.http11.Http11Processor.service(Http11Processor.java:399)
	at org.apache.coyote.AbstractProcessorLight.process(AbstractProcessorLight.java:63)
	at org.apache.coyote.AbstractProtocol$ConnectionHandler.process(AbstractProtocol.java:903)
	at org.apache.tomcat.util.net.NioEndpoint$SocketProcessor.doRun(NioEndpoint.java:1774)
	at org.apache.tomcat.util.net.SocketProcessorBase.run(SocketProcessorBase.java:52)
	at org.apache.tomcat.util.threads.ThreadPoolExecutor.runWorker(ThreadPoolExecutor.java:973)
	at org.apache.tomcat.util.threads.ThreadPoolExecutor$Worker.run(ThreadPoolExecutor.java:491)
	at org.apache.tomcat.util.threads.TaskThread$WrappingRunnable.run(TaskThread.java:63)
	at java.base/java.lang.Thread.run(Thread.java:842)
2026-01-10 19:29:52 [http-nio-8989-exec-10] DEBUG o.s.security.web.FilterChainProxy - Securing POST /error
2026-01-10 19:29:52 [http-nio-8989-exec-10] DEBUG o.s.security.web.FilterChainProxy - Secured POST /error
2026-01-10 19:29:52 [http-nio-8989-exec-10] DEBUG o.s.web.servlet.DispatcherServlet - "ERROR" dispatch for POST "/error", parameters={}
2026-01-10 19:29:52 [http-nio-8989-exec-10] DEBUG o.s.w.s.m.m.a.RequestMappingHandlerMapping - Mapped to org.springframework.boot.autoconfigure.web.servlet.error.BasicErrorController#error(HttpServletRequest)
2026-01-10 19:29:52 [http-nio-8989-exec-10] DEBUG o.s.w.s.m.m.a.HttpEntityMethodProcessor - Using 'application/json', given [*/*] and supported [application/json, application/*+json]
2026-01-10 19:29:52 [http-nio-8989-exec-10] DEBUG o.s.w.s.m.m.a.HttpEntityMethodProcessor - Writing [{timestamp=Sat Jan 10 19:29:52 IST 2026, status=500, error=Internal Server Error, trace=java.lang.Il (truncated)...]
2026-01-10 19:29:52 [http-nio-8989-exec-10] DEBUG o.s.web.servlet.DispatcherServlet - Exiting from "ERROR" dispatch, status 500
2026-01-10 19:29:52 [http-nio-8989-exec-10] DEBUG o.s.s.w.a.AnonymousAuthenticationFilter - Set SecurityContextHolder to anonymous SecurityContext
2026-01-10 19:30:50 [http-nio-8989-exec-2] DEBUG o.s.security.web.FilterChainProxy - Securing POST /api/v1/auth/apply-loan
2026-01-10 19:30:50 [http-nio-8989-exec-2] DEBUG org.hibernate.SQL - 
    select
        u1_0.id,
        u1_0.aadhar_number,
        u1_0.address,
        u1_0.created_at,
        u1_0.email,
        u1_0.failed_login_attempts,
        u1_0.first_name,
        u1_0.last_login_at,
        u1_0.last_name,
        u1_0.monthly_income,
        u1_0.pan_number,
        u1_0.password,
        u1_0.phone,
        u1_0.role,
        u1_0.status,
        u1_0.username 
    from
        users u1_0 
    where
        u1_0.username=?
2026-01-10 19:30:50 [http-nio-8989-exec-2] DEBUG o.s.security.web.FilterChainProxy - Secured POST /api/v1/auth/apply-loan
2026-01-10 19:30:50 [http-nio-8989-exec-2] DEBUG o.s.web.servlet.DispatcherServlet - POST "/api/v1/auth/apply-loan", parameters={}
2026-01-10 19:30:50 [http-nio-8989-exec-2] DEBUG o.s.w.s.m.m.a.RequestMappingHandlerMapping - Mapped to com.app.bank.web.controller.LoanController#applyForLoan(LoanRequest, Authentication)
2026-01-10 19:30:50 [http-nio-8989-exec-2] DEBUG o.s.w.s.m.m.a.RequestResponseBodyMethodProcessor - Read "application/json;charset=UTF-8" to [com.app.bank.web.dto.LoanRequest@3bd87920]
2026-01-10 19:30:50 [http-nio-8989-exec-2] DEBUG org.hibernate.SQL - 
    select
        u1_0.id,
        u1_0.aadhar_number,
        u1_0.address,
        u1_0.created_at,
        u1_0.email,
        u1_0.failed_login_attempts,
        u1_0.first_name,
        u1_0.last_login_at,
        u1_0.last_name,
        u1_0.monthly_income,
        u1_0.pan_number,
        u1_0.password,
        u1_0.phone,
        u1_0.role,
        u1_0.status,
        u1_0.username 
    from
        users u1_0 
    where
        u1_0.username=?
2026-01-10 19:30:50 [http-nio-8989-exec-2] DEBUG org.hibernate.SQL - 
    select
        a1_0.id,
        a1_0.account_number,
        a1_0.account_type,
        a1_0.balance,
        a1_0.created_at,
        a1_0.interest_rate,
        a1_0.last_transaction_at,
        a1_0.minimum_balance,
        a1_0.status,
        a1_0.user_id 
    from
        accounts a1_0 
    where
        a1_0.account_number=?
2026-01-10 19:30:50 [http-nio-8989-exec-2] DEBUG org.hibernate.SQL - 
    select
        count(l1_0.id) 
    from
        loans l1_0 
    left join
        users u1_0 
            on u1_0.id=l1_0.user_id 
    where
        u1_0.id=? 
        and l1_0.status=?
2026-01-10 19:30:50 [http-nio-8989-exec-2] DEBUG org.hibernate.SQL - 
    insert 
    into
        loans
        (applied_date, approved_by, approved_date, disbursement_date, emi_amount, interest_rate, account_id, loan_account_number, loan_type, maturity_date, principal_amount, status, tenure_months, total_amount, user_id) 
    values
        (?, ?, ?, ?, ?, ?, ?, ?, ?, ?, ?, ?, ?, ?, ?)
2026-01-10 19:30:50 [http-nio-8989-exec-2] WARN  o.h.e.jdbc.spi.SqlExceptionHelper - SQL Error: 1048, SQLState: 23000
2026-01-10 19:30:50 [http-nio-8989-exec-2] ERROR o.h.e.jdbc.spi.SqlExceptionHelper - Column 'emi_amount' cannot be null
2026-01-10 19:30:50 [http-nio-8989-exec-2] DEBUG o.s.web.servlet.DispatcherServlet - Failed to complete request: org.springframework.dao.DataIntegrityViolationException: could not execute statement [Column 'emi_amount' cannot be null] [insert into loans (applied_date,approved_by,approved_date,disbursement_date,emi_amount,interest_rate,account_id,loan_account_number,loan_type,maturity_date,principal_amount,status,tenure_months,total_amount,user_id) values (?,?,?,?,?,?,?,?,?,?,?,?,?,?,?)]; SQL [insert into loans (applied_date,approved_by,approved_date,disbursement_date,emi_amount,interest_rate,account_id,loan_account_number,loan_type,maturity_date,principal_amount,status,tenure_months,total_amount,user_id) values (?,?,?,?,?,?,?,?,?,?,?,?,?,?,?)]; constraint [null]
2026-01-10 19:30:50 [http-nio-8989-exec-2] ERROR o.a.c.c.C.[.[.[.[dispatcherServlet] - Servlet.service() for servlet [dispatcherServlet] in context with path [] threw exception [Request processing failed: org.springframework.dao.DataIntegrityViolationException: could not execute statement [Column 'emi_amount' cannot be null] [insert into loans (applied_date,approved_by,approved_date,disbursement_date,emi_amount,interest_rate,account_id,loan_account_number,loan_type,maturity_date,principal_amount,status,tenure_months,total_amount,user_id) values (?,?,?,?,?,?,?,?,?,?,?,?,?,?,?)]; SQL [insert into loans (applied_date,approved_by,approved_date,disbursement_date,emi_amount,interest_rate,account_id,loan_account_number,loan_type,maturity_date,principal_amount,status,tenure_months,total_amount,user_id) values (?,?,?,?,?,?,?,?,?,?,?,?,?,?,?)]; constraint [null]] with root cause
java.sql.SQLIntegrityConstraintViolationException: Column 'emi_amount' cannot be null
	at com.mysql.cj.jdbc.exceptions.SQLError.createSQLException(SQLError.java:109)
	at com.mysql.cj.jdbc.exceptions.SQLExceptionsMapping.translateException(SQLExceptionsMapping.java:114)
	at com.mysql.cj.jdbc.ClientPreparedStatement.executeInternal(ClientPreparedStatement.java:988)
	at com.mysql.cj.jdbc.ClientPreparedStatement.executeUpdateInternal(ClientPreparedStatement.java:1166)
	at com.mysql.cj.jdbc.ClientPreparedStatement.executeUpdateInternal(ClientPreparedStatement.java:1101)
	at com.mysql.cj.jdbc.ClientPreparedStatement.executeLargeUpdate(ClientPreparedStatement.java:1448)
	at com.mysql.cj.jdbc.ClientPreparedStatement.executeUpdate(ClientPreparedStatement.java:1084)
	at com.zaxxer.hikari.pool.ProxyPreparedStatement.executeUpdate(ProxyPreparedStatement.java:61)
	at com.zaxxer.hikari.pool.HikariProxyPreparedStatement.executeUpdate(HikariProxyPreparedStatement.java)
	at org.hibernate.engine.jdbc.internal.ResultSetReturnImpl.executeUpdate(ResultSetReturnImpl.java:194)
	at org.hibernate.id.insert.GetGeneratedKeysDelegate.performMutation(GetGeneratedKeysDelegate.java:116)
	at org.hibernate.engine.jdbc.mutation.internal.MutationExecutorSingleNonBatched.performNonBatchedOperations(MutationExecutorSingleNonBatched.java:47)
	at org.hibernate.engine.jdbc.mutation.internal.AbstractMutationExecutor.execute(AbstractMutationExecutor.java:55)
	at org.hibernate.persister.entity.mutation.InsertCoordinatorStandard.doStaticInserts(InsertCoordinatorStandard.java:194)
	at org.hibernate.persister.entity.mutation.InsertCoordinatorStandard.coordinateInsert(InsertCoordinatorStandard.java:132)
	at org.hibernate.persister.entity.mutation.InsertCoordinatorStandard.insert(InsertCoordinatorStandard.java:95)
	at org.hibernate.action.internal.EntityIdentityInsertAction.execute(EntityIdentityInsertAction.java:85)
	at org.hibernate.engine.spi.ActionQueue.execute(ActionQueue.java:682)
	at org.hibernate.engine.spi.ActionQueue.addResolvedEntityInsertAction(ActionQueue.java:293)
	at org.hibernate.engine.spi.ActionQueue.addInsertAction(ActionQueue.java:274)
	at org.hibernate.engine.spi.ActionQueue.addAction(ActionQueue.java:324)
	at org.hibernate.event.internal.AbstractSaveEventListener.addInsertAction(AbstractSaveEventListener.java:394)
	at org.hibernate.event.internal.AbstractSaveEventListener.performSaveOrReplicate(AbstractSaveEventListener.java:308)
	at org.hibernate.event.internal.AbstractSaveEventListener.performSave(AbstractSaveEventListener.java:224)
	at org.hibernate.event.internal.AbstractSaveEventListener.saveWithGeneratedId(AbstractSaveEventListener.java:136)
	at org.hibernate.event.internal.DefaultPersistEventListener.entityIsTransient(DefaultPersistEventListener.java:177)
	at org.hibernate.event.internal.DefaultPersistEventListener.persist(DefaultPersistEventListener.java:95)
	at org.hibernate.event.internal.DefaultPersistEventListener.onPersist(DefaultPersistEventListener.java:79)
	at org.hibernate.event.internal.DefaultPersistEventListener.onPersist(DefaultPersistEventListener.java:55)
	at org.hibernate.event.service.internal.EventListenerGroupImpl.fireEventOnEachListener(EventListenerGroupImpl.java:127)
	at org.hibernate.internal.SessionImpl.firePersist(SessionImpl.java:761)
	at org.hibernate.internal.SessionImpl.persist(SessionImpl.java:745)
	at java.base/jdk.internal.reflect.NativeMethodAccessorImpl.invoke0(Native Method)
	at java.base/jdk.internal.reflect.NativeMethodAccessorImpl.invoke(NativeMethodAccessorImpl.java:77)
	at java.base/jdk.internal.reflect.DelegatingMethodAccessorImpl.invoke(DelegatingMethodAccessorImpl.java:43)
	at java.base/java.lang.reflect.Method.invoke(Method.java:568)
	at org.springframework.orm.jpa.SharedEntityManagerCreator$SharedEntityManagerInvocationHandler.invoke(SharedEntityManagerCreator.java:320)
	at jdk.proxy4/jdk.proxy4.$Proxy135.persist(Unknown Source)
	at org.springframework.data.jpa.repository.support.SimpleJpaRepository.save(SimpleJpaRepository.java:654)
	at java.base/jdk.internal.reflect.NativeMethodAccessorImpl.invoke0(Native Method)
	at java.base/jdk.internal.reflect.NativeMethodAccessorImpl.invoke(NativeMethodAccessorImpl.java:77)
	at java.base/jdk.internal.reflect.DelegatingMethodAccessorImpl.invoke(DelegatingMethodAccessorImpl.java:43)
	at java.base/java.lang.reflect.Method.invoke(Method.java:568)
	at org.springframework.aop.support.AopUtils.invokeJoinpointUsingReflection(AopUtils.java:360)
	at org.springframework.data.repository.core.support.RepositoryMethodInvoker$RepositoryFragmentMethodInvoker.lambda$new$0(RepositoryMethodInvoker.java:277)
	at org.springframework.data.repository.core.support.RepositoryMethodInvoker.doInvoke(RepositoryMethodInvoker.java:170)
	at org.springframework.data.repository.core.support.RepositoryMethodInvoker.invoke(RepositoryMethodInvoker.java:158)
	at org.springframework.data.repository.core.support.RepositoryComposition$RepositoryFragments.invoke(RepositoryComposition.java:515)
	at org.springframework.data.repository.core.support.RepositoryComposition.invoke(RepositoryComposition.java:284)
	at org.springframework.data.repository.core.support.RepositoryFactorySupport$ImplementationMethodExecutionInterceptor.invoke(RepositoryFactorySupport.java:720)
	at org.springframework.aop.framework.ReflectiveMethodInvocation.proceed(ReflectiveMethodInvocation.java:184)
	at org.springframework.data.repository.core.support.QueryExecutorMethodInterceptor.doInvoke(QueryExecutorMethodInterceptor.java:174)
	at org.springframework.data.repository.core.support.QueryExecutorMethodInterceptor.invoke(QueryExecutorMethodInterceptor.java:149)
	at org.springframework.aop.framework.ReflectiveMethodInvocation.proceed(ReflectiveMethodInvocation.java:184)
	at org.springframework.data.projection.DefaultMethodInvokingMethodInterceptor.invoke(DefaultMethodInvokingMethodInterceptor.java:69)
	at org.springframework.aop.framework.ReflectiveMethodInvocation.proceed(ReflectiveMethodInvocation.java:184)
	at org.springframework.transaction.interceptor.TransactionAspectSupport.invokeWithinTransaction(TransactionAspectSupport.java:380)
	at org.springframework.transaction.interceptor.TransactionInterceptor.invoke(TransactionInterceptor.java:119)
	at org.springframework.aop.framework.ReflectiveMethodInvocation.proceed(ReflectiveMethodInvocation.java:184)
	at org.springframework.dao.support.PersistenceExceptionTranslationInterceptor.invoke(PersistenceExceptionTranslationInterceptor.java:138)
	at org.springframework.aop.framework.ReflectiveMethodInvocation.proceed(ReflectiveMethodInvocation.java:184)
	at org.springframework.data.jpa.repository.support.CrudMethodMetadataPostProcessor$CrudMethodMetadataPopulatingMethodInterceptor.invoke(CrudMethodMetadataPostProcessor.java:165)
	at org.springframework.aop.framework.ReflectiveMethodInvocation.proceed(ReflectiveMethodInvocation.java:184)
	at org.springframework.aop.framework.JdkDynamicAopProxy.invoke(JdkDynamicAopProxy.java:223)
	at jdk.proxy4/jdk.proxy4.$Proxy148.save(Unknown Source)
	at com.app.bank.web.service.LoanService.applyForLoan(LoanService.java:72)
	at java.base/jdk.internal.reflect.NativeMethodAccessorImpl.invoke0(Native Method)
	at java.base/jdk.internal.reflect.NativeMethodAccessorImpl.invoke(NativeMethodAccessorImpl.java:77)
	at java.base/jdk.internal.reflect.DelegatingMethodAccessorImpl.invoke(DelegatingMethodAccessorImpl.java:43)
	at java.base/java.lang.reflect.Method.invoke(Method.java:568)
	at org.springframework.aop.support.AopUtils.invokeJoinpointUsingReflection(AopUtils.java:360)
	at org.springframework.aop.framework.ReflectiveMethodInvocation.invokeJoinpoint(ReflectiveMethodInvocation.java:196)
	at org.springframework.aop.framework.ReflectiveMethodInvocation.proceed(ReflectiveMethodInvocation.java:163)
	at org.springframework.transaction.interceptor.TransactionAspectSupport.invokeWithinTransaction(TransactionAspectSupport.java:380)
	at org.springframework.transaction.interceptor.TransactionInterceptor.invoke(TransactionInterceptor.java:119)
	at org.springframework.aop.framework.ReflectiveMethodInvocation.proceed(ReflectiveMethodInvocation.java:184)
	at org.springframework.aop.framework.CglibAopProxy$DynamicAdvisedInterceptor.intercept(CglibAopProxy.java:728)
	at com.app.bank.web.service.LoanService$$SpringCGLIB$$0.applyForLoan(<generated>)
	at com.app.bank.web.controller.LoanController.applyForLoan(LoanController.java:35)
	at java.base/jdk.internal.reflect.NativeMethodAccessorImpl.invoke0(Native Method)
	at java.base/jdk.internal.reflect.NativeMethodAccessorImpl.invoke(NativeMethodAccessorImpl.java:77)
	at java.base/jdk.internal.reflect.DelegatingMethodAccessorImpl.invoke(DelegatingMethodAccessorImpl.java:43)
	at java.base/java.lang.reflect.Method.invoke(Method.java:568)
	at org.springframework.web.method.support.InvocableHandlerMethod.doInvoke(InvocableHandlerMethod.java:258)
	at org.springframework.web.method.support.InvocableHandlerMethod.invokeForRequest(InvocableHandlerMethod.java:191)
	at org.springframework.web.servlet.mvc.method.annotation.ServletInvocableHandlerMethod.invokeAndHandle(ServletInvocableHandlerMethod.java:118)
	at org.springframework.web.servlet.mvc.method.annotation.RequestMappingHandlerAdapter.invokeHandlerMethod(RequestMappingHandlerAdapter.java:991)
	at org.springframework.web.servlet.mvc.method.annotation.RequestMappingHandlerAdapter.handleInternal(RequestMappingHandlerAdapter.java:896)
	at org.springframework.web.servlet.mvc.method.AbstractHandlerMethodAdapter.handle(AbstractHandlerMethodAdapter.java:87)
	at org.springframework.web.servlet.DispatcherServlet.doDispatch(DispatcherServlet.java:1089)
	at org.springframework.web.servlet.DispatcherServlet.doService(DispatcherServlet.java:979)
	at org.springframework.web.servlet.FrameworkServlet.processRequest(FrameworkServlet.java:1014)
	at org.springframework.web.servlet.FrameworkServlet.doPost(FrameworkServlet.java:914)
	at jakarta.servlet.http.HttpServlet.service(HttpServlet.java:590)
	at org.springframework.web.servlet.FrameworkServlet.service(FrameworkServlet.java:885)
	at jakarta.servlet.http.HttpServlet.service(HttpServlet.java:658)
	at org.apache.catalina.core.ApplicationFilterChain.internalDoFilter(ApplicationFilterChain.java:193)
	at org.apache.catalina.core.ApplicationFilterChain.doFilter(ApplicationFilterChain.java:138)
	at org.apache.tomcat.websocket.server.WsFilter.doFilter(WsFilter.java:51)
	at org.apache.catalina.core.ApplicationFilterChain.internalDoFilter(ApplicationFilterChain.java:162)
	at org.apache.catalina.core.ApplicationFilterChain.doFilter(ApplicationFilterChain.java:138)
	at org.springframework.web.filter.OncePerRequestFilter.doFilter(OncePerRequestFilter.java:110)
	at org.apache.catalina.core.ApplicationFilterChain.internalDoFilter(ApplicationFilterChain.java:162)
	at org.apache.catalina.core.ApplicationFilterChain.doFilter(ApplicationFilterChain.java:138)
	at org.springframework.web.filter.CompositeFilter$VirtualFilterChain.doFilter(CompositeFilter.java:108)
	at org.springframework.web.filter.CompositeFilter$VirtualFilterChain.doFilter(CompositeFilter.java:108)
	at org.springframework.security.web.FilterChainProxy.lambda$doFilterInternal$3(FilterChainProxy.java:231)
	at org.springframework.security.web.FilterChainProxy$VirtualFilterChain.doFilter(FilterChainProxy.java:365)
	at org.springframework.security.web.access.intercept.AuthorizationFilter.doFilter(AuthorizationFilter.java:101)
	at org.springframework.security.web.FilterChainProxy$VirtualFilterChain.doFilter(FilterChainProxy.java:374)
	at org.springframework.security.web.access.ExceptionTranslationFilter.doFilter(ExceptionTranslationFilter.java:125)
	at org.springframework.security.web.access.ExceptionTranslationFilter.doFilter(ExceptionTranslationFilter.java:119)
	at org.springframework.security.web.FilterChainProxy$VirtualFilterChain.doFilter(FilterChainProxy.java:374)
	at org.springframework.security.web.session.SessionManagementFilter.doFilter(SessionManagementFilter.java:131)
	at org.springframework.security.web.session.SessionManagementFilter.doFilter(SessionManagementFilter.java:85)
	at org.springframework.security.web.FilterChainProxy$VirtualFilterChain.doFilter(FilterChainProxy.java:374)
	at org.springframework.security.web.authentication.AnonymousAuthenticationFilter.doFilter(AnonymousAuthenticationFilter.java:100)
	at org.springframework.security.web.FilterChainProxy$VirtualFilterChain.doFilter(FilterChainProxy.java:374)
	at org.springframework.security.web.servletapi.SecurityContextHolderAwareRequestFilter.doFilter(SecurityContextHolderAwareRequestFilter.java:179)
	at org.springframework.security.web.FilterChainProxy$VirtualFilterChain.doFilter(FilterChainProxy.java:374)
	at org.springframework.security.web.savedrequest.RequestCacheAwareFilter.doFilter(RequestCacheAwareFilter.java:63)
	at org.springframework.security.web.FilterChainProxy$VirtualFilterChain.doFilter(FilterChainProxy.java:374)
	at com.app.bank.web.security.JwtAuthenticationFilter.doFilterInternal(JwtAuthenticationFilter.java:137)
	at org.springframework.web.filter.OncePerRequestFilter.doFilter(OncePerRequestFilter.java:116)
	at org.springframework.security.web.FilterChainProxy$VirtualFilterChain.doFilter(FilterChainProxy.java:374)
	at org.springframework.security.web.authentication.logout.LogoutFilter.doFilter(LogoutFilter.java:107)
	at org.springframework.security.web.authentication.logout.LogoutFilter.doFilter(LogoutFilter.java:93)
	at org.springframework.security.web.FilterChainProxy$VirtualFilterChain.doFilter(FilterChainProxy.java:374)
	at org.springframework.web.filter.CorsFilter.doFilterInternal(CorsFilter.java:91)
	at org.springframework.web.filter.OncePerRequestFilter.doFilter(OncePerRequestFilter.java:116)
	at org.springframework.security.web.FilterChainProxy$VirtualFilterChain.doFilter(FilterChainProxy.java:374)
	at org.springframework.security.web.header.HeaderWriterFilter.doHeadersAfter(HeaderWriterFilter.java:90)
	at org.springframework.security.web.header.HeaderWriterFilter.doFilterInternal(HeaderWriterFilter.java:75)
	at org.springframework.web.filter.OncePerRequestFilter.doFilter(OncePerRequestFilter.java:116)
	at org.springframework.security.web.FilterChainProxy$VirtualFilterChain.doFilter(FilterChainProxy.java:374)
	at org.springframework.security.web.context.SecurityContextHolderFilter.doFilter(SecurityContextHolderFilter.java:82)
	at org.springframework.security.web.context.SecurityContextHolderFilter.doFilter(SecurityContextHolderFilter.java:69)
	at org.springframework.security.web.FilterChainProxy$VirtualFilterChain.doFilter(FilterChainProxy.java:374)
	at org.springframework.security.web.context.request.async.WebAsyncManagerIntegrationFilter.doFilterInternal(WebAsyncManagerIntegrationFilter.java:62)
	at org.springframework.web.filter.OncePerRequestFilter.doFilter(OncePerRequestFilter.java:116)
	at org.springframework.security.web.FilterChainProxy$VirtualFilterChain.doFilter(FilterChainProxy.java:374)
	at org.springframework.security.web.session.DisableEncodeUrlFilter.doFilterInternal(DisableEncodeUrlFilter.java:42)
	at org.springframework.web.filter.OncePerRequestFilter.doFilter(OncePerRequestFilter.java:116)
	at org.springframework.security.web.FilterChainProxy$VirtualFilterChain.doFilter(FilterChainProxy.java:374)
	at org.springframework.security.web.FilterChainProxy.doFilterInternal(FilterChainProxy.java:233)
	at org.springframework.security.web.FilterChainProxy.doFilter(FilterChainProxy.java:191)
	at org.springframework.web.filter.CompositeFilter$VirtualFilterChain.doFilter(CompositeFilter.java:113)
	at org.springframework.web.filter.ServletRequestPathFilter.doFilter(ServletRequestPathFilter.java:52)
	at org.springframework.web.filter.CompositeFilter$VirtualFilterChain.doFilter(CompositeFilter.java:113)
	at org.springframework.web.filter.CompositeFilter.doFilter(CompositeFilter.java:74)
	at org.springframework.security.config.annotation.web.configuration.WebSecurityConfiguration$CompositeFilterChainProxy.doFilter(WebSecurityConfiguration.java:319)
	at org.springframework.web.filter.CompositeFilter$VirtualFilterChain.doFilter(CompositeFilter.java:113)
	at org.springframework.web.servlet.handler.HandlerMappingIntrospector.lambda$createCacheFilter$4(HandlerMappingIntrospector.java:267)
	at org.springframework.web.filter.CompositeFilter$VirtualFilterChain.doFilter(CompositeFilter.java:113)
	at org.springframework.web.filter.CompositeFilter.doFilter(CompositeFilter.java:74)
	at org.springframework.security.config.annotation.web.configuration.WebMvcSecurityConfiguration$CompositeFilterChainProxy.doFilter(WebMvcSecurityConfiguration.java:240)
	at org.springframework.web.filter.DelegatingFilterProxy.invokeDelegate(DelegatingFilterProxy.java:362)
	at org.springframework.web.filter.DelegatingFilterProxy.doFilter(DelegatingFilterProxy.java:278)
	at org.apache.catalina.core.ApplicationFilterChain.internalDoFilter(ApplicationFilterChain.java:162)
	at org.apache.catalina.core.ApplicationFilterChain.doFilter(ApplicationFilterChain.java:138)
	at org.springframework.web.filter.RequestContextFilter.doFilterInternal(RequestContextFilter.java:100)
	at org.springframework.web.filter.OncePerRequestFilter.doFilter(OncePerRequestFilter.java:116)
	at org.apache.catalina.core.ApplicationFilterChain.internalDoFilter(ApplicationFilterChain.java:162)
	at org.apache.catalina.core.ApplicationFilterChain.doFilter(ApplicationFilterChain.java:138)
	at org.springframework.web.filter.FormContentFilter.doFilterInternal(FormContentFilter.java:93)
	at org.springframework.web.filter.OncePerRequestFilter.doFilter(OncePerRequestFilter.java:116)
	at org.apache.catalina.core.ApplicationFilterChain.internalDoFilter(ApplicationFilterChain.java:162)
	at org.apache.catalina.core.ApplicationFilterChain.doFilter(ApplicationFilterChain.java:138)
	at org.springframework.web.filter.CharacterEncodingFilter.doFilterInternal(CharacterEncodingFilter.java:201)
	at org.springframework.web.filter.OncePerRequestFilter.doFilter(OncePerRequestFilter.java:116)
	at org.apache.catalina.core.ApplicationFilterChain.internalDoFilter(ApplicationFilterChain.java:162)
	at org.apache.catalina.core.ApplicationFilterChain.doFilter(ApplicationFilterChain.java:138)
	at org.apache.catalina.core.StandardWrapperValve.invoke(StandardWrapperValve.java:165)
	at org.apache.catalina.core.StandardContextValve.invoke(StandardContextValve.java:88)
	at org.apache.catalina.authenticator.AuthenticatorBase.invoke(AuthenticatorBase.java:482)
	at org.apache.catalina.core.StandardHostValve.invoke(StandardHostValve.java:113)
	at org.apache.catalina.valves.ErrorReportValve.invoke(ErrorReportValve.java:83)
	at org.apache.catalina.core.StandardEngineValve.invoke(StandardEngineValve.java:72)
	at org.apache.catalina.connector.CoyoteAdapter.service(CoyoteAdapter.java:342)
	at org.apache.coyote.http11.Http11Processor.service(Http11Processor.java:399)
	at org.apache.coyote.AbstractProcessorLight.process(AbstractProcessorLight.java:63)
	at org.apache.coyote.AbstractProtocol$ConnectionHandler.process(AbstractProtocol.java:903)
	at org.apache.tomcat.util.net.NioEndpoint$SocketProcessor.doRun(NioEndpoint.java:1774)
	at org.apache.tomcat.util.net.SocketProcessorBase.run(SocketProcessorBase.java:52)
	at org.apache.tomcat.util.threads.ThreadPoolExecutor.runWorker(ThreadPoolExecutor.java:973)
	at org.apache.tomcat.util.threads.ThreadPoolExecutor$Worker.run(ThreadPoolExecutor.java:491)
	at org.apache.tomcat.util.threads.TaskThread$WrappingRunnable.run(TaskThread.java:63)
	at java.base/java.lang.Thread.run(Thread.java:842)
2026-01-10 19:30:50 [http-nio-8989-exec-2] DEBUG o.s.security.web.FilterChainProxy - Securing POST /error
2026-01-10 19:30:50 [http-nio-8989-exec-2] DEBUG o.s.security.web.FilterChainProxy - Secured POST /error
2026-01-10 19:30:50 [http-nio-8989-exec-2] DEBUG o.s.web.servlet.DispatcherServlet - "ERROR" dispatch for POST "/error", parameters={}
2026-01-10 19:30:50 [http-nio-8989-exec-2] DEBUG o.s.w.s.m.m.a.RequestMappingHandlerMapping - Mapped to org.springframework.boot.autoconfigure.web.servlet.error.BasicErrorController#error(HttpServletRequest)
2026-01-10 19:30:50 [http-nio-8989-exec-2] DEBUG o.s.w.s.m.m.a.HttpEntityMethodProcessor - Using 'application/json', given [*/*] and supported [application/json, application/*+json]
2026-01-10 19:30:50 [http-nio-8989-exec-2] DEBUG o.s.w.s.m.m.a.HttpEntityMethodProcessor - Writing [{timestamp=Sat Jan 10 19:30:50 IST 2026, status=500, error=Internal Server Error, trace=org.springfr (truncated)...]
2026-01-10 19:30:50 [http-nio-8989-exec-2] DEBUG o.s.web.servlet.DispatcherServlet - Exiting from "ERROR" dispatch, status 500
2026-01-10 19:30:50 [http-nio-8989-exec-2] DEBUG o.s.s.w.a.AnonymousAuthenticationFilter - Set SecurityContextHolder to anonymous SecurityContext
2026-01-10 20:26:44 [File Watcher] INFO  o.s.b.d.a.LocalDevToolsAutoConfiguration$RestartingClassPathChangeChangedEventListener - Restarting due to 1 class path change (0 additions, 0 deletions, 1 modification)
2026-01-10 20:26:44 [Thread-6] INFO  o.s.b.w.e.tomcat.GracefulShutdown - Commencing graceful shutdown. Waiting for active requests to complete
2026-01-10 20:26:44 [tomcat-shutdown] INFO  o.a.coyote.http11.Http11NioProtocol - Pausing ProtocolHandler ["http-nio-8989"]
2026-01-10 20:26:44 [tomcat-shutdown] INFO  o.s.b.w.e.tomcat.GracefulShutdown - Graceful shutdown complete
2026-01-10 20:26:44 [Thread-6] INFO  o.a.coyote.http11.Http11NioProtocol - Stopping ProtocolHandler ["http-nio-8989"]
2026-01-10 20:26:44 [Thread-6] INFO  o.s.o.j.LocalContainerEntityManagerFactoryBean - Closing JPA EntityManagerFactory for persistence unit 'default'
2026-01-10 20:26:44 [Thread-6] INFO  com.zaxxer.hikari.HikariDataSource - HikariPool-1 - Shutdown initiated...
2026-01-10 20:26:44 [Thread-6] INFO  com.zaxxer.hikari.HikariDataSource - HikariPool-1 - Shutdown completed.
2026-01-10 20:26:44 [restartedMain] INFO  c.app.bank.web.ZplusbankApplication - Starting ZplusbankApplication using Java 17.0.10 with PID 27944 (C:\Users\91790\Documents\workspace-spring-tools-for-eclipse-5.0.0.RELEASE\zplusbank\target\classes started by 91790 in C:\Users\91790\Documents\workspace-spring-tools-for-eclipse-5.0.0.RELEASE\zplusbank)
2026-01-10 20:26:44 [restartedMain] INFO  c.app.bank.web.ZplusbankApplication - No active profile set, falling back to 1 default profile: "default"
2026-01-10 20:26:45 [restartedMain] INFO  o.s.d.r.c.RepositoryConfigurationDelegate - Bootstrapping Spring Data JPA repositories in DEFAULT mode.
2026-01-10 20:26:45 [restartedMain] INFO  o.s.d.r.c.RepositoryConfigurationDelegate - Finished Spring Data repository scanning in 31 ms. Found 5 JPA repository interfaces.
2026-01-10 20:26:45 [restartedMain] INFO  o.s.b.w.e.tomcat.TomcatWebServer - Tomcat initialized with port 8989 (http)
2026-01-10 20:26:45 [restartedMain] INFO  o.a.coyote.http11.Http11NioProtocol - Initializing ProtocolHandler ["http-nio-8989"]
2026-01-10 20:26:45 [restartedMain] INFO  o.a.catalina.core.StandardService - Starting service [Tomcat]
2026-01-10 20:26:45 [restartedMain] INFO  o.a.catalina.core.StandardEngine - Starting Servlet engine: [Apache Tomcat/10.1.50]
2026-01-10 20:26:45 [restartedMain] INFO  o.a.c.c.C.[Tomcat].[localhost].[/] - Initializing Spring embedded WebApplicationContext
2026-01-10 20:26:45 [restartedMain] INFO  o.s.b.w.s.c.ServletWebServerApplicationContext - Root WebApplicationContext: initialization completed in 624 ms
2026-01-10 20:26:45 [restartedMain] INFO  o.h.jpa.internal.util.LogHelper - HHH000204: Processing PersistenceUnitInfo [name: default]
2026-01-10 20:26:45 [restartedMain] INFO  o.h.c.i.RegionFactoryInitiator - HHH000026: Second-level cache disabled
2026-01-10 20:26:45 [restartedMain] INFO  o.s.o.j.p.SpringPersistenceUnitInfo - No LoadTimeWeaver setup: ignoring JPA class transformer
2026-01-10 20:26:45 [restartedMain] INFO  com.zaxxer.hikari.HikariDataSource - HikariPool-2 - Starting...
2026-01-10 20:26:45 [restartedMain] INFO  com.zaxxer.hikari.pool.HikariPool - HikariPool-2 - Added connection com.mysql.cj.jdbc.ConnectionImpl@e11f7f
2026-01-10 20:26:45 [restartedMain] INFO  com.zaxxer.hikari.HikariDataSource - HikariPool-2 - Start completed.
2026-01-10 20:26:45 [restartedMain] WARN  org.hibernate.orm.deprecation - HHH90000025: MySQL8Dialect does not need to be specified explicitly using 'hibernate.dialect' (remove the property setting and it will be selected by default)
2026-01-10 20:26:45 [restartedMain] WARN  org.hibernate.orm.deprecation - HHH90000026: MySQL8Dialect has been deprecated; use org.hibernate.dialect.MySQLDialect instead
2026-01-10 20:26:45 [restartedMain] INFO  o.hibernate.orm.connections.pooling - HHH10001005: Database info:
	Database JDBC URL [Connecting through datasource 'HikariDataSource (HikariPool-2)']
	Database driver: undefined/unknown
	Database version: 8.0
	Autocommit mode: undefined/unknown
	Isolation level: undefined/unknown
	Minimum pool size: undefined/unknown
	Maximum pool size: undefined/unknown
2026-01-10 20:26:45 [restartedMain] INFO  o.h.e.t.j.p.i.JtaPlatformInitiator - HHH000489: No JTA platform available (set 'hibernate.transaction.jta.platform' to enable JTA platform integration)
2026-01-10 20:26:45 [restartedMain] DEBUG org.hibernate.SQL - 
    alter table loan_repayments 
       modify column status enum ('ADVANCED_PAID','DEFAULTED','OVERDUE','PAID','PARTIALLY_PAID','PENDING','WAIVED_OFF') not null
2026-01-10 20:26:45 [restartedMain] INFO  o.s.o.j.LocalContainerEntityManagerFactoryBean - Initialized JPA EntityManagerFactory for persistence unit 'default'
2026-01-10 20:26:45 [restartedMain] DEBUG o.h.s.internal.StatisticsInitiator - Statistics initialized [enabled=false]
2026-01-10 20:26:46 [restartedMain] INFO  o.s.s.c.a.a.c.InitializeAuthenticationProviderBeanManagerConfigurer$InitializeAuthenticationProviderManagerConfigurer - Global AuthenticationManager configured with AuthenticationProvider bean with name authenticationProvider
2026-01-10 20:26:46 [restartedMain] WARN  o.s.s.c.a.a.c.InitializeUserDetailsBeanManagerConfigurer$InitializeUserDetailsManagerConfigurer - Global AuthenticationManager configured with an AuthenticationProvider bean. UserDetailsService beans will not be used by Spring Security for automatically configuring username/password login. Consider removing the AuthenticationProvider bean. Alternatively, consider using the UserDetailsService in a manually instantiated DaoAuthenticationProvider. If the current configuration is intentional, to turn off this warning, increase the logging level of 'org.springframework.security.config.annotation.authentication.configuration.InitializeUserDetailsBeanManagerConfigurer' to ERROR
2026-01-10 20:26:46 [restartedMain] DEBUG o.s.w.s.m.m.a.RequestMappingHandlerMapping - 20 mappings in 'requestMappingHandlerMapping'
2026-01-10 20:26:46 [restartedMain] DEBUG o.s.w.s.h.SimpleUrlHandlerMapping - Patterns [/webjars/**, /**] in 'resourceHandlerMapping'
2026-01-10 20:26:46 [restartedMain] DEBUG o.s.s.web.DefaultSecurityFilterChain - Will secure any request with filters: DisableEncodeUrlFilter, WebAsyncManagerIntegrationFilter, SecurityContextHolderFilter, HeaderWriterFilter, CorsFilter, LogoutFilter, JwtAuthenticationFilter, RequestCacheAwareFilter, SecurityContextHolderAwareRequestFilter, AnonymousAuthenticationFilter, SessionManagementFilter, ExceptionTranslationFilter, AuthorizationFilter
2026-01-10 20:26:46 [restartedMain] DEBUG o.s.w.s.m.m.a.RequestMappingHandlerAdapter - ControllerAdvice beans: 0 @ModelAttribute, 0 @InitBinder, 1 RequestBodyAdvice, 1 ResponseBodyAdvice
2026-01-10 20:26:46 [restartedMain] WARN  o.s.b.a.t.ThymeleafAutoConfiguration$DefaultTemplateResolverConfiguration - Cannot find template location: classpath:/templates/emails/ (please add some templates, check your Thymeleaf configuration, or set spring.thymeleaf.check-template-location=false)
2026-01-10 20:26:46 [restartedMain] DEBUG o.s.w.s.m.m.a.ExceptionHandlerExceptionResolver - ControllerAdvice beans: 0 @ExceptionHandler, 1 ResponseBodyAdvice
2026-01-10 20:26:46 [restartedMain] INFO  o.s.b.d.a.OptionalLiveReloadServer - LiveReload server is running on port 35729
2026-01-10 20:26:46 [restartedMain] INFO  o.a.coyote.http11.Http11NioProtocol - Starting ProtocolHandler ["http-nio-8989"]
2026-01-10 20:26:46 [restartedMain] INFO  o.s.b.w.e.tomcat.TomcatWebServer - Tomcat started on port 8989 (http) with context path '/'
2026-01-10 20:26:46 [restartedMain] INFO  c.app.bank.web.ZplusbankApplication - Started ZplusbankApplication in 1.914 seconds (process running for 4854.804)
2026-01-10 20:26:46 [restartedMain] INFO  o.s.b.d.a.ConditionEvaluationDeltaLoggingListener - Condition evaluation unchanged
2026-01-10 20:26:52 [http-nio-8989-exec-3] INFO  o.a.c.c.C.[Tomcat].[localhost].[/] - Initializing Spring DispatcherServlet 'dispatcherServlet'
2026-01-10 20:26:52 [http-nio-8989-exec-3] INFO  o.s.web.servlet.DispatcherServlet - Initializing Servlet 'dispatcherServlet'
2026-01-10 20:26:52 [http-nio-8989-exec-3] DEBUG o.s.web.servlet.DispatcherServlet - Detected StandardServletMultipartResolver
2026-01-10 20:26:52 [http-nio-8989-exec-3] DEBUG o.s.web.servlet.DispatcherServlet - Detected AcceptHeaderLocaleResolver
2026-01-10 20:26:52 [http-nio-8989-exec-3] DEBUG o.s.web.servlet.DispatcherServlet - Detected FixedThemeResolver
2026-01-10 20:26:52 [http-nio-8989-exec-3] DEBUG o.s.web.servlet.DispatcherServlet - Detected org.springframework.web.servlet.view.DefaultRequestToViewNameTranslator@116d3ab3
2026-01-10 20:26:52 [http-nio-8989-exec-3] DEBUG o.s.web.servlet.DispatcherServlet - Detected org.springframework.web.servlet.support.SessionFlashMapManager@5bc207f1
2026-01-10 20:26:52 [http-nio-8989-exec-3] DEBUG o.s.web.servlet.DispatcherServlet - enableLoggingRequestDetails='false': request parameters and headers will be masked to prevent unsafe logging of potentially sensitive data
2026-01-10 20:26:52 [http-nio-8989-exec-3] INFO  o.s.web.servlet.DispatcherServlet - Completed initialization in 1 ms
2026-01-10 20:26:52 [http-nio-8989-exec-3] DEBUG o.s.security.web.FilterChainProxy - Securing POST /api/v1/auth/apply-loan
2026-01-10 20:26:52 [http-nio-8989-exec-3] DEBUG org.hibernate.SQL - 
    select
        u1_0.id,
        u1_0.aadhar_number,
        u1_0.address,
        u1_0.created_at,
        u1_0.email,
        u1_0.failed_login_attempts,
        u1_0.first_name,
        u1_0.last_login_at,
        u1_0.last_name,
        u1_0.monthly_income,
        u1_0.pan_number,
        u1_0.password,
        u1_0.phone,
        u1_0.role,
        u1_0.status,
        u1_0.username 
    from
        users u1_0 
    where
        u1_0.username=?
2026-01-10 20:26:52 [http-nio-8989-exec-3] DEBUG o.s.security.web.FilterChainProxy - Secured POST /api/v1/auth/apply-loan
2026-01-10 20:26:52 [http-nio-8989-exec-3] DEBUG o.s.web.servlet.DispatcherServlet - POST "/api/v1/auth/apply-loan", parameters={}
2026-01-10 20:26:52 [http-nio-8989-exec-3] DEBUG o.s.w.s.m.m.a.RequestMappingHandlerMapping - Mapped to com.app.bank.web.controller.LoanController#applyForLoan(LoanRequest, Authentication)
2026-01-10 20:26:52 [http-nio-8989-exec-3] DEBUG o.s.w.s.m.m.a.RequestResponseBodyMethodProcessor - Read "application/json;charset=UTF-8" to [com.app.bank.web.dto.LoanRequest@56a61f51]
2026-01-10 20:26:53 [http-nio-8989-exec-3] DEBUG org.hibernate.SQL - 
    select
        u1_0.id,
        u1_0.aadhar_number,
        u1_0.address,
        u1_0.created_at,
        u1_0.email,
        u1_0.failed_login_attempts,
        u1_0.first_name,
        u1_0.last_login_at,
        u1_0.last_name,
        u1_0.monthly_income,
        u1_0.pan_number,
        u1_0.password,
        u1_0.phone,
        u1_0.role,
        u1_0.status,
        u1_0.username 
    from
        users u1_0 
    where
        u1_0.username=?
2026-01-10 20:26:53 [http-nio-8989-exec-3] DEBUG org.hibernate.SQL - 
    select
        a1_0.id,
        a1_0.account_number,
        a1_0.account_type,
        a1_0.balance,
        a1_0.created_at,
        a1_0.interest_rate,
        a1_0.last_transaction_at,
        a1_0.minimum_balance,
        a1_0.status,
        a1_0.user_id 
    from
        accounts a1_0 
    where
        a1_0.account_number=?
2026-01-10 20:26:53 [http-nio-8989-exec-3] DEBUG org.hibernate.SQL - 
    select
        count(l1_0.id) 
    from
        loans l1_0 
    left join
        users u1_0 
            on u1_0.id=l1_0.user_id 
    where
        u1_0.id=? 
        and l1_0.status=?
2026-01-10 20:26:53 [http-nio-8989-exec-3] DEBUG org.hibernate.SQL - 
    insert 
    into
        loans
        (applied_date, approved_by, approved_date, disbursement_date, emi_amount, interest_rate, account_id, loan_account_number, loan_type, maturity_date, principal_amount, status, tenure_months, total_amount, user_id) 
    values
        (?, ?, ?, ?, ?, ?, ?, ?, ?, ?, ?, ?, ?, ?, ?)
2026-01-10 20:26:53 [http-nio-8989-exec-3] DEBUG o.s.w.s.m.m.a.HttpEntityMethodProcessor - Using 'application/json', given [*/*] and supported [application/json, application/*+json]
2026-01-10 20:26:53 [http-nio-8989-exec-3] DEBUG o.s.w.s.m.m.a.HttpEntityMethodProcessor - Writing [com.app.bank.web.dto.LoanResponse@78a79532]
2026-01-10 20:26:53 [http-nio-8989-exec-3] DEBUG o.s.web.servlet.DispatcherServlet - Completed 200 OK
2026-01-10 20:29:12 [http-nio-8989-exec-4] DEBUG o.s.security.web.FilterChainProxy - Securing POST /api/v1/auth/1/approve-loan
2026-01-10 20:29:12 [http-nio-8989-exec-4] DEBUG o.s.s.w.a.AnonymousAuthenticationFilter - Set SecurityContextHolder to anonymous SecurityContext
2026-01-10 20:29:12 [http-nio-8989-exec-4] ERROR c.a.b.w.c.JwtAuthenticationEntryPoint - Unothorized error: Full authentication is required to access this resource
2026-01-10 20:29:12 [http-nio-8989-exec-4] ERROR c.a.b.w.c.JwtAuthenticationEntryPoint - Request URI: /api/v1/auth/1/approve-loan
2026-01-10 20:30:03 [http-nio-8989-exec-6] DEBUG o.s.security.web.FilterChainProxy - Securing POST /api/v1/auth/1/approve-loan
2026-01-10 20:30:03 [http-nio-8989-exec-6] DEBUG org.hibernate.SQL - 
    select
        u1_0.id,
        u1_0.aadhar_number,
        u1_0.address,
        u1_0.created_at,
        u1_0.email,
        u1_0.failed_login_attempts,
        u1_0.first_name,
        u1_0.last_login_at,
        u1_0.last_name,
        u1_0.monthly_income,
        u1_0.pan_number,
        u1_0.password,
        u1_0.phone,
        u1_0.role,
        u1_0.status,
        u1_0.username 
    from
        users u1_0 
    where
        u1_0.username=?
2026-01-10 20:30:03 [http-nio-8989-exec-6] DEBUG o.s.security.web.FilterChainProxy - Secured POST /api/v1/auth/1/approve-loan
2026-01-10 20:30:03 [http-nio-8989-exec-6] DEBUG o.s.web.servlet.DispatcherServlet - POST "/api/v1/auth/1/approve-loan", parameters={}
2026-01-10 20:30:03 [http-nio-8989-exec-6] DEBUG o.s.w.s.m.m.a.RequestMappingHandlerMapping - Mapped to com.app.bank.web.controller.LoanController#approveLoan(Long, Authentication)
2026-01-10 20:30:03 [http-nio-8989-exec-6] DEBUG org.hibernate.SQL - 
    select
        l1_0.id,
        l1_0.applied_date,
        l1_0.approved_by,
        l1_0.approved_date,
        l1_0.disbursement_date,
        l1_0.emi_amount,
        l1_0.interest_rate,
        l1_0.account_id,
        la1_0.id,
        la1_0.account_number,
        la1_0.account_type,
        la1_0.balance,
        la1_0.created_at,
        la1_0.interest_rate,
        la1_0.last_transaction_at,
        la1_0.minimum_balance,
        la1_0.status,
        la1_0.user_id,
        u1_0.id,
        u1_0.aadhar_number,
        u1_0.address,
        u1_0.created_at,
        u1_0.email,
        u1_0.failed_login_attempts,
        u1_0.first_name,
        u1_0.last_login_at,
        u1_0.last_name,
        u1_0.monthly_income,
        u1_0.pan_number,
        u1_0.password,
        u1_0.phone,
        u1_0.role,
        u1_0.status,
        u1_0.username,
        l1_0.loan_account_number,
        l1_0.loan_type,
        l1_0.maturity_date,
        l1_0.principal_amount,
        l1_0.status,
        l1_0.tenure_months,
        l1_0.total_amount,
        l1_0.user_id,
        u2_0.id,
        u2_0.aadhar_number,
        u2_0.address,
        u2_0.created_at,
        u2_0.email,
        u2_0.failed_login_attempts,
        u2_0.first_name,
        u2_0.last_login_at,
        u2_0.last_name,
        u2_0.monthly_income,
        u2_0.pan_number,
        u2_0.password,
        u2_0.phone,
        u2_0.role,
        u2_0.status,
        u2_0.username 
    from
        loans l1_0 
    join
        accounts la1_0 
            on la1_0.id=l1_0.account_id 
    join
        users u1_0 
            on u1_0.id=la1_0.user_id 
    join
        users u2_0 
            on u2_0.id=l1_0.user_id 
    where
        l1_0.id=?
2026-01-10 20:30:03 [http-nio-8989-exec-6] DEBUG org.hibernate.SQL - 
    update
        accounts 
    set
        account_number=?,
        account_type=?,
        balance=?,
        created_at=?,
        interest_rate=?,
        last_transaction_at=?,
        minimum_balance=?,
        status=?,
        user_id=? 
    where
        id=?
2026-01-10 20:30:03 [http-nio-8989-exec-6] DEBUG org.hibernate.SQL - 
    update
        loans 
    set
        applied_date=?,
        approved_by=?,
        approved_date=?,
        disbursement_date=?,
        emi_amount=?,
        interest_rate=?,
        account_id=?,
        loan_account_number=?,
        loan_type=?,
        maturity_date=?,
        principal_amount=?,
        status=?,
        tenure_months=?,
        total_amount=?,
        user_id=? 
    where
        id=?
2026-01-10 20:30:03 [http-nio-8989-exec-6] DEBUG o.s.w.s.m.m.a.HttpEntityMethodProcessor - Using 'application/json', given [*/*] and supported [application/json, application/*+json]
2026-01-10 20:30:03 [http-nio-8989-exec-6] DEBUG o.s.w.s.m.m.a.HttpEntityMethodProcessor - Writing [com.app.bank.web.dto.LoanResponse@599b7714]
2026-01-10 20:30:03 [http-nio-8989-exec-6] DEBUG o.s.web.servlet.DispatcherServlet - Completed 200 OK
2026-01-10 20:40:01 [http-nio-8989-exec-8] DEBUG o.s.security.web.FilterChainProxy - Securing GET /api/v1/auth/my-loans
2026-01-10 20:40:01 [http-nio-8989-exec-8] DEBUG o.s.s.w.a.AnonymousAuthenticationFilter - Set SecurityContextHolder to anonymous SecurityContext
2026-01-10 20:40:01 [http-nio-8989-exec-8] ERROR c.a.b.w.c.JwtAuthenticationEntryPoint - Unothorized error: Full authentication is required to access this resource
2026-01-10 20:40:01 [http-nio-8989-exec-8] ERROR c.a.b.w.c.JwtAuthenticationEntryPoint - Request URI: /api/v1/auth/my-loans
2026-01-10 20:40:17 [http-nio-8989-exec-10] DEBUG o.s.security.web.FilterChainProxy - Securing GET /api/v1/auth/my-loans
2026-01-10 20:40:17 [http-nio-8989-exec-10] DEBUG org.hibernate.SQL - 
    select
        u1_0.id,
        u1_0.aadhar_number,
        u1_0.address,
        u1_0.created_at,
        u1_0.email,
        u1_0.failed_login_attempts,
        u1_0.first_name,
        u1_0.last_login_at,
        u1_0.last_name,
        u1_0.monthly_income,
        u1_0.pan_number,
        u1_0.password,
        u1_0.phone,
        u1_0.role,
        u1_0.status,
        u1_0.username 
    from
        users u1_0 
    where
        u1_0.username=?
2026-01-10 20:40:17 [http-nio-8989-exec-10] DEBUG o.s.security.web.FilterChainProxy - Secured GET /api/v1/auth/my-loans
2026-01-10 20:40:17 [http-nio-8989-exec-10] DEBUG o.s.web.servlet.DispatcherServlet - GET "/api/v1/auth/my-loans", parameters={}
2026-01-10 20:40:17 [http-nio-8989-exec-10] DEBUG o.s.w.s.m.m.a.RequestMappingHandlerMapping - Mapped to com.app.bank.web.controller.LoanController#getMyLoans(Authentication)
2026-01-10 20:40:17 [http-nio-8989-exec-10] DEBUG org.hibernate.SQL - 
    select
        u1_0.id,
        u1_0.aadhar_number,
        u1_0.address,
        u1_0.created_at,
        u1_0.email,
        u1_0.failed_login_attempts,
        u1_0.first_name,
        u1_0.last_login_at,
        u1_0.last_name,
        u1_0.monthly_income,
        u1_0.pan_number,
        u1_0.password,
        u1_0.phone,
        u1_0.role,
        u1_0.status,
        u1_0.username 
    from
        users u1_0 
    where
        u1_0.username=?
2026-01-10 20:40:17 [http-nio-8989-exec-10] DEBUG org.hibernate.SQL - 
    select
        l1_0.id,
        l1_0.applied_date,
        l1_0.approved_by,
        l1_0.approved_date,
        l1_0.disbursement_date,
        l1_0.emi_amount,
        l1_0.interest_rate,
        l1_0.account_id,
        l1_0.loan_account_number,
        l1_0.loan_type,
        l1_0.maturity_date,
        l1_0.principal_amount,
        l1_0.status,
        l1_0.tenure_months,
        l1_0.total_amount,
        l1_0.user_id 
    from
        loans l1_0 
    left join
        users u1_0 
            on u1_0.id=l1_0.user_id 
    where
        u1_0.id=?
2026-01-10 20:40:17 [http-nio-8989-exec-10] DEBUG org.hibernate.SQL - 
    select
        a1_0.id,
        a1_0.account_number,
        a1_0.account_type,
        a1_0.balance,
        a1_0.created_at,
        a1_0.interest_rate,
        a1_0.last_transaction_at,
        a1_0.minimum_balance,
        a1_0.status,
        a1_0.user_id,
        u1_0.id,
        u1_0.aadhar_number,
        u1_0.address,
        u1_0.created_at,
        u1_0.email,
        u1_0.failed_login_attempts,
        u1_0.first_name,
        u1_0.last_login_at,
        u1_0.last_name,
        u1_0.monthly_income,
        u1_0.pan_number,
        u1_0.password,
        u1_0.phone,
        u1_0.role,
        u1_0.status,
        u1_0.username 
    from
        accounts a1_0 
    join
        users u1_0 
            on u1_0.id=a1_0.user_id 
    where
        a1_0.id=?
2026-01-10 20:40:17 [http-nio-8989-exec-10] DEBUG o.s.w.s.m.m.a.HttpEntityMethodProcessor - Using 'application/json', given [*/*] and supported [application/json, application/*+json]
2026-01-10 20:40:17 [http-nio-8989-exec-10] DEBUG o.s.w.s.m.m.a.HttpEntityMethodProcessor - Writing [[com.app.bank.web.dto.LoanResponse@4d3e36b9]]
2026-01-10 20:40:17 [http-nio-8989-exec-10] DEBUG o.s.web.servlet.DispatcherServlet - Completed 200 OK
2026-01-10 20:41:04 [http-nio-8989-exec-2] DEBUG o.s.security.web.FilterChainProxy - Securing POST /api/v1/auth/apply-loan
2026-01-10 20:41:04 [http-nio-8989-exec-2] DEBUG org.hibernate.SQL - 
    select
        u1_0.id,
        u1_0.aadhar_number,
        u1_0.address,
        u1_0.created_at,
        u1_0.email,
        u1_0.failed_login_attempts,
        u1_0.first_name,
        u1_0.last_login_at,
        u1_0.last_name,
        u1_0.monthly_income,
        u1_0.pan_number,
        u1_0.password,
        u1_0.phone,
        u1_0.role,
        u1_0.status,
        u1_0.username 
    from
        users u1_0 
    where
        u1_0.username=?
2026-01-10 20:41:04 [http-nio-8989-exec-2] DEBUG o.s.security.web.FilterChainProxy - Secured POST /api/v1/auth/apply-loan
2026-01-10 20:41:04 [http-nio-8989-exec-2] DEBUG o.s.web.servlet.DispatcherServlet - POST "/api/v1/auth/apply-loan", parameters={}
2026-01-10 20:41:04 [http-nio-8989-exec-2] DEBUG o.s.w.s.m.m.a.RequestMappingHandlerMapping - Mapped to com.app.bank.web.controller.LoanController#applyForLoan(LoanRequest, Authentication)
2026-01-10 20:41:04 [http-nio-8989-exec-2] DEBUG o.s.w.s.m.m.a.RequestResponseBodyMethodProcessor - Read "application/json;charset=UTF-8" to [com.app.bank.web.dto.LoanRequest@1138b9fd]
2026-01-10 20:41:04 [http-nio-8989-exec-2] DEBUG org.hibernate.SQL - 
    select
        u1_0.id,
        u1_0.aadhar_number,
        u1_0.address,
        u1_0.created_at,
        u1_0.email,
        u1_0.failed_login_attempts,
        u1_0.first_name,
        u1_0.last_login_at,
        u1_0.last_name,
        u1_0.monthly_income,
        u1_0.pan_number,
        u1_0.password,
        u1_0.phone,
        u1_0.role,
        u1_0.status,
        u1_0.username 
    from
        users u1_0 
    where
        u1_0.username=?
2026-01-10 20:41:04 [http-nio-8989-exec-2] DEBUG org.hibernate.SQL - 
    select
        a1_0.id,
        a1_0.account_number,
        a1_0.account_type,
        a1_0.balance,
        a1_0.created_at,
        a1_0.interest_rate,
        a1_0.last_transaction_at,
        a1_0.minimum_balance,
        a1_0.status,
        a1_0.user_id 
    from
        accounts a1_0 
    where
        a1_0.account_number=?
2026-01-10 20:41:04 [http-nio-8989-exec-2] DEBUG org.hibernate.SQL - 
    select
        count(l1_0.id) 
    from
        loans l1_0 
    left join
        users u1_0 
            on u1_0.id=l1_0.user_id 
    where
        u1_0.id=? 
        and l1_0.status=?
2026-01-10 20:41:04 [http-nio-8989-exec-2] DEBUG org.hibernate.SQL - 
    insert 
    into
        loans
        (applied_date, approved_by, approved_date, disbursement_date, emi_amount, interest_rate, account_id, loan_account_number, loan_type, maturity_date, principal_amount, status, tenure_months, total_amount, user_id) 
    values
        (?, ?, ?, ?, ?, ?, ?, ?, ?, ?, ?, ?, ?, ?, ?)
2026-01-10 20:41:04 [http-nio-8989-exec-2] DEBUG o.s.w.s.m.m.a.HttpEntityMethodProcessor - Using 'application/json', given [*/*] and supported [application/json, application/*+json]
2026-01-10 20:41:04 [http-nio-8989-exec-2] DEBUG o.s.w.s.m.m.a.HttpEntityMethodProcessor - Writing [com.app.bank.web.dto.LoanResponse@7c46dffc]
2026-01-10 20:41:04 [http-nio-8989-exec-2] DEBUG o.s.web.servlet.DispatcherServlet - Completed 200 OK
2026-01-10 20:44:24 [File Watcher] INFO  o.s.b.d.a.LocalDevToolsAutoConfiguration$RestartingClassPathChangeChangedEventListener - Restarting due to 1 class path change (0 additions, 0 deletions, 1 modification)
2026-01-10 20:44:24 [Thread-8] INFO  o.s.b.w.e.tomcat.GracefulShutdown - Commencing graceful shutdown. Waiting for active requests to complete
2026-01-10 20:44:24 [tomcat-shutdown] INFO  o.a.coyote.http11.Http11NioProtocol - Pausing ProtocolHandler ["http-nio-8989"]
2026-01-10 20:44:24 [tomcat-shutdown] INFO  o.s.b.w.e.tomcat.GracefulShutdown - Graceful shutdown complete
2026-01-10 20:44:24 [Thread-8] INFO  o.a.coyote.http11.Http11NioProtocol - Stopping ProtocolHandler ["http-nio-8989"]
2026-01-10 20:44:24 [Thread-8] INFO  o.s.o.j.LocalContainerEntityManagerFactoryBean - Closing JPA EntityManagerFactory for persistence unit 'default'
2026-01-10 20:44:24 [Thread-8] INFO  com.zaxxer.hikari.HikariDataSource - HikariPool-2 - Shutdown initiated...
2026-01-10 20:44:24 [Thread-8] INFO  com.zaxxer.hikari.HikariDataSource - HikariPool-2 - Shutdown completed.
2026-01-10 20:44:25 [restartedMain] INFO  c.app.bank.web.ZplusbankApplication - Starting ZplusbankApplication using Java 17.0.10 with PID 27944 (C:\Users\91790\Documents\workspace-spring-tools-for-eclipse-5.0.0.RELEASE\zplusbank\target\classes started by 91790 in C:\Users\91790\Documents\workspace-spring-tools-for-eclipse-5.0.0.RELEASE\zplusbank)
2026-01-10 20:44:25 [restartedMain] INFO  c.app.bank.web.ZplusbankApplication - No active profile set, falling back to 1 default profile: "default"
2026-01-10 20:44:25 [restartedMain] INFO  o.s.d.r.c.RepositoryConfigurationDelegate - Bootstrapping Spring Data JPA repositories in DEFAULT mode.
2026-01-10 20:44:25 [restartedMain] INFO  o.s.d.r.c.RepositoryConfigurationDelegate - Finished Spring Data repository scanning in 32 ms. Found 5 JPA repository interfaces.
2026-01-10 20:44:25 [restartedMain] INFO  o.s.b.w.e.tomcat.TomcatWebServer - Tomcat initialized with port 8989 (http)
2026-01-10 20:44:25 [restartedMain] INFO  o.a.coyote.http11.Http11NioProtocol - Initializing ProtocolHandler ["http-nio-8989"]
2026-01-10 20:44:25 [restartedMain] INFO  o.a.catalina.core.StandardService - Starting service [Tomcat]
2026-01-10 20:44:25 [restartedMain] INFO  o.a.catalina.core.StandardEngine - Starting Servlet engine: [Apache Tomcat/10.1.50]
2026-01-10 20:44:25 [restartedMain] INFO  o.a.c.c.C.[Tomcat].[localhost].[/] - Initializing Spring embedded WebApplicationContext
2026-01-10 20:44:25 [restartedMain] INFO  o.s.b.w.s.c.ServletWebServerApplicationContext - Root WebApplicationContext: initialization completed in 389 ms
2026-01-10 20:44:25 [restartedMain] INFO  o.h.jpa.internal.util.LogHelper - HHH000204: Processing PersistenceUnitInfo [name: default]
2026-01-10 20:44:25 [restartedMain] INFO  o.h.c.i.RegionFactoryInitiator - HHH000026: Second-level cache disabled
2026-01-10 20:44:25 [restartedMain] INFO  o.s.o.j.p.SpringPersistenceUnitInfo - No LoadTimeWeaver setup: ignoring JPA class transformer
2026-01-10 20:44:25 [restartedMain] INFO  com.zaxxer.hikari.HikariDataSource - HikariPool-3 - Starting...
2026-01-10 20:44:25 [restartedMain] INFO  com.zaxxer.hikari.pool.HikariPool - HikariPool-3 - Added connection com.mysql.cj.jdbc.ConnectionImpl@77d5399b
2026-01-10 20:44:25 [restartedMain] INFO  com.zaxxer.hikari.HikariDataSource - HikariPool-3 - Start completed.
2026-01-10 20:44:25 [restartedMain] WARN  org.hibernate.orm.deprecation - HHH90000025: MySQL8Dialect does not need to be specified explicitly using 'hibernate.dialect' (remove the property setting and it will be selected by default)
2026-01-10 20:44:25 [restartedMain] WARN  org.hibernate.orm.deprecation - HHH90000026: MySQL8Dialect has been deprecated; use org.hibernate.dialect.MySQLDialect instead
2026-01-10 20:44:25 [restartedMain] INFO  o.hibernate.orm.connections.pooling - HHH10001005: Database info:
	Database JDBC URL [Connecting through datasource 'HikariDataSource (HikariPool-3)']
	Database driver: undefined/unknown
	Database version: 8.0
	Autocommit mode: undefined/unknown
	Isolation level: undefined/unknown
	Minimum pool size: undefined/unknown
	Maximum pool size: undefined/unknown
2026-01-10 20:44:25 [restartedMain] INFO  o.h.e.t.j.p.i.JtaPlatformInitiator - HHH000489: No JTA platform available (set 'hibernate.transaction.jta.platform' to enable JTA platform integration)
2026-01-10 20:44:25 [restartedMain] DEBUG org.hibernate.SQL - 
    alter table loan_repayments 
       modify column status enum ('ADVANCED_PAID','DEFAULTED','OVERDUE','PAID','PARTIALLY_PAID','PENDING','WAIVED_OFF') not null
2026-01-10 20:44:25 [restartedMain] INFO  o.s.o.j.LocalContainerEntityManagerFactoryBean - Initialized JPA EntityManagerFactory for persistence unit 'default'
2026-01-10 20:44:25 [restartedMain] DEBUG o.h.s.internal.StatisticsInitiator - Statistics initialized [enabled=false]
2026-01-10 20:44:25 [restartedMain] INFO  o.s.s.c.a.a.c.InitializeAuthenticationProviderBeanManagerConfigurer$InitializeAuthenticationProviderManagerConfigurer - Global AuthenticationManager configured with AuthenticationProvider bean with name authenticationProvider
2026-01-10 20:44:25 [restartedMain] WARN  o.s.s.c.a.a.c.InitializeUserDetailsBeanManagerConfigurer$InitializeUserDetailsManagerConfigurer - Global AuthenticationManager configured with an AuthenticationProvider bean. UserDetailsService beans will not be used by Spring Security for automatically configuring username/password login. Consider removing the AuthenticationProvider bean. Alternatively, consider using the UserDetailsService in a manually instantiated DaoAuthenticationProvider. If the current configuration is intentional, to turn off this warning, increase the logging level of 'org.springframework.security.config.annotation.authentication.configuration.InitializeUserDetailsBeanManagerConfigurer' to ERROR
2026-01-10 20:44:25 [restartedMain] DEBUG o.s.w.s.m.m.a.RequestMappingHandlerMapping - 20 mappings in 'requestMappingHandlerMapping'
2026-01-10 20:44:25 [restartedMain] DEBUG o.s.w.s.h.SimpleUrlHandlerMapping - Patterns [/webjars/**, /**] in 'resourceHandlerMapping'
2026-01-10 20:44:25 [restartedMain] DEBUG o.s.s.web.DefaultSecurityFilterChain - Will secure any request with filters: DisableEncodeUrlFilter, WebAsyncManagerIntegrationFilter, SecurityContextHolderFilter, HeaderWriterFilter, CorsFilter, LogoutFilter, JwtAuthenticationFilter, RequestCacheAwareFilter, SecurityContextHolderAwareRequestFilter, AnonymousAuthenticationFilter, SessionManagementFilter, ExceptionTranslationFilter, AuthorizationFilter
2026-01-10 20:44:26 [restartedMain] DEBUG o.s.w.s.m.m.a.RequestMappingHandlerAdapter - ControllerAdvice beans: 0 @ModelAttribute, 0 @InitBinder, 1 RequestBodyAdvice, 1 ResponseBodyAdvice
2026-01-10 20:44:26 [restartedMain] WARN  o.s.b.a.t.ThymeleafAutoConfiguration$DefaultTemplateResolverConfiguration - Cannot find template location: classpath:/templates/emails/ (please add some templates, check your Thymeleaf configuration, or set spring.thymeleaf.check-template-location=false)
2026-01-10 20:44:26 [restartedMain] DEBUG o.s.w.s.m.m.a.ExceptionHandlerExceptionResolver - ControllerAdvice beans: 0 @ExceptionHandler, 1 ResponseBodyAdvice
2026-01-10 20:44:26 [restartedMain] INFO  o.s.b.d.a.OptionalLiveReloadServer - LiveReload server is running on port 35729
2026-01-10 20:44:26 [restartedMain] INFO  o.a.coyote.http11.Http11NioProtocol - Starting ProtocolHandler ["http-nio-8989"]
2026-01-10 20:44:26 [restartedMain] INFO  o.s.b.w.e.tomcat.TomcatWebServer - Tomcat started on port 8989 (http) with context path '/'
2026-01-10 20:44:26 [restartedMain] INFO  c.app.bank.web.ZplusbankApplication - Started ZplusbankApplication in 1.178 seconds (process running for 5914.297)
2026-01-10 20:44:26 [restartedMain] INFO  o.s.b.d.a.ConditionEvaluationDeltaLoggingListener - Condition evaluation unchanged
2026-01-10 20:44:33 [http-nio-8989-exec-2] INFO  o.a.c.c.C.[Tomcat].[localhost].[/] - Initializing Spring DispatcherServlet 'dispatcherServlet'
2026-01-10 20:44:33 [http-nio-8989-exec-2] INFO  o.s.web.servlet.DispatcherServlet - Initializing Servlet 'dispatcherServlet'
2026-01-10 20:44:33 [http-nio-8989-exec-2] DEBUG o.s.web.servlet.DispatcherServlet - Detected StandardServletMultipartResolver
2026-01-10 20:44:33 [http-nio-8989-exec-2] DEBUG o.s.web.servlet.DispatcherServlet - Detected AcceptHeaderLocaleResolver
2026-01-10 20:44:33 [http-nio-8989-exec-2] DEBUG o.s.web.servlet.DispatcherServlet - Detected FixedThemeResolver
2026-01-10 20:44:33 [http-nio-8989-exec-2] DEBUG o.s.web.servlet.DispatcherServlet - Detected org.springframework.web.servlet.view.DefaultRequestToViewNameTranslator@5ce2854f
2026-01-10 20:44:33 [http-nio-8989-exec-2] DEBUG o.s.web.servlet.DispatcherServlet - Detected org.springframework.web.servlet.support.SessionFlashMapManager@4daf6d63
2026-01-10 20:44:33 [http-nio-8989-exec-2] DEBUG o.s.web.servlet.DispatcherServlet - enableLoggingRequestDetails='false': request parameters and headers will be masked to prevent unsafe logging of potentially sensitive data
2026-01-10 20:44:33 [http-nio-8989-exec-2] INFO  o.s.web.servlet.DispatcherServlet - Completed initialization in 1 ms
2026-01-10 20:44:33 [http-nio-8989-exec-2] DEBUG o.s.security.web.FilterChainProxy - Securing POST /api/v1/auth/1/approve-loan
2026-01-10 20:44:33 [http-nio-8989-exec-2] DEBUG org.hibernate.SQL - 
    select
        u1_0.id,
        u1_0.aadhar_number,
        u1_0.address,
        u1_0.created_at,
        u1_0.email,
        u1_0.failed_login_attempts,
        u1_0.first_name,
        u1_0.last_login_at,
        u1_0.last_name,
        u1_0.monthly_income,
        u1_0.pan_number,
        u1_0.password,
        u1_0.phone,
        u1_0.role,
        u1_0.status,
        u1_0.username 
    from
        users u1_0 
    where
        u1_0.username=?
2026-01-10 20:44:33 [http-nio-8989-exec-2] DEBUG o.s.s.w.a.AccessDeniedHandlerImpl - Responding with 403 status code
2026-01-10 20:44:33 [http-nio-8989-exec-2] DEBUG o.s.security.web.FilterChainProxy - Securing POST /error
2026-01-10 20:44:33 [http-nio-8989-exec-2] DEBUG o.s.security.web.FilterChainProxy - Secured POST /error
2026-01-10 20:44:33 [http-nio-8989-exec-2] DEBUG o.s.web.servlet.DispatcherServlet - "ERROR" dispatch for POST "/error", parameters={}
2026-01-10 20:44:33 [http-nio-8989-exec-2] DEBUG o.s.w.s.m.m.a.RequestMappingHandlerMapping - Mapped to org.springframework.boot.autoconfigure.web.servlet.error.BasicErrorController#error(HttpServletRequest)
2026-01-10 20:44:33 [http-nio-8989-exec-2] DEBUG o.s.w.s.m.m.a.HttpEntityMethodProcessor - Using 'application/json', given [*/*] and supported [application/json, application/*+json]
2026-01-10 20:44:33 [http-nio-8989-exec-2] DEBUG o.s.w.s.m.m.a.HttpEntityMethodProcessor - Writing [{timestamp=Sat Jan 10 20:44:33 IST 2026, status=403, error=Forbidden, message=Forbidden, path=/api/v (truncated)...]
2026-01-10 20:44:33 [http-nio-8989-exec-2] DEBUG o.s.web.servlet.DispatcherServlet - Exiting from "ERROR" dispatch, status 403
2026-01-10 20:44:33 [http-nio-8989-exec-2] DEBUG o.s.s.w.a.AnonymousAuthenticationFilter - Set SecurityContextHolder to anonymous SecurityContext
2026-01-10 20:44:45 [http-nio-8989-exec-3] DEBUG o.s.security.web.FilterChainProxy - Securing POST /api/v1/auth/login
2026-01-10 20:44:45 [http-nio-8989-exec-3] DEBUG o.s.s.w.a.AnonymousAuthenticationFilter - Set SecurityContextHolder to anonymous SecurityContext
2026-01-10 20:44:45 [http-nio-8989-exec-3] DEBUG o.s.security.web.FilterChainProxy - Secured POST /api/v1/auth/login
2026-01-10 20:44:45 [http-nio-8989-exec-3] DEBUG o.s.web.servlet.DispatcherServlet - POST "/api/v1/auth/login", parameters={}
2026-01-10 20:44:45 [http-nio-8989-exec-3] DEBUG o.s.w.s.m.m.a.RequestMappingHandlerMapping - Mapped to com.app.bank.web.controller.AuthController#loginUser(LoginRequest)
2026-01-10 20:44:45 [http-nio-8989-exec-3] DEBUG o.s.w.s.m.m.a.RequestResponseBodyMethodProcessor - Read "application/json;charset=UTF-8" to [com.app.bank.web.dto.LoginRequest@5e9a9943]
2026-01-10 20:44:45 [http-nio-8989-exec-3] DEBUG org.hibernate.SQL - 
    select
        u1_0.id,
        u1_0.aadhar_number,
        u1_0.address,
        u1_0.created_at,
        u1_0.email,
        u1_0.failed_login_attempts,
        u1_0.first_name,
        u1_0.last_login_at,
        u1_0.last_name,
        u1_0.monthly_income,
        u1_0.pan_number,
        u1_0.password,
        u1_0.phone,
        u1_0.role,
        u1_0.status,
        u1_0.username 
    from
        users u1_0 
    where
        u1_0.username=?
2026-01-10 20:44:46 [http-nio-8989-exec-3] DEBUG o.s.s.a.d.DaoAuthenticationProvider - Authenticated user
2026-01-10 20:44:46 [http-nio-8989-exec-3] DEBUG o.s.w.s.m.m.a.HttpEntityMethodProcessor - Using 'application/json', given [*/*] and supported [application/json, application/*+json]
2026-01-10 20:44:46 [http-nio-8989-exec-3] DEBUG o.s.w.s.m.m.a.HttpEntityMethodProcessor - Writing [{tokenType=Bearer, token=eyJhbGciOiJIUzUxMiJ9.eyJzdWIiOiJhZG1pbjAxIiwiY3JlYXRlZCI6MTc2ODA1ODA4NjQwMi (truncated)...]
2026-01-10 20:44:46 [http-nio-8989-exec-3] DEBUG o.s.web.servlet.DispatcherServlet - Completed 200 OK
2026-01-10 20:45:00 [http-nio-8989-exec-4] DEBUG o.s.security.web.FilterChainProxy - Securing POST /api/v1/auth/1/approve-loan
2026-01-10 20:45:00 [http-nio-8989-exec-4] DEBUG org.hibernate.SQL - 
    select
        u1_0.id,
        u1_0.aadhar_number,
        u1_0.address,
        u1_0.created_at,
        u1_0.email,
        u1_0.failed_login_attempts,
        u1_0.first_name,
        u1_0.last_login_at,
        u1_0.last_name,
        u1_0.monthly_income,
        u1_0.pan_number,
        u1_0.password,
        u1_0.phone,
        u1_0.role,
        u1_0.status,
        u1_0.username 
    from
        users u1_0 
    where
        u1_0.username=?
2026-01-10 20:45:00 [http-nio-8989-exec-4] DEBUG o.s.security.web.FilterChainProxy - Secured POST /api/v1/auth/1/approve-loan
2026-01-10 20:45:00 [http-nio-8989-exec-4] DEBUG o.s.web.servlet.DispatcherServlet - POST "/api/v1/auth/1/approve-loan", parameters={}
2026-01-10 20:45:00 [http-nio-8989-exec-4] DEBUG o.s.w.s.m.m.a.RequestMappingHandlerMapping - Mapped to com.app.bank.web.controller.LoanController#approveLoan(Long, Authentication)
2026-01-10 20:45:00 [http-nio-8989-exec-4] DEBUG org.hibernate.SQL - 
    select
        l1_0.id,
        l1_0.applied_date,
        l1_0.approved_by,
        l1_0.approved_date,
        l1_0.disbursement_date,
        l1_0.emi_amount,
        l1_0.interest_rate,
        l1_0.account_id,
        la1_0.id,
        la1_0.account_number,
        la1_0.account_type,
        la1_0.balance,
        la1_0.created_at,
        la1_0.interest_rate,
        la1_0.last_transaction_at,
        la1_0.minimum_balance,
        la1_0.status,
        la1_0.user_id,
        u1_0.id,
        u1_0.aadhar_number,
        u1_0.address,
        u1_0.created_at,
        u1_0.email,
        u1_0.failed_login_attempts,
        u1_0.first_name,
        u1_0.last_login_at,
        u1_0.last_name,
        u1_0.monthly_income,
        u1_0.pan_number,
        u1_0.password,
        u1_0.phone,
        u1_0.role,
        u1_0.status,
        u1_0.username,
        l1_0.loan_account_number,
        l1_0.loan_type,
        l1_0.maturity_date,
        l1_0.principal_amount,
        l1_0.status,
        l1_0.tenure_months,
        l1_0.total_amount,
        l1_0.user_id,
        u2_0.id,
        u2_0.aadhar_number,
        u2_0.address,
        u2_0.created_at,
        u2_0.email,
        u2_0.failed_login_attempts,
        u2_0.first_name,
        u2_0.last_login_at,
        u2_0.last_name,
        u2_0.monthly_income,
        u2_0.pan_number,
        u2_0.password,
        u2_0.phone,
        u2_0.role,
        u2_0.status,
        u2_0.username 
    from
        loans l1_0 
    join
        accounts la1_0 
            on la1_0.id=l1_0.account_id 
    join
        users u1_0 
            on u1_0.id=la1_0.user_id 
    join
        users u2_0 
            on u2_0.id=l1_0.user_id 
    where
        l1_0.id=?
2026-01-10 20:45:00 [http-nio-8989-exec-4] DEBUG o.s.web.servlet.DispatcherServlet - Failed to complete request: com.app.bank.web.exception.BankException: Loan cannot be approved in current status
2026-01-10 20:45:00 [http-nio-8989-exec-4] ERROR o.a.c.c.C.[.[.[.[dispatcherServlet] - Servlet.service() for servlet [dispatcherServlet] in context with path [] threw exception [Request processing failed: com.app.bank.web.exception.BankException: Loan cannot be approved in current status] with root cause
com.app.bank.web.exception.BankException: Loan cannot be approved in current status
	at com.app.bank.web.service.LoanService.approveLoan(LoanService.java:80)
	at java.base/jdk.internal.reflect.NativeMethodAccessorImpl.invoke0(Native Method)
	at java.base/jdk.internal.reflect.NativeMethodAccessorImpl.invoke(NativeMethodAccessorImpl.java:77)
	at java.base/jdk.internal.reflect.DelegatingMethodAccessorImpl.invoke(DelegatingMethodAccessorImpl.java:43)
	at java.base/java.lang.reflect.Method.invoke(Method.java:568)
	at org.springframework.aop.support.AopUtils.invokeJoinpointUsingReflection(AopUtils.java:360)
	at org.springframework.aop.framework.ReflectiveMethodInvocation.invokeJoinpoint(ReflectiveMethodInvocation.java:196)
	at org.springframework.aop.framework.ReflectiveMethodInvocation.proceed(ReflectiveMethodInvocation.java:163)
	at org.springframework.transaction.interceptor.TransactionAspectSupport.invokeWithinTransaction(TransactionAspectSupport.java:380)
	at org.springframework.transaction.interceptor.TransactionInterceptor.invoke(TransactionInterceptor.java:119)
	at org.springframework.aop.framework.ReflectiveMethodInvocation.proceed(ReflectiveMethodInvocation.java:184)
	at org.springframework.aop.framework.CglibAopProxy$DynamicAdvisedInterceptor.intercept(CglibAopProxy.java:728)
	at com.app.bank.web.service.LoanService$$SpringCGLIB$$0.approveLoan(<generated>)
	at com.app.bank.web.controller.LoanController.approveLoan(LoanController.java:40)
	at java.base/jdk.internal.reflect.NativeMethodAccessorImpl.invoke0(Native Method)
	at java.base/jdk.internal.reflect.NativeMethodAccessorImpl.invoke(NativeMethodAccessorImpl.java:77)
	at java.base/jdk.internal.reflect.DelegatingMethodAccessorImpl.invoke(DelegatingMethodAccessorImpl.java:43)
	at java.base/java.lang.reflect.Method.invoke(Method.java:568)
	at org.springframework.web.method.support.InvocableHandlerMethod.doInvoke(InvocableHandlerMethod.java:258)
	at org.springframework.web.method.support.InvocableHandlerMethod.invokeForRequest(InvocableHandlerMethod.java:191)
	at org.springframework.web.servlet.mvc.method.annotation.ServletInvocableHandlerMethod.invokeAndHandle(ServletInvocableHandlerMethod.java:118)
	at org.springframework.web.servlet.mvc.method.annotation.RequestMappingHandlerAdapter.invokeHandlerMethod(RequestMappingHandlerAdapter.java:991)
	at org.springframework.web.servlet.mvc.method.annotation.RequestMappingHandlerAdapter.handleInternal(RequestMappingHandlerAdapter.java:896)
	at org.springframework.web.servlet.mvc.method.AbstractHandlerMethodAdapter.handle(AbstractHandlerMethodAdapter.java:87)
	at org.springframework.web.servlet.DispatcherServlet.doDispatch(DispatcherServlet.java:1089)
	at org.springframework.web.servlet.DispatcherServlet.doService(DispatcherServlet.java:979)
	at org.springframework.web.servlet.FrameworkServlet.processRequest(FrameworkServlet.java:1014)
	at org.springframework.web.servlet.FrameworkServlet.doPost(FrameworkServlet.java:914)
	at jakarta.servlet.http.HttpServlet.service(HttpServlet.java:590)
	at org.springframework.web.servlet.FrameworkServlet.service(FrameworkServlet.java:885)
	at jakarta.servlet.http.HttpServlet.service(HttpServlet.java:658)
	at org.apache.catalina.core.ApplicationFilterChain.internalDoFilter(ApplicationFilterChain.java:193)
	at org.apache.catalina.core.ApplicationFilterChain.doFilter(ApplicationFilterChain.java:138)
	at org.apache.tomcat.websocket.server.WsFilter.doFilter(WsFilter.java:51)
	at org.apache.catalina.core.ApplicationFilterChain.internalDoFilter(ApplicationFilterChain.java:162)
	at org.apache.catalina.core.ApplicationFilterChain.doFilter(ApplicationFilterChain.java:138)
	at org.springframework.web.filter.OncePerRequestFilter.doFilter(OncePerRequestFilter.java:110)
	at org.apache.catalina.core.ApplicationFilterChain.internalDoFilter(ApplicationFilterChain.java:162)
	at org.apache.catalina.core.ApplicationFilterChain.doFilter(ApplicationFilterChain.java:138)
	at org.springframework.web.filter.CompositeFilter$VirtualFilterChain.doFilter(CompositeFilter.java:108)
	at org.springframework.web.filter.CompositeFilter$VirtualFilterChain.doFilter(CompositeFilter.java:108)
	at org.springframework.security.web.FilterChainProxy.lambda$doFilterInternal$3(FilterChainProxy.java:231)
	at org.springframework.security.web.FilterChainProxy$VirtualFilterChain.doFilter(FilterChainProxy.java:365)
	at org.springframework.security.web.access.intercept.AuthorizationFilter.doFilter(AuthorizationFilter.java:101)
	at org.springframework.security.web.FilterChainProxy$VirtualFilterChain.doFilter(FilterChainProxy.java:374)
	at org.springframework.security.web.access.ExceptionTranslationFilter.doFilter(ExceptionTranslationFilter.java:125)
	at org.springframework.security.web.access.ExceptionTranslationFilter.doFilter(ExceptionTranslationFilter.java:119)
	at org.springframework.security.web.FilterChainProxy$VirtualFilterChain.doFilter(FilterChainProxy.java:374)
	at org.springframework.security.web.session.SessionManagementFilter.doFilter(SessionManagementFilter.java:131)
	at org.springframework.security.web.session.SessionManagementFilter.doFilter(SessionManagementFilter.java:85)
	at org.springframework.security.web.FilterChainProxy$VirtualFilterChain.doFilter(FilterChainProxy.java:374)
	at org.springframework.security.web.authentication.AnonymousAuthenticationFilter.doFilter(AnonymousAuthenticationFilter.java:100)
	at org.springframework.security.web.FilterChainProxy$VirtualFilterChain.doFilter(FilterChainProxy.java:374)
	at org.springframework.security.web.servletapi.SecurityContextHolderAwareRequestFilter.doFilter(SecurityContextHolderAwareRequestFilter.java:179)
	at org.springframework.security.web.FilterChainProxy$VirtualFilterChain.doFilter(FilterChainProxy.java:374)
	at org.springframework.security.web.savedrequest.RequestCacheAwareFilter.doFilter(RequestCacheAwareFilter.java:63)
	at org.springframework.security.web.FilterChainProxy$VirtualFilterChain.doFilter(FilterChainProxy.java:374)
	at com.app.bank.web.security.JwtAuthenticationFilter.doFilterInternal(JwtAuthenticationFilter.java:137)
	at org.springframework.web.filter.OncePerRequestFilter.doFilter(OncePerRequestFilter.java:116)
	at org.springframework.security.web.FilterChainProxy$VirtualFilterChain.doFilter(FilterChainProxy.java:374)
	at org.springframework.security.web.authentication.logout.LogoutFilter.doFilter(LogoutFilter.java:107)
	at org.springframework.security.web.authentication.logout.LogoutFilter.doFilter(LogoutFilter.java:93)
	at org.springframework.security.web.FilterChainProxy$VirtualFilterChain.doFilter(FilterChainProxy.java:374)
	at org.springframework.web.filter.CorsFilter.doFilterInternal(CorsFilter.java:91)
	at org.springframework.web.filter.OncePerRequestFilter.doFilter(OncePerRequestFilter.java:116)
	at org.springframework.security.web.FilterChainProxy$VirtualFilterChain.doFilter(FilterChainProxy.java:374)
	at org.springframework.security.web.header.HeaderWriterFilter.doHeadersAfter(HeaderWriterFilter.java:90)
	at org.springframework.security.web.header.HeaderWriterFilter.doFilterInternal(HeaderWriterFilter.java:75)
	at org.springframework.web.filter.OncePerRequestFilter.doFilter(OncePerRequestFilter.java:116)
	at org.springframework.security.web.FilterChainProxy$VirtualFilterChain.doFilter(FilterChainProxy.java:374)
	at org.springframework.security.web.context.SecurityContextHolderFilter.doFilter(SecurityContextHolderFilter.java:82)
	at org.springframework.security.web.context.SecurityContextHolderFilter.doFilter(SecurityContextHolderFilter.java:69)
	at org.springframework.security.web.FilterChainProxy$VirtualFilterChain.doFilter(FilterChainProxy.java:374)
	at org.springframework.security.web.context.request.async.WebAsyncManagerIntegrationFilter.doFilterInternal(WebAsyncManagerIntegrationFilter.java:62)
	at org.springframework.web.filter.OncePerRequestFilter.doFilter(OncePerRequestFilter.java:116)
	at org.springframework.security.web.FilterChainProxy$VirtualFilterChain.doFilter(FilterChainProxy.java:374)
	at org.springframework.security.web.session.DisableEncodeUrlFilter.doFilterInternal(DisableEncodeUrlFilter.java:42)
	at org.springframework.web.filter.OncePerRequestFilter.doFilter(OncePerRequestFilter.java:116)
	at org.springframework.security.web.FilterChainProxy$VirtualFilterChain.doFilter(FilterChainProxy.java:374)
	at org.springframework.security.web.FilterChainProxy.doFilterInternal(FilterChainProxy.java:233)
	at org.springframework.security.web.FilterChainProxy.doFilter(FilterChainProxy.java:191)
	at org.springframework.web.filter.CompositeFilter$VirtualFilterChain.doFilter(CompositeFilter.java:113)
	at org.springframework.web.filter.ServletRequestPathFilter.doFilter(ServletRequestPathFilter.java:52)
	at org.springframework.web.filter.CompositeFilter$VirtualFilterChain.doFilter(CompositeFilter.java:113)
	at org.springframework.web.filter.CompositeFilter.doFilter(CompositeFilter.java:74)
	at org.springframework.security.config.annotation.web.configuration.WebSecurityConfiguration$CompositeFilterChainProxy.doFilter(WebSecurityConfiguration.java:319)
	at org.springframework.web.filter.CompositeFilter$VirtualFilterChain.doFilter(CompositeFilter.java:113)
	at org.springframework.web.servlet.handler.HandlerMappingIntrospector.lambda$createCacheFilter$4(HandlerMappingIntrospector.java:267)
	at org.springframework.web.filter.CompositeFilter$VirtualFilterChain.doFilter(CompositeFilter.java:113)
	at org.springframework.web.filter.CompositeFilter.doFilter(CompositeFilter.java:74)
	at org.springframework.security.config.annotation.web.configuration.WebMvcSecurityConfiguration$CompositeFilterChainProxy.doFilter(WebMvcSecurityConfiguration.java:240)
	at org.springframework.web.filter.DelegatingFilterProxy.invokeDelegate(DelegatingFilterProxy.java:362)
	at org.springframework.web.filter.DelegatingFilterProxy.doFilter(DelegatingFilterProxy.java:278)
	at org.apache.catalina.core.ApplicationFilterChain.internalDoFilter(ApplicationFilterChain.java:162)
	at org.apache.catalina.core.ApplicationFilterChain.doFilter(ApplicationFilterChain.java:138)
	at org.springframework.web.filter.RequestContextFilter.doFilterInternal(RequestContextFilter.java:100)
	at org.springframework.web.filter.OncePerRequestFilter.doFilter(OncePerRequestFilter.java:116)
	at org.apache.catalina.core.ApplicationFilterChain.internalDoFilter(ApplicationFilterChain.java:162)
	at org.apache.catalina.core.ApplicationFilterChain.doFilter(ApplicationFilterChain.java:138)
	at org.springframework.web.filter.FormContentFilter.doFilterInternal(FormContentFilter.java:93)
	at org.springframework.web.filter.OncePerRequestFilter.doFilter(OncePerRequestFilter.java:116)
	at org.apache.catalina.core.ApplicationFilterChain.internalDoFilter(ApplicationFilterChain.java:162)
	at org.apache.catalina.core.ApplicationFilterChain.doFilter(ApplicationFilterChain.java:138)
	at org.springframework.web.filter.CharacterEncodingFilter.doFilterInternal(CharacterEncodingFilter.java:201)
	at org.springframework.web.filter.OncePerRequestFilter.doFilter(OncePerRequestFilter.java:116)
	at org.apache.catalina.core.ApplicationFilterChain.internalDoFilter(ApplicationFilterChain.java:162)
	at org.apache.catalina.core.ApplicationFilterChain.doFilter(ApplicationFilterChain.java:138)
	at org.apache.catalina.core.StandardWrapperValve.invoke(StandardWrapperValve.java:165)
	at org.apache.catalina.core.StandardContextValve.invoke(StandardContextValve.java:88)
	at org.apache.catalina.authenticator.AuthenticatorBase.invoke(AuthenticatorBase.java:482)
	at org.apache.catalina.core.StandardHostValve.invoke(StandardHostValve.java:113)
	at org.apache.catalina.valves.ErrorReportValve.invoke(ErrorReportValve.java:83)
	at org.apache.catalina.core.StandardEngineValve.invoke(StandardEngineValve.java:72)
	at org.apache.catalina.connector.CoyoteAdapter.service(CoyoteAdapter.java:342)
	at org.apache.coyote.http11.Http11Processor.service(Http11Processor.java:399)
	at org.apache.coyote.AbstractProcessorLight.process(AbstractProcessorLight.java:63)
	at org.apache.coyote.AbstractProtocol$ConnectionHandler.process(AbstractProtocol.java:903)
	at org.apache.tomcat.util.net.NioEndpoint$SocketProcessor.doRun(NioEndpoint.java:1774)
	at org.apache.tomcat.util.net.SocketProcessorBase.run(SocketProcessorBase.java:52)
	at org.apache.tomcat.util.threads.ThreadPoolExecutor.runWorker(ThreadPoolExecutor.java:973)
	at org.apache.tomcat.util.threads.ThreadPoolExecutor$Worker.run(ThreadPoolExecutor.java:491)
	at org.apache.tomcat.util.threads.TaskThread$WrappingRunnable.run(TaskThread.java:63)
	at java.base/java.lang.Thread.run(Thread.java:842)
2026-01-10 20:45:00 [http-nio-8989-exec-4] DEBUG o.s.security.web.FilterChainProxy - Securing POST /error
2026-01-10 20:45:00 [http-nio-8989-exec-4] DEBUG o.s.security.web.FilterChainProxy - Secured POST /error
2026-01-10 20:45:00 [http-nio-8989-exec-4] DEBUG o.s.web.servlet.DispatcherServlet - "ERROR" dispatch for POST "/error", parameters={}
2026-01-10 20:45:00 [http-nio-8989-exec-4] DEBUG o.s.w.s.m.m.a.RequestMappingHandlerMapping - Mapped to org.springframework.boot.autoconfigure.web.servlet.error.BasicErrorController#error(HttpServletRequest)
2026-01-10 20:45:00 [http-nio-8989-exec-4] DEBUG o.s.w.s.m.m.a.HttpEntityMethodProcessor - Using 'application/json', given [*/*] and supported [application/json, application/*+json]
2026-01-10 20:45:00 [http-nio-8989-exec-4] DEBUG o.s.w.s.m.m.a.HttpEntityMethodProcessor - Writing [{timestamp=Sat Jan 10 20:45:00 IST 2026, status=500, error=Internal Server Error, trace=com.app.bank (truncated)...]
2026-01-10 20:45:00 [http-nio-8989-exec-4] DEBUG o.s.web.servlet.DispatcherServlet - Exiting from "ERROR" dispatch, status 500
2026-01-10 20:45:00 [http-nio-8989-exec-4] DEBUG o.s.s.w.a.AnonymousAuthenticationFilter - Set SecurityContextHolder to anonymous SecurityContext
2026-01-10 20:45:44 [http-nio-8989-exec-6] DEBUG o.s.security.web.FilterChainProxy - Securing POST /api/v1/auth/1/approve-loan
2026-01-10 20:45:44 [http-nio-8989-exec-6] DEBUG org.hibernate.SQL - 
    select
        u1_0.id,
        u1_0.aadhar_number,
        u1_0.address,
        u1_0.created_at,
        u1_0.email,
        u1_0.failed_login_attempts,
        u1_0.first_name,
        u1_0.last_login_at,
        u1_0.last_name,
        u1_0.monthly_income,
        u1_0.pan_number,
        u1_0.password,
        u1_0.phone,
        u1_0.role,
        u1_0.status,
        u1_0.username 
    from
        users u1_0 
    where
        u1_0.username=?
2026-01-10 20:45:44 [http-nio-8989-exec-6] DEBUG o.s.security.web.FilterChainProxy - Secured POST /api/v1/auth/1/approve-loan
2026-01-10 20:45:44 [http-nio-8989-exec-6] DEBUG o.s.web.servlet.DispatcherServlet - POST "/api/v1/auth/1/approve-loan", parameters={}
2026-01-10 20:45:44 [http-nio-8989-exec-6] DEBUG o.s.w.s.m.m.a.RequestMappingHandlerMapping - Mapped to com.app.bank.web.controller.LoanController#approveLoan(Long, Authentication)
2026-01-10 20:45:44 [http-nio-8989-exec-6] DEBUG org.hibernate.SQL - 
    select
        l1_0.id,
        l1_0.applied_date,
        l1_0.approved_by,
        l1_0.approved_date,
        l1_0.disbursement_date,
        l1_0.emi_amount,
        l1_0.interest_rate,
        l1_0.account_id,
        la1_0.id,
        la1_0.account_number,
        la1_0.account_type,
        la1_0.balance,
        la1_0.created_at,
        la1_0.interest_rate,
        la1_0.last_transaction_at,
        la1_0.minimum_balance,
        la1_0.status,
        la1_0.user_id,
        u1_0.id,
        u1_0.aadhar_number,
        u1_0.address,
        u1_0.created_at,
        u1_0.email,
        u1_0.failed_login_attempts,
        u1_0.first_name,
        u1_0.last_login_at,
        u1_0.last_name,
        u1_0.monthly_income,
        u1_0.pan_number,
        u1_0.password,
        u1_0.phone,
        u1_0.role,
        u1_0.status,
        u1_0.username,
        l1_0.loan_account_number,
        l1_0.loan_type,
        l1_0.maturity_date,
        l1_0.principal_amount,
        l1_0.status,
        l1_0.tenure_months,
        l1_0.total_amount,
        l1_0.user_id,
        u2_0.id,
        u2_0.aadhar_number,
        u2_0.address,
        u2_0.created_at,
        u2_0.email,
        u2_0.failed_login_attempts,
        u2_0.first_name,
        u2_0.last_login_at,
        u2_0.last_name,
        u2_0.monthly_income,
        u2_0.pan_number,
        u2_0.password,
        u2_0.phone,
        u2_0.role,
        u2_0.status,
        u2_0.username 
    from
        loans l1_0 
    join
        accounts la1_0 
            on la1_0.id=l1_0.account_id 
    join
        users u1_0 
            on u1_0.id=la1_0.user_id 
    join
        users u2_0 
            on u2_0.id=l1_0.user_id 
    where
        l1_0.id=?
2026-01-10 20:45:44 [http-nio-8989-exec-6] DEBUG o.s.web.servlet.DispatcherServlet - Failed to complete request: com.app.bank.web.exception.BankException: Loan cannot be approved in current status
2026-01-10 20:45:44 [http-nio-8989-exec-6] ERROR o.a.c.c.C.[.[.[.[dispatcherServlet] - Servlet.service() for servlet [dispatcherServlet] in context with path [] threw exception [Request processing failed: com.app.bank.web.exception.BankException: Loan cannot be approved in current status] with root cause
com.app.bank.web.exception.BankException: Loan cannot be approved in current status
	at com.app.bank.web.service.LoanService.approveLoan(LoanService.java:80)
	at java.base/jdk.internal.reflect.NativeMethodAccessorImpl.invoke0(Native Method)
	at java.base/jdk.internal.reflect.NativeMethodAccessorImpl.invoke(NativeMethodAccessorImpl.java:77)
	at java.base/jdk.internal.reflect.DelegatingMethodAccessorImpl.invoke(DelegatingMethodAccessorImpl.java:43)
	at java.base/java.lang.reflect.Method.invoke(Method.java:568)
	at org.springframework.aop.support.AopUtils.invokeJoinpointUsingReflection(AopUtils.java:360)
	at org.springframework.aop.framework.ReflectiveMethodInvocation.invokeJoinpoint(ReflectiveMethodInvocation.java:196)
	at org.springframework.aop.framework.ReflectiveMethodInvocation.proceed(ReflectiveMethodInvocation.java:163)
	at org.springframework.transaction.interceptor.TransactionAspectSupport.invokeWithinTransaction(TransactionAspectSupport.java:380)
	at org.springframework.transaction.interceptor.TransactionInterceptor.invoke(TransactionInterceptor.java:119)
	at org.springframework.aop.framework.ReflectiveMethodInvocation.proceed(ReflectiveMethodInvocation.java:184)
	at org.springframework.aop.framework.CglibAopProxy$DynamicAdvisedInterceptor.intercept(CglibAopProxy.java:728)
	at com.app.bank.web.service.LoanService$$SpringCGLIB$$0.approveLoan(<generated>)
	at com.app.bank.web.controller.LoanController.approveLoan(LoanController.java:40)
	at java.base/jdk.internal.reflect.NativeMethodAccessorImpl.invoke0(Native Method)
	at java.base/jdk.internal.reflect.NativeMethodAccessorImpl.invoke(NativeMethodAccessorImpl.java:77)
	at java.base/jdk.internal.reflect.DelegatingMethodAccessorImpl.invoke(DelegatingMethodAccessorImpl.java:43)
	at java.base/java.lang.reflect.Method.invoke(Method.java:568)
	at org.springframework.web.method.support.InvocableHandlerMethod.doInvoke(InvocableHandlerMethod.java:258)
	at org.springframework.web.method.support.InvocableHandlerMethod.invokeForRequest(InvocableHandlerMethod.java:191)
	at org.springframework.web.servlet.mvc.method.annotation.ServletInvocableHandlerMethod.invokeAndHandle(ServletInvocableHandlerMethod.java:118)
	at org.springframework.web.servlet.mvc.method.annotation.RequestMappingHandlerAdapter.invokeHandlerMethod(RequestMappingHandlerAdapter.java:991)
	at org.springframework.web.servlet.mvc.method.annotation.RequestMappingHandlerAdapter.handleInternal(RequestMappingHandlerAdapter.java:896)
	at org.springframework.web.servlet.mvc.method.AbstractHandlerMethodAdapter.handle(AbstractHandlerMethodAdapter.java:87)
	at org.springframework.web.servlet.DispatcherServlet.doDispatch(DispatcherServlet.java:1089)
	at org.springframework.web.servlet.DispatcherServlet.doService(DispatcherServlet.java:979)
	at org.springframework.web.servlet.FrameworkServlet.processRequest(FrameworkServlet.java:1014)
	at org.springframework.web.servlet.FrameworkServlet.doPost(FrameworkServlet.java:914)
	at jakarta.servlet.http.HttpServlet.service(HttpServlet.java:590)
	at org.springframework.web.servlet.FrameworkServlet.service(FrameworkServlet.java:885)
	at jakarta.servlet.http.HttpServlet.service(HttpServlet.java:658)
	at org.apache.catalina.core.ApplicationFilterChain.internalDoFilter(ApplicationFilterChain.java:193)
	at org.apache.catalina.core.ApplicationFilterChain.doFilter(ApplicationFilterChain.java:138)
	at org.apache.tomcat.websocket.server.WsFilter.doFilter(WsFilter.java:51)
	at org.apache.catalina.core.ApplicationFilterChain.internalDoFilter(ApplicationFilterChain.java:162)
	at org.apache.catalina.core.ApplicationFilterChain.doFilter(ApplicationFilterChain.java:138)
	at org.springframework.web.filter.OncePerRequestFilter.doFilter(OncePerRequestFilter.java:110)
	at org.apache.catalina.core.ApplicationFilterChain.internalDoFilter(ApplicationFilterChain.java:162)
	at org.apache.catalina.core.ApplicationFilterChain.doFilter(ApplicationFilterChain.java:138)
	at org.springframework.web.filter.CompositeFilter$VirtualFilterChain.doFilter(CompositeFilter.java:108)
	at org.springframework.web.filter.CompositeFilter$VirtualFilterChain.doFilter(CompositeFilter.java:108)
	at org.springframework.security.web.FilterChainProxy.lambda$doFilterInternal$3(FilterChainProxy.java:231)
	at org.springframework.security.web.FilterChainProxy$VirtualFilterChain.doFilter(FilterChainProxy.java:365)
	at org.springframework.security.web.access.intercept.AuthorizationFilter.doFilter(AuthorizationFilter.java:101)
	at org.springframework.security.web.FilterChainProxy$VirtualFilterChain.doFilter(FilterChainProxy.java:374)
	at org.springframework.security.web.access.ExceptionTranslationFilter.doFilter(ExceptionTranslationFilter.java:125)
	at org.springframework.security.web.access.ExceptionTranslationFilter.doFilter(ExceptionTranslationFilter.java:119)
	at org.springframework.security.web.FilterChainProxy$VirtualFilterChain.doFilter(FilterChainProxy.java:374)
	at org.springframework.security.web.session.SessionManagementFilter.doFilter(SessionManagementFilter.java:131)
	at org.springframework.security.web.session.SessionManagementFilter.doFilter(SessionManagementFilter.java:85)
	at org.springframework.security.web.FilterChainProxy$VirtualFilterChain.doFilter(FilterChainProxy.java:374)
	at org.springframework.security.web.authentication.AnonymousAuthenticationFilter.doFilter(AnonymousAuthenticationFilter.java:100)
	at org.springframework.security.web.FilterChainProxy$VirtualFilterChain.doFilter(FilterChainProxy.java:374)
	at org.springframework.security.web.servletapi.SecurityContextHolderAwareRequestFilter.doFilter(SecurityContextHolderAwareRequestFilter.java:179)
	at org.springframework.security.web.FilterChainProxy$VirtualFilterChain.doFilter(FilterChainProxy.java:374)
	at org.springframework.security.web.savedrequest.RequestCacheAwareFilter.doFilter(RequestCacheAwareFilter.java:63)
	at org.springframework.security.web.FilterChainProxy$VirtualFilterChain.doFilter(FilterChainProxy.java:374)
	at com.app.bank.web.security.JwtAuthenticationFilter.doFilterInternal(JwtAuthenticationFilter.java:137)
	at org.springframework.web.filter.OncePerRequestFilter.doFilter(OncePerRequestFilter.java:116)
	at org.springframework.security.web.FilterChainProxy$VirtualFilterChain.doFilter(FilterChainProxy.java:374)
	at org.springframework.security.web.authentication.logout.LogoutFilter.doFilter(LogoutFilter.java:107)
	at org.springframework.security.web.authentication.logout.LogoutFilter.doFilter(LogoutFilter.java:93)
	at org.springframework.security.web.FilterChainProxy$VirtualFilterChain.doFilter(FilterChainProxy.java:374)
	at org.springframework.web.filter.CorsFilter.doFilterInternal(CorsFilter.java:91)
	at org.springframework.web.filter.OncePerRequestFilter.doFilter(OncePerRequestFilter.java:116)
	at org.springframework.security.web.FilterChainProxy$VirtualFilterChain.doFilter(FilterChainProxy.java:374)
	at org.springframework.security.web.header.HeaderWriterFilter.doHeadersAfter(HeaderWriterFilter.java:90)
	at org.springframework.security.web.header.HeaderWriterFilter.doFilterInternal(HeaderWriterFilter.java:75)
	at org.springframework.web.filter.OncePerRequestFilter.doFilter(OncePerRequestFilter.java:116)
	at org.springframework.security.web.FilterChainProxy$VirtualFilterChain.doFilter(FilterChainProxy.java:374)
	at org.springframework.security.web.context.SecurityContextHolderFilter.doFilter(SecurityContextHolderFilter.java:82)
	at org.springframework.security.web.context.SecurityContextHolderFilter.doFilter(SecurityContextHolderFilter.java:69)
	at org.springframework.security.web.FilterChainProxy$VirtualFilterChain.doFilter(FilterChainProxy.java:374)
	at org.springframework.security.web.context.request.async.WebAsyncManagerIntegrationFilter.doFilterInternal(WebAsyncManagerIntegrationFilter.java:62)
	at org.springframework.web.filter.OncePerRequestFilter.doFilter(OncePerRequestFilter.java:116)
	at org.springframework.security.web.FilterChainProxy$VirtualFilterChain.doFilter(FilterChainProxy.java:374)
	at org.springframework.security.web.session.DisableEncodeUrlFilter.doFilterInternal(DisableEncodeUrlFilter.java:42)
	at org.springframework.web.filter.OncePerRequestFilter.doFilter(OncePerRequestFilter.java:116)
	at org.springframework.security.web.FilterChainProxy$VirtualFilterChain.doFilter(FilterChainProxy.java:374)
	at org.springframework.security.web.FilterChainProxy.doFilterInternal(FilterChainProxy.java:233)
	at org.springframework.security.web.FilterChainProxy.doFilter(FilterChainProxy.java:191)
	at org.springframework.web.filter.CompositeFilter$VirtualFilterChain.doFilter(CompositeFilter.java:113)
	at org.springframework.web.filter.ServletRequestPathFilter.doFilter(ServletRequestPathFilter.java:52)
	at org.springframework.web.filter.CompositeFilter$VirtualFilterChain.doFilter(CompositeFilter.java:113)
	at org.springframework.web.filter.CompositeFilter.doFilter(CompositeFilter.java:74)
	at org.springframework.security.config.annotation.web.configuration.WebSecurityConfiguration$CompositeFilterChainProxy.doFilter(WebSecurityConfiguration.java:319)
	at org.springframework.web.filter.CompositeFilter$VirtualFilterChain.doFilter(CompositeFilter.java:113)
	at org.springframework.web.servlet.handler.HandlerMappingIntrospector.lambda$createCacheFilter$4(HandlerMappingIntrospector.java:267)
	at org.springframework.web.filter.CompositeFilter$VirtualFilterChain.doFilter(CompositeFilter.java:113)
	at org.springframework.web.filter.CompositeFilter.doFilter(CompositeFilter.java:74)
	at org.springframework.security.config.annotation.web.configuration.WebMvcSecurityConfiguration$CompositeFilterChainProxy.doFilter(WebMvcSecurityConfiguration.java:240)
	at org.springframework.web.filter.DelegatingFilterProxy.invokeDelegate(DelegatingFilterProxy.java:362)
	at org.springframework.web.filter.DelegatingFilterProxy.doFilter(DelegatingFilterProxy.java:278)
	at org.apache.catalina.core.ApplicationFilterChain.internalDoFilter(ApplicationFilterChain.java:162)
	at org.apache.catalina.core.ApplicationFilterChain.doFilter(ApplicationFilterChain.java:138)
	at org.springframework.web.filter.RequestContextFilter.doFilterInternal(RequestContextFilter.java:100)
	at org.springframework.web.filter.OncePerRequestFilter.doFilter(OncePerRequestFilter.java:116)
	at org.apache.catalina.core.ApplicationFilterChain.internalDoFilter(ApplicationFilterChain.java:162)
	at org.apache.catalina.core.ApplicationFilterChain.doFilter(ApplicationFilterChain.java:138)
	at org.springframework.web.filter.FormContentFilter.doFilterInternal(FormContentFilter.java:93)
	at org.springframework.web.filter.OncePerRequestFilter.doFilter(OncePerRequestFilter.java:116)
	at org.apache.catalina.core.ApplicationFilterChain.internalDoFilter(ApplicationFilterChain.java:162)
	at org.apache.catalina.core.ApplicationFilterChain.doFilter(ApplicationFilterChain.java:138)
	at org.springframework.web.filter.CharacterEncodingFilter.doFilterInternal(CharacterEncodingFilter.java:201)
	at org.springframework.web.filter.OncePerRequestFilter.doFilter(OncePerRequestFilter.java:116)
	at org.apache.catalina.core.ApplicationFilterChain.internalDoFilter(ApplicationFilterChain.java:162)
	at org.apache.catalina.core.ApplicationFilterChain.doFilter(ApplicationFilterChain.java:138)
	at org.apache.catalina.core.StandardWrapperValve.invoke(StandardWrapperValve.java:165)
	at org.apache.catalina.core.StandardContextValve.invoke(StandardContextValve.java:88)
	at org.apache.catalina.authenticator.AuthenticatorBase.invoke(AuthenticatorBase.java:482)
	at org.apache.catalina.core.StandardHostValve.invoke(StandardHostValve.java:113)
	at org.apache.catalina.valves.ErrorReportValve.invoke(ErrorReportValve.java:83)
	at org.apache.catalina.core.StandardEngineValve.invoke(StandardEngineValve.java:72)
	at org.apache.catalina.connector.CoyoteAdapter.service(CoyoteAdapter.java:342)
	at org.apache.coyote.http11.Http11Processor.service(Http11Processor.java:399)
	at org.apache.coyote.AbstractProcessorLight.process(AbstractProcessorLight.java:63)
	at org.apache.coyote.AbstractProtocol$ConnectionHandler.process(AbstractProtocol.java:903)
	at org.apache.tomcat.util.net.NioEndpoint$SocketProcessor.doRun(NioEndpoint.java:1774)
	at org.apache.tomcat.util.net.SocketProcessorBase.run(SocketProcessorBase.java:52)
	at org.apache.tomcat.util.threads.ThreadPoolExecutor.runWorker(ThreadPoolExecutor.java:973)
	at org.apache.tomcat.util.threads.ThreadPoolExecutor$Worker.run(ThreadPoolExecutor.java:491)
	at org.apache.tomcat.util.threads.TaskThread$WrappingRunnable.run(TaskThread.java:63)
	at java.base/java.lang.Thread.run(Thread.java:842)
2026-01-10 20:45:44 [http-nio-8989-exec-6] DEBUG o.s.security.web.FilterChainProxy - Securing POST /error
2026-01-10 20:45:44 [http-nio-8989-exec-6] DEBUG o.s.security.web.FilterChainProxy - Secured POST /error
2026-01-10 20:45:44 [http-nio-8989-exec-6] DEBUG o.s.web.servlet.DispatcherServlet - "ERROR" dispatch for POST "/error", parameters={}
2026-01-10 20:45:44 [http-nio-8989-exec-6] DEBUG o.s.w.s.m.m.a.RequestMappingHandlerMapping - Mapped to org.springframework.boot.autoconfigure.web.servlet.error.BasicErrorController#error(HttpServletRequest)
2026-01-10 20:45:44 [http-nio-8989-exec-6] DEBUG o.s.w.s.m.m.a.HttpEntityMethodProcessor - Using 'application/json', given [*/*] and supported [application/json, application/*+json]
2026-01-10 20:45:44 [http-nio-8989-exec-6] DEBUG o.s.w.s.m.m.a.HttpEntityMethodProcessor - Writing [{timestamp=Sat Jan 10 20:45:44 IST 2026, status=500, error=Internal Server Error, trace=com.app.bank (truncated)...]
2026-01-10 20:45:44 [http-nio-8989-exec-6] DEBUG o.s.web.servlet.DispatcherServlet - Exiting from "ERROR" dispatch, status 500
2026-01-10 20:45:44 [http-nio-8989-exec-6] DEBUG o.s.s.w.a.AnonymousAuthenticationFilter - Set SecurityContextHolder to anonymous SecurityContext
2026-01-10 20:47:14 [http-nio-8989-exec-8] DEBUG o.s.security.web.FilterChainProxy - Securing POST /api/v1/auth/1/approve-loan
2026-01-10 20:47:14 [http-nio-8989-exec-8] DEBUG org.hibernate.SQL - 
    select
        u1_0.id,
        u1_0.aadhar_number,
        u1_0.address,
        u1_0.created_at,
        u1_0.email,
        u1_0.failed_login_attempts,
        u1_0.first_name,
        u1_0.last_login_at,
        u1_0.last_name,
        u1_0.monthly_income,
        u1_0.pan_number,
        u1_0.password,
        u1_0.phone,
        u1_0.role,
        u1_0.status,
        u1_0.username 
    from
        users u1_0 
    where
        u1_0.username=?
2026-01-10 20:47:14 [http-nio-8989-exec-8] DEBUG o.s.s.w.a.AccessDeniedHandlerImpl - Responding with 403 status code
2026-01-10 20:47:14 [http-nio-8989-exec-8] DEBUG o.s.security.web.FilterChainProxy - Securing POST /error
2026-01-10 20:47:14 [http-nio-8989-exec-8] DEBUG o.s.security.web.FilterChainProxy - Secured POST /error
2026-01-10 20:47:14 [http-nio-8989-exec-8] DEBUG o.s.web.servlet.DispatcherServlet - "ERROR" dispatch for POST "/error", parameters={}
2026-01-10 20:47:14 [http-nio-8989-exec-8] DEBUG o.s.w.s.m.m.a.RequestMappingHandlerMapping - Mapped to org.springframework.boot.autoconfigure.web.servlet.error.BasicErrorController#error(HttpServletRequest)
2026-01-10 20:47:14 [http-nio-8989-exec-8] DEBUG o.s.w.s.m.m.a.HttpEntityMethodProcessor - Using 'application/json', given [*/*] and supported [application/json, application/*+json]
2026-01-10 20:47:14 [http-nio-8989-exec-8] DEBUG o.s.w.s.m.m.a.HttpEntityMethodProcessor - Writing [{timestamp=Sat Jan 10 20:47:14 IST 2026, status=403, error=Forbidden, message=Forbidden, path=/api/v (truncated)...]
2026-01-10 20:47:14 [http-nio-8989-exec-8] DEBUG o.s.web.servlet.DispatcherServlet - Exiting from "ERROR" dispatch, status 403
2026-01-10 20:47:14 [http-nio-8989-exec-8] DEBUG o.s.s.w.a.AnonymousAuthenticationFilter - Set SecurityContextHolder to anonymous SecurityContext
2026-01-10 20:48:26 [http-nio-8989-exec-10] DEBUG o.s.security.web.FilterChainProxy - Securing POST /api/v1/auth/create-account
2026-01-10 20:48:26 [http-nio-8989-exec-10] DEBUG org.hibernate.SQL - 
    select
        u1_0.id,
        u1_0.aadhar_number,
        u1_0.address,
        u1_0.created_at,
        u1_0.email,
        u1_0.failed_login_attempts,
        u1_0.first_name,
        u1_0.last_login_at,
        u1_0.last_name,
        u1_0.monthly_income,
        u1_0.pan_number,
        u1_0.password,
        u1_0.phone,
        u1_0.role,
        u1_0.status,
        u1_0.username 
    from
        users u1_0 
    where
        u1_0.username=?
2026-01-10 20:48:26 [http-nio-8989-exec-10] DEBUG o.s.security.web.FilterChainProxy - Secured POST /api/v1/auth/create-account
2026-01-10 20:48:26 [http-nio-8989-exec-10] DEBUG o.s.web.servlet.DispatcherServlet - POST "/api/v1/auth/create-account", parameters={}
2026-01-10 20:48:26 [http-nio-8989-exec-10] DEBUG o.s.w.s.m.m.a.RequestMappingHandlerMapping - Mapped to com.app.bank.web.controller.AccountController#createAccount(CreateAccountRequest)
2026-01-10 20:48:26 [http-nio-8989-exec-10] DEBUG o.s.w.s.m.m.a.RequestResponseBodyMethodProcessor - Read "application/json;charset=UTF-8" to [com.app.bank.web.dto.CreateAccountRequest@2f2aa9f6]
2026-01-10 20:48:26 [http-nio-8989-exec-10] DEBUG org.hibernate.SQL - 
    select
        u1_0.id,
        u1_0.aadhar_number,
        u1_0.address,
        u1_0.created_at,
        u1_0.email,
        u1_0.failed_login_attempts,
        u1_0.first_name,
        u1_0.last_login_at,
        u1_0.last_name,
        u1_0.monthly_income,
        u1_0.pan_number,
        u1_0.password,
        u1_0.phone,
        u1_0.role,
        u1_0.status,
        u1_0.username 
    from
        users u1_0 
    where
        u1_0.id=?
2026-01-10 20:48:26 [http-nio-8989-exec-10] DEBUG org.hibernate.SQL - 
    insert 
    into
        accounts
        (account_number, account_type, balance, created_at, interest_rate, last_transaction_at, minimum_balance, status, user_id) 
    values
        (?, ?, ?, ?, ?, ?, ?, ?, ?)
2026-01-10 20:48:26 [http-nio-8989-exec-10] DEBUG org.hibernate.SQL - 
    insert 
    into
        transactions
        (amount, balance_after_transaction, description, from_account_id, reference_number, remarks, status, to_account_id, transaction_date, transaction_id, transaction_type) 
    values
        (?, ?, ?, ?, ?, ?, ?, ?, ?, ?, ?)
2026-01-10 20:48:26 [http-nio-8989-exec-10] DEBUG o.s.w.s.m.m.a.HttpEntityMethodProcessor - Using 'application/json', given [*/*] and supported [application/json, application/*+json]
2026-01-10 20:48:26 [http-nio-8989-exec-10] DEBUG o.s.w.s.m.m.a.HttpEntityMethodProcessor - Writing [com.app.bank.web.dto.AccountResponse@720a70db]
2026-01-10 20:48:26 [http-nio-8989-exec-10] DEBUG o.s.web.servlet.DispatcherServlet - Completed 200 OK
2026-01-10 20:49:21 [http-nio-8989-exec-2] DEBUG o.s.security.web.FilterChainProxy - Securing POST /api/v1/auth/ZPB0583064955797/deposit?amount=40000&description=%22this%20amount%20is%20deposited%22
2026-01-10 20:49:21 [http-nio-8989-exec-2] DEBUG org.hibernate.SQL - 
    select
        u1_0.id,
        u1_0.aadhar_number,
        u1_0.address,
        u1_0.created_at,
        u1_0.email,
        u1_0.failed_login_attempts,
        u1_0.first_name,
        u1_0.last_login_at,
        u1_0.last_name,
        u1_0.monthly_income,
        u1_0.pan_number,
        u1_0.password,
        u1_0.phone,
        u1_0.role,
        u1_0.status,
        u1_0.username 
    from
        users u1_0 
    where
        u1_0.username=?
2026-01-10 20:49:21 [http-nio-8989-exec-2] DEBUG o.s.security.web.FilterChainProxy - Secured POST /api/v1/auth/ZPB0583064955797/deposit?amount=40000&description=%22this%20amount%20is%20deposited%22
2026-01-10 20:49:21 [http-nio-8989-exec-2] DEBUG o.s.web.servlet.DispatcherServlet - POST "/api/v1/auth/ZPB0583064955797/deposit?amount=40000&description=%22this%20amount%20is%20deposited%22", parameters={masked}
2026-01-10 20:49:21 [http-nio-8989-exec-2] DEBUG o.s.w.s.m.m.a.RequestMappingHandlerMapping - Mapped to com.app.bank.web.controller.AccountController#deposit(String, BigDecimal, String)
2026-01-10 20:49:21 [http-nio-8989-exec-2] DEBUG org.hibernate.SQL - 
    select
        a1_0.id,
        a1_0.account_number,
        a1_0.account_type,
        a1_0.balance,
        a1_0.created_at,
        a1_0.interest_rate,
        a1_0.last_transaction_at,
        a1_0.minimum_balance,
        a1_0.status,
        a1_0.user_id 
    from
        accounts a1_0 
    where
        a1_0.account_number=?
2026-01-10 20:49:21 [http-nio-8989-exec-2] DEBUG org.hibernate.SQL - 
    select
        u1_0.id,
        u1_0.aadhar_number,
        u1_0.address,
        u1_0.created_at,
        u1_0.email,
        u1_0.failed_login_attempts,
        u1_0.first_name,
        u1_0.last_login_at,
        u1_0.last_name,
        u1_0.monthly_income,
        u1_0.pan_number,
        u1_0.password,
        u1_0.phone,
        u1_0.role,
        u1_0.status,
        u1_0.username 
    from
        users u1_0 
    where
        u1_0.id=?
2026-01-10 20:49:21 [http-nio-8989-exec-2] DEBUG org.hibernate.SQL - 
    insert 
    into
        transactions
        (amount, balance_after_transaction, description, from_account_id, reference_number, remarks, status, to_account_id, transaction_date, transaction_id, transaction_type) 
    values
        (?, ?, ?, ?, ?, ?, ?, ?, ?, ?, ?)
2026-01-10 20:49:21 [http-nio-8989-exec-2] DEBUG org.hibernate.SQL - 
    update
        accounts 
    set
        account_number=?,
        account_type=?,
        balance=?,
        created_at=?,
        interest_rate=?,
        last_transaction_at=?,
        minimum_balance=?,
        status=?,
        user_id=? 
    where
        id=?
2026-01-10 20:49:21 [http-nio-8989-exec-2] DEBUG o.s.w.s.m.m.a.HttpEntityMethodProcessor - Using 'application/json', given [*/*] and supported [application/json, application/*+json]
2026-01-10 20:49:21 [http-nio-8989-exec-2] DEBUG o.s.w.s.m.m.a.HttpEntityMethodProcessor - Writing [{newBalance=90000.00, message=Deposit Successful, transactionId=TXN1768058361498668}]
2026-01-10 20:49:21 [http-nio-8989-exec-2] DEBUG o.s.web.servlet.DispatcherServlet - Completed 200 OK
2026-01-10 20:50:13 [http-nio-8989-exec-3] DEBUG o.s.security.web.FilterChainProxy - Securing POST /api/v1/auth/ZPB0583064955797/withdraw?amount=5000&description=%22this%20amount%20is%20withdrawaled%22
2026-01-10 20:50:13 [http-nio-8989-exec-3] DEBUG org.hibernate.SQL - 
    select
        u1_0.id,
        u1_0.aadhar_number,
        u1_0.address,
        u1_0.created_at,
        u1_0.email,
        u1_0.failed_login_attempts,
        u1_0.first_name,
        u1_0.last_login_at,
        u1_0.last_name,
        u1_0.monthly_income,
        u1_0.pan_number,
        u1_0.password,
        u1_0.phone,
        u1_0.role,
        u1_0.status,
        u1_0.username 
    from
        users u1_0 
    where
        u1_0.username=?
2026-01-10 20:50:13 [http-nio-8989-exec-3] DEBUG o.s.security.web.FilterChainProxy - Secured POST /api/v1/auth/ZPB0583064955797/withdraw?amount=5000&description=%22this%20amount%20is%20withdrawaled%22
2026-01-10 20:50:13 [http-nio-8989-exec-3] DEBUG o.s.web.servlet.DispatcherServlet - POST "/api/v1/auth/ZPB0583064955797/withdraw?amount=5000&description=%22this%20amount%20is%20withdrawaled%22", parameters={masked}
2026-01-10 20:50:13 [http-nio-8989-exec-3] DEBUG o.s.w.s.m.m.a.RequestMappingHandlerMapping - Mapped to com.app.bank.web.controller.AccountController#withdraw(String, BigDecimal, String, Authentication)
2026-01-10 20:50:13 [http-nio-8989-exec-3] DEBUG org.hibernate.SQL - 
    select
        u1_0.id,
        u1_0.aadhar_number,
        u1_0.address,
        u1_0.created_at,
        u1_0.email,
        u1_0.failed_login_attempts,
        u1_0.first_name,
        u1_0.last_login_at,
        u1_0.last_name,
        u1_0.monthly_income,
        u1_0.pan_number,
        u1_0.password,
        u1_0.phone,
        u1_0.role,
        u1_0.status,
        u1_0.username 
    from
        users u1_0 
    where
        u1_0.username=?
2026-01-10 20:50:13 [http-nio-8989-exec-3] DEBUG org.hibernate.SQL - 
    select
        a1_0.id,
        a1_0.account_number,
        a1_0.account_type,
        a1_0.balance,
        a1_0.created_at,
        a1_0.interest_rate,
        a1_0.last_transaction_at,
        a1_0.minimum_balance,
        a1_0.status,
        a1_0.user_id 
    from
        accounts a1_0 
    where
        a1_0.account_number=?
2026-01-10 20:50:13 [http-nio-8989-exec-3] DEBUG org.hibernate.SQL - 
    select
        u1_0.id,
        u1_0.aadhar_number,
        u1_0.address,
        u1_0.created_at,
        u1_0.email,
        u1_0.failed_login_attempts,
        u1_0.first_name,
        u1_0.last_login_at,
        u1_0.last_name,
        u1_0.monthly_income,
        u1_0.pan_number,
        u1_0.password,
        u1_0.phone,
        u1_0.role,
        u1_0.status,
        u1_0.username 
    from
        users u1_0 
    where
        u1_0.id=?
2026-01-10 20:50:13 [http-nio-8989-exec-3] DEBUG o.s.web.servlet.DispatcherServlet - Failed to complete request: com.app.bank.web.exception.BankException: You don't own this account
2026-01-10 20:50:13 [http-nio-8989-exec-3] ERROR o.a.c.c.C.[.[.[.[dispatcherServlet] - Servlet.service() for servlet [dispatcherServlet] in context with path [] threw exception [Request processing failed: com.app.bank.web.exception.BankException: You don't own this account] with root cause
com.app.bank.web.exception.BankException: You don't own this account
	at com.app.bank.web.service.AccountService.withdraw(AccountService.java:364)
	at java.base/jdk.internal.reflect.NativeMethodAccessorImpl.invoke0(Native Method)
	at java.base/jdk.internal.reflect.NativeMethodAccessorImpl.invoke(NativeMethodAccessorImpl.java:77)
	at java.base/jdk.internal.reflect.DelegatingMethodAccessorImpl.invoke(DelegatingMethodAccessorImpl.java:43)
	at java.base/java.lang.reflect.Method.invoke(Method.java:568)
	at org.springframework.aop.support.AopUtils.invokeJoinpointUsingReflection(AopUtils.java:360)
	at org.springframework.aop.framework.ReflectiveMethodInvocation.invokeJoinpoint(ReflectiveMethodInvocation.java:196)
	at org.springframework.aop.framework.ReflectiveMethodInvocation.proceed(ReflectiveMethodInvocation.java:163)
	at org.springframework.transaction.interceptor.TransactionAspectSupport.invokeWithinTransaction(TransactionAspectSupport.java:380)
	at org.springframework.transaction.interceptor.TransactionInterceptor.invoke(TransactionInterceptor.java:119)
	at org.springframework.aop.framework.ReflectiveMethodInvocation.proceed(ReflectiveMethodInvocation.java:184)
	at org.springframework.aop.framework.CglibAopProxy$DynamicAdvisedInterceptor.intercept(CglibAopProxy.java:728)
	at com.app.bank.web.service.AccountService$$SpringCGLIB$$0.withdraw(<generated>)
	at com.app.bank.web.controller.AccountController.withdraw(AccountController.java:56)
	at java.base/jdk.internal.reflect.NativeMethodAccessorImpl.invoke0(Native Method)
	at java.base/jdk.internal.reflect.NativeMethodAccessorImpl.invoke(NativeMethodAccessorImpl.java:77)
	at java.base/jdk.internal.reflect.DelegatingMethodAccessorImpl.invoke(DelegatingMethodAccessorImpl.java:43)
	at java.base/java.lang.reflect.Method.invoke(Method.java:568)
	at org.springframework.web.method.support.InvocableHandlerMethod.doInvoke(InvocableHandlerMethod.java:258)
	at org.springframework.web.method.support.InvocableHandlerMethod.invokeForRequest(InvocableHandlerMethod.java:191)
	at org.springframework.web.servlet.mvc.method.annotation.ServletInvocableHandlerMethod.invokeAndHandle(ServletInvocableHandlerMethod.java:118)
	at org.springframework.web.servlet.mvc.method.annotation.RequestMappingHandlerAdapter.invokeHandlerMethod(RequestMappingHandlerAdapter.java:991)
	at org.springframework.web.servlet.mvc.method.annotation.RequestMappingHandlerAdapter.handleInternal(RequestMappingHandlerAdapter.java:896)
	at org.springframework.web.servlet.mvc.method.AbstractHandlerMethodAdapter.handle(AbstractHandlerMethodAdapter.java:87)
	at org.springframework.web.servlet.DispatcherServlet.doDispatch(DispatcherServlet.java:1089)
	at org.springframework.web.servlet.DispatcherServlet.doService(DispatcherServlet.java:979)
	at org.springframework.web.servlet.FrameworkServlet.processRequest(FrameworkServlet.java:1014)
	at org.springframework.web.servlet.FrameworkServlet.doPost(FrameworkServlet.java:914)
	at jakarta.servlet.http.HttpServlet.service(HttpServlet.java:590)
	at org.springframework.web.servlet.FrameworkServlet.service(FrameworkServlet.java:885)
	at jakarta.servlet.http.HttpServlet.service(HttpServlet.java:658)
	at org.apache.catalina.core.ApplicationFilterChain.internalDoFilter(ApplicationFilterChain.java:193)
	at org.apache.catalina.core.ApplicationFilterChain.doFilter(ApplicationFilterChain.java:138)
	at org.apache.tomcat.websocket.server.WsFilter.doFilter(WsFilter.java:51)
	at org.apache.catalina.core.ApplicationFilterChain.internalDoFilter(ApplicationFilterChain.java:162)
	at org.apache.catalina.core.ApplicationFilterChain.doFilter(ApplicationFilterChain.java:138)
	at org.springframework.web.filter.OncePerRequestFilter.doFilter(OncePerRequestFilter.java:110)
	at org.apache.catalina.core.ApplicationFilterChain.internalDoFilter(ApplicationFilterChain.java:162)
	at org.apache.catalina.core.ApplicationFilterChain.doFilter(ApplicationFilterChain.java:138)
	at org.springframework.web.filter.CompositeFilter$VirtualFilterChain.doFilter(CompositeFilter.java:108)
	at org.springframework.web.filter.CompositeFilter$VirtualFilterChain.doFilter(CompositeFilter.java:108)
	at org.springframework.security.web.FilterChainProxy.lambda$doFilterInternal$3(FilterChainProxy.java:231)
	at org.springframework.security.web.FilterChainProxy$VirtualFilterChain.doFilter(FilterChainProxy.java:365)
	at org.springframework.security.web.access.intercept.AuthorizationFilter.doFilter(AuthorizationFilter.java:101)
	at org.springframework.security.web.FilterChainProxy$VirtualFilterChain.doFilter(FilterChainProxy.java:374)
	at org.springframework.security.web.access.ExceptionTranslationFilter.doFilter(ExceptionTranslationFilter.java:125)
	at org.springframework.security.web.access.ExceptionTranslationFilter.doFilter(ExceptionTranslationFilter.java:119)
	at org.springframework.security.web.FilterChainProxy$VirtualFilterChain.doFilter(FilterChainProxy.java:374)
	at org.springframework.security.web.session.SessionManagementFilter.doFilter(SessionManagementFilter.java:131)
	at org.springframework.security.web.session.SessionManagementFilter.doFilter(SessionManagementFilter.java:85)
	at org.springframework.security.web.FilterChainProxy$VirtualFilterChain.doFilter(FilterChainProxy.java:374)
	at org.springframework.security.web.authentication.AnonymousAuthenticationFilter.doFilter(AnonymousAuthenticationFilter.java:100)
	at org.springframework.security.web.FilterChainProxy$VirtualFilterChain.doFilter(FilterChainProxy.java:374)
	at org.springframework.security.web.servletapi.SecurityContextHolderAwareRequestFilter.doFilter(SecurityContextHolderAwareRequestFilter.java:179)
	at org.springframework.security.web.FilterChainProxy$VirtualFilterChain.doFilter(FilterChainProxy.java:374)
	at org.springframework.security.web.savedrequest.RequestCacheAwareFilter.doFilter(RequestCacheAwareFilter.java:63)
	at org.springframework.security.web.FilterChainProxy$VirtualFilterChain.doFilter(FilterChainProxy.java:374)
	at com.app.bank.web.security.JwtAuthenticationFilter.doFilterInternal(JwtAuthenticationFilter.java:137)
	at org.springframework.web.filter.OncePerRequestFilter.doFilter(OncePerRequestFilter.java:116)
	at org.springframework.security.web.FilterChainProxy$VirtualFilterChain.doFilter(FilterChainProxy.java:374)
	at org.springframework.security.web.authentication.logout.LogoutFilter.doFilter(LogoutFilter.java:107)
	at org.springframework.security.web.authentication.logout.LogoutFilter.doFilter(LogoutFilter.java:93)
	at org.springframework.security.web.FilterChainProxy$VirtualFilterChain.doFilter(FilterChainProxy.java:374)
	at org.springframework.web.filter.CorsFilter.doFilterInternal(CorsFilter.java:91)
	at org.springframework.web.filter.OncePerRequestFilter.doFilter(OncePerRequestFilter.java:116)
	at org.springframework.security.web.FilterChainProxy$VirtualFilterChain.doFilter(FilterChainProxy.java:374)
	at org.springframework.security.web.header.HeaderWriterFilter.doHeadersAfter(HeaderWriterFilter.java:90)
	at org.springframework.security.web.header.HeaderWriterFilter.doFilterInternal(HeaderWriterFilter.java:75)
	at org.springframework.web.filter.OncePerRequestFilter.doFilter(OncePerRequestFilter.java:116)
	at org.springframework.security.web.FilterChainProxy$VirtualFilterChain.doFilter(FilterChainProxy.java:374)
	at org.springframework.security.web.context.SecurityContextHolderFilter.doFilter(SecurityContextHolderFilter.java:82)
	at org.springframework.security.web.context.SecurityContextHolderFilter.doFilter(SecurityContextHolderFilter.java:69)
	at org.springframework.security.web.FilterChainProxy$VirtualFilterChain.doFilter(FilterChainProxy.java:374)
	at org.springframework.security.web.context.request.async.WebAsyncManagerIntegrationFilter.doFilterInternal(WebAsyncManagerIntegrationFilter.java:62)
	at org.springframework.web.filter.OncePerRequestFilter.doFilter(OncePerRequestFilter.java:116)
	at org.springframework.security.web.FilterChainProxy$VirtualFilterChain.doFilter(FilterChainProxy.java:374)
	at org.springframework.security.web.session.DisableEncodeUrlFilter.doFilterInternal(DisableEncodeUrlFilter.java:42)
	at org.springframework.web.filter.OncePerRequestFilter.doFilter(OncePerRequestFilter.java:116)
	at org.springframework.security.web.FilterChainProxy$VirtualFilterChain.doFilter(FilterChainProxy.java:374)
	at org.springframework.security.web.FilterChainProxy.doFilterInternal(FilterChainProxy.java:233)
	at org.springframework.security.web.FilterChainProxy.doFilter(FilterChainProxy.java:191)
	at org.springframework.web.filter.CompositeFilter$VirtualFilterChain.doFilter(CompositeFilter.java:113)
	at org.springframework.web.filter.ServletRequestPathFilter.doFilter(ServletRequestPathFilter.java:52)
	at org.springframework.web.filter.CompositeFilter$VirtualFilterChain.doFilter(CompositeFilter.java:113)
	at org.springframework.web.filter.CompositeFilter.doFilter(CompositeFilter.java:74)
	at org.springframework.security.config.annotation.web.configuration.WebSecurityConfiguration$CompositeFilterChainProxy.doFilter(WebSecurityConfiguration.java:319)
	at org.springframework.web.filter.CompositeFilter$VirtualFilterChain.doFilter(CompositeFilter.java:113)
	at org.springframework.web.servlet.handler.HandlerMappingIntrospector.lambda$createCacheFilter$4(HandlerMappingIntrospector.java:267)
	at org.springframework.web.filter.CompositeFilter$VirtualFilterChain.doFilter(CompositeFilter.java:113)
	at org.springframework.web.filter.CompositeFilter.doFilter(CompositeFilter.java:74)
	at org.springframework.security.config.annotation.web.configuration.WebMvcSecurityConfiguration$CompositeFilterChainProxy.doFilter(WebMvcSecurityConfiguration.java:240)
	at org.springframework.web.filter.DelegatingFilterProxy.invokeDelegate(DelegatingFilterProxy.java:362)
	at org.springframework.web.filter.DelegatingFilterProxy.doFilter(DelegatingFilterProxy.java:278)
	at org.apache.catalina.core.ApplicationFilterChain.internalDoFilter(ApplicationFilterChain.java:162)
	at org.apache.catalina.core.ApplicationFilterChain.doFilter(ApplicationFilterChain.java:138)
	at org.springframework.web.filter.RequestContextFilter.doFilterInternal(RequestContextFilter.java:100)
	at org.springframework.web.filter.OncePerRequestFilter.doFilter(OncePerRequestFilter.java:116)
	at org.apache.catalina.core.ApplicationFilterChain.internalDoFilter(ApplicationFilterChain.java:162)
	at org.apache.catalina.core.ApplicationFilterChain.doFilter(ApplicationFilterChain.java:138)
	at org.springframework.web.filter.FormContentFilter.doFilterInternal(FormContentFilter.java:93)
	at org.springframework.web.filter.OncePerRequestFilter.doFilter(OncePerRequestFilter.java:116)
	at org.apache.catalina.core.ApplicationFilterChain.internalDoFilter(ApplicationFilterChain.java:162)
	at org.apache.catalina.core.ApplicationFilterChain.doFilter(ApplicationFilterChain.java:138)
	at org.springframework.web.filter.CharacterEncodingFilter.doFilterInternal(CharacterEncodingFilter.java:201)
	at org.springframework.web.filter.OncePerRequestFilter.doFilter(OncePerRequestFilter.java:116)
	at org.apache.catalina.core.ApplicationFilterChain.internalDoFilter(ApplicationFilterChain.java:162)
	at org.apache.catalina.core.ApplicationFilterChain.doFilter(ApplicationFilterChain.java:138)
	at org.apache.catalina.core.StandardWrapperValve.invoke(StandardWrapperValve.java:165)
	at org.apache.catalina.core.StandardContextValve.invoke(StandardContextValve.java:88)
	at org.apache.catalina.authenticator.AuthenticatorBase.invoke(AuthenticatorBase.java:482)
	at org.apache.catalina.core.StandardHostValve.invoke(StandardHostValve.java:113)
	at org.apache.catalina.valves.ErrorReportValve.invoke(ErrorReportValve.java:83)
	at org.apache.catalina.core.StandardEngineValve.invoke(StandardEngineValve.java:72)
	at org.apache.catalina.connector.CoyoteAdapter.service(CoyoteAdapter.java:342)
	at org.apache.coyote.http11.Http11Processor.service(Http11Processor.java:399)
	at org.apache.coyote.AbstractProcessorLight.process(AbstractProcessorLight.java:63)
	at org.apache.coyote.AbstractProtocol$ConnectionHandler.process(AbstractProtocol.java:903)
	at org.apache.tomcat.util.net.NioEndpoint$SocketProcessor.doRun(NioEndpoint.java:1774)
	at org.apache.tomcat.util.net.SocketProcessorBase.run(SocketProcessorBase.java:52)
	at org.apache.tomcat.util.threads.ThreadPoolExecutor.runWorker(ThreadPoolExecutor.java:973)
	at org.apache.tomcat.util.threads.ThreadPoolExecutor$Worker.run(ThreadPoolExecutor.java:491)
	at org.apache.tomcat.util.threads.TaskThread$WrappingRunnable.run(TaskThread.java:63)
	at java.base/java.lang.Thread.run(Thread.java:842)
2026-01-10 20:50:13 [http-nio-8989-exec-3] DEBUG o.s.security.web.FilterChainProxy - Securing POST /error?amount=5000&description=%22this%20amount%20is%20withdrawaled%22
2026-01-10 20:50:13 [http-nio-8989-exec-3] DEBUG o.s.security.web.FilterChainProxy - Secured POST /error?amount=5000&description=%22this%20amount%20is%20withdrawaled%22
2026-01-10 20:50:13 [http-nio-8989-exec-3] DEBUG o.s.web.servlet.DispatcherServlet - "ERROR" dispatch for POST "/error?amount=5000&description=%22this%20amount%20is%20withdrawaled%22", parameters={masked}
2026-01-10 20:50:13 [http-nio-8989-exec-3] DEBUG o.s.w.s.m.m.a.RequestMappingHandlerMapping - Mapped to org.springframework.boot.autoconfigure.web.servlet.error.BasicErrorController#error(HttpServletRequest)
2026-01-10 20:50:13 [http-nio-8989-exec-3] DEBUG o.s.w.s.m.m.a.HttpEntityMethodProcessor - Using 'application/json', given [*/*] and supported [application/json, application/*+json]
2026-01-10 20:50:13 [http-nio-8989-exec-3] DEBUG o.s.w.s.m.m.a.HttpEntityMethodProcessor - Writing [{timestamp=Sat Jan 10 20:50:13 IST 2026, status=500, error=Internal Server Error, trace=com.app.bank (truncated)...]
2026-01-10 20:50:13 [http-nio-8989-exec-3] DEBUG o.s.web.servlet.DispatcherServlet - Exiting from "ERROR" dispatch, status 500
2026-01-10 20:50:13 [http-nio-8989-exec-3] DEBUG o.s.s.w.a.AnonymousAuthenticationFilter - Set SecurityContextHolder to anonymous SecurityContext
2026-01-10 20:50:32 [http-nio-8989-exec-5] DEBUG o.s.security.web.FilterChainProxy - Securing POST /api/v1/auth/login
2026-01-10 20:50:32 [http-nio-8989-exec-5] DEBUG o.s.s.w.a.AnonymousAuthenticationFilter - Set SecurityContextHolder to anonymous SecurityContext
2026-01-10 20:50:32 [http-nio-8989-exec-5] DEBUG o.s.security.web.FilterChainProxy - Secured POST /api/v1/auth/login
2026-01-10 20:50:32 [http-nio-8989-exec-5] DEBUG o.s.web.servlet.DispatcherServlet - POST "/api/v1/auth/login", parameters={}
2026-01-10 20:50:32 [http-nio-8989-exec-5] DEBUG o.s.w.s.m.m.a.RequestMappingHandlerMapping - Mapped to com.app.bank.web.controller.AuthController#loginUser(LoginRequest)
2026-01-10 20:50:32 [http-nio-8989-exec-5] DEBUG o.s.w.s.m.m.a.RequestResponseBodyMethodProcessor - Read "application/json;charset=UTF-8" to [com.app.bank.web.dto.LoginRequest@113d7cd2]
2026-01-10 20:50:32 [http-nio-8989-exec-5] DEBUG org.hibernate.SQL - 
    select
        u1_0.id,
        u1_0.aadhar_number,
        u1_0.address,
        u1_0.created_at,
        u1_0.email,
        u1_0.failed_login_attempts,
        u1_0.first_name,
        u1_0.last_login_at,
        u1_0.last_name,
        u1_0.monthly_income,
        u1_0.pan_number,
        u1_0.password,
        u1_0.phone,
        u1_0.role,
        u1_0.status,
        u1_0.username 
    from
        users u1_0 
    where
        u1_0.username=?
2026-01-10 20:50:32 [http-nio-8989-exec-5] DEBUG o.s.s.a.d.DaoAuthenticationProvider - Authenticated user
2026-01-10 20:50:32 [http-nio-8989-exec-5] DEBUG o.s.w.s.m.m.a.HttpEntityMethodProcessor - Using 'application/json', given [*/*] and supported [application/json, application/*+json]
2026-01-10 20:50:32 [http-nio-8989-exec-5] DEBUG o.s.w.s.m.m.a.HttpEntityMethodProcessor - Writing [{tokenType=Bearer, token=eyJhbGciOiJIUzUxMiJ9.eyJzdWIiOiJqYXZlZDU2IiwiY3JlYXRlZCI6MTc2ODA1ODQzMjgwNC (truncated)...]
2026-01-10 20:50:32 [http-nio-8989-exec-5] DEBUG o.s.web.servlet.DispatcherServlet - Completed 200 OK
2026-01-10 20:50:51 [http-nio-8989-exec-6] DEBUG o.s.security.web.FilterChainProxy - Securing POST /api/v1/auth/ZPB0583064955797/withdraw?amount=5000&description=%22this%20amount%20is%20withdrawaled%22
2026-01-10 20:50:51 [http-nio-8989-exec-6] DEBUG org.hibernate.SQL - 
    select
        u1_0.id,
        u1_0.aadhar_number,
        u1_0.address,
        u1_0.created_at,
        u1_0.email,
        u1_0.failed_login_attempts,
        u1_0.first_name,
        u1_0.last_login_at,
        u1_0.last_name,
        u1_0.monthly_income,
        u1_0.pan_number,
        u1_0.password,
        u1_0.phone,
        u1_0.role,
        u1_0.status,
        u1_0.username 
    from
        users u1_0 
    where
        u1_0.username=?
2026-01-10 20:50:51 [http-nio-8989-exec-6] DEBUG o.s.security.web.FilterChainProxy - Secured POST /api/v1/auth/ZPB0583064955797/withdraw?amount=5000&description=%22this%20amount%20is%20withdrawaled%22
2026-01-10 20:50:51 [http-nio-8989-exec-6] DEBUG o.s.web.servlet.DispatcherServlet - POST "/api/v1/auth/ZPB0583064955797/withdraw?amount=5000&description=%22this%20amount%20is%20withdrawaled%22", parameters={masked}
2026-01-10 20:50:51 [http-nio-8989-exec-6] DEBUG o.s.w.s.m.m.a.RequestMappingHandlerMapping - Mapped to com.app.bank.web.controller.AccountController#withdraw(String, BigDecimal, String, Authentication)
2026-01-10 20:50:51 [http-nio-8989-exec-6] DEBUG org.hibernate.SQL - 
    select
        u1_0.id,
        u1_0.aadhar_number,
        u1_0.address,
        u1_0.created_at,
        u1_0.email,
        u1_0.failed_login_attempts,
        u1_0.first_name,
        u1_0.last_login_at,
        u1_0.last_name,
        u1_0.monthly_income,
        u1_0.pan_number,
        u1_0.password,
        u1_0.phone,
        u1_0.role,
        u1_0.status,
        u1_0.username 
    from
        users u1_0 
    where
        u1_0.username=?
2026-01-10 20:50:51 [http-nio-8989-exec-6] DEBUG org.hibernate.SQL - 
    select
        a1_0.id,
        a1_0.account_number,
        a1_0.account_type,
        a1_0.balance,
        a1_0.created_at,
        a1_0.interest_rate,
        a1_0.last_transaction_at,
        a1_0.minimum_balance,
        a1_0.status,
        a1_0.user_id 
    from
        accounts a1_0 
    where
        a1_0.account_number=?
2026-01-10 20:50:51 [http-nio-8989-exec-6] DEBUG org.hibernate.SQL - 
    insert 
    into
        transactions
        (amount, balance_after_transaction, description, from_account_id, reference_number, remarks, status, to_account_id, transaction_date, transaction_id, transaction_type) 
    values
        (?, ?, ?, ?, ?, ?, ?, ?, ?, ?, ?)
2026-01-10 20:50:51 [http-nio-8989-exec-6] DEBUG org.hibernate.SQL - 
    update
        accounts 
    set
        account_number=?,
        account_type=?,
        balance=?,
        created_at=?,
        interest_rate=?,
        last_transaction_at=?,
        minimum_balance=?,
        status=?,
        user_id=? 
    where
        id=?
2026-01-10 20:50:51 [http-nio-8989-exec-6] DEBUG o.s.w.s.m.m.a.HttpEntityMethodProcessor - Using 'application/json', given [*/*] and supported [application/json, application/*+json]
2026-01-10 20:50:51 [http-nio-8989-exec-6] DEBUG o.s.w.s.m.m.a.HttpEntityMethodProcessor - Writing [{newBalance=85000.00, message=Withdrawal Successful, transactionId=TXN1768058451691456}]
2026-01-10 20:50:51 [http-nio-8989-exec-6] DEBUG o.s.web.servlet.DispatcherServlet - Completed 200 OK
2026-01-10 20:51:25 [http-nio-8989-exec-7] DEBUG o.s.security.web.FilterChainProxy - Securing POST /api/v1/auth/apply-loan
2026-01-10 20:51:25 [http-nio-8989-exec-7] DEBUG org.hibernate.SQL - 
    select
        u1_0.id,
        u1_0.aadhar_number,
        u1_0.address,
        u1_0.created_at,
        u1_0.email,
        u1_0.failed_login_attempts,
        u1_0.first_name,
        u1_0.last_login_at,
        u1_0.last_name,
        u1_0.monthly_income,
        u1_0.pan_number,
        u1_0.password,
        u1_0.phone,
        u1_0.role,
        u1_0.status,
        u1_0.username 
    from
        users u1_0 
    where
        u1_0.username=?
2026-01-10 20:51:25 [http-nio-8989-exec-7] DEBUG o.s.security.web.FilterChainProxy - Secured POST /api/v1/auth/apply-loan
2026-01-10 20:51:25 [http-nio-8989-exec-7] DEBUG o.s.web.servlet.DispatcherServlet - POST "/api/v1/auth/apply-loan", parameters={}
2026-01-10 20:51:25 [http-nio-8989-exec-7] DEBUG o.s.w.s.m.m.a.RequestMappingHandlerMapping - Mapped to com.app.bank.web.controller.LoanController#applyForLoan(LoanRequest, Authentication)
2026-01-10 20:51:25 [http-nio-8989-exec-7] DEBUG o.s.w.s.m.m.a.RequestResponseBodyMethodProcessor - Read "application/json;charset=UTF-8" to [com.app.bank.web.dto.LoanRequest@11a942a4]
2026-01-10 20:51:25 [http-nio-8989-exec-7] DEBUG org.hibernate.SQL - 
    select
        u1_0.id,
        u1_0.aadhar_number,
        u1_0.address,
        u1_0.created_at,
        u1_0.email,
        u1_0.failed_login_attempts,
        u1_0.first_name,
        u1_0.last_login_at,
        u1_0.last_name,
        u1_0.monthly_income,
        u1_0.pan_number,
        u1_0.password,
        u1_0.phone,
        u1_0.role,
        u1_0.status,
        u1_0.username 
    from
        users u1_0 
    where
        u1_0.username=?
2026-01-10 20:51:25 [http-nio-8989-exec-7] DEBUG org.hibernate.SQL - 
    select
        a1_0.id,
        a1_0.account_number,
        a1_0.account_type,
        a1_0.balance,
        a1_0.created_at,
        a1_0.interest_rate,
        a1_0.last_transaction_at,
        a1_0.minimum_balance,
        a1_0.status,
        a1_0.user_id 
    from
        accounts a1_0 
    where
        a1_0.account_number=?
2026-01-10 20:51:25 [http-nio-8989-exec-7] DEBUG org.hibernate.SQL - 
    select
        u1_0.id,
        u1_0.aadhar_number,
        u1_0.address,
        u1_0.created_at,
        u1_0.email,
        u1_0.failed_login_attempts,
        u1_0.first_name,
        u1_0.last_login_at,
        u1_0.last_name,
        u1_0.monthly_income,
        u1_0.pan_number,
        u1_0.password,
        u1_0.phone,
        u1_0.role,
        u1_0.status,
        u1_0.username 
    from
        users u1_0 
    where
        u1_0.id=?
2026-01-10 20:51:25 [http-nio-8989-exec-7] DEBUG o.s.web.servlet.DispatcherServlet - Failed to complete request: com.app.bank.web.exception.BankException: Account not belong's to you
2026-01-10 20:51:25 [http-nio-8989-exec-7] ERROR o.a.c.c.C.[.[.[.[dispatcherServlet] - Servlet.service() for servlet [dispatcherServlet] in context with path [] threw exception [Request processing failed: com.app.bank.web.exception.BankException: Account not belong's to you] with root cause
com.app.bank.web.exception.BankException: Account not belong's to you
	at com.app.bank.web.service.LoanService.applyForLoan(LoanService.java:49)
	at java.base/jdk.internal.reflect.NativeMethodAccessorImpl.invoke0(Native Method)
	at java.base/jdk.internal.reflect.NativeMethodAccessorImpl.invoke(NativeMethodAccessorImpl.java:77)
	at java.base/jdk.internal.reflect.DelegatingMethodAccessorImpl.invoke(DelegatingMethodAccessorImpl.java:43)
	at java.base/java.lang.reflect.Method.invoke(Method.java:568)
	at org.springframework.aop.support.AopUtils.invokeJoinpointUsingReflection(AopUtils.java:360)
	at org.springframework.aop.framework.ReflectiveMethodInvocation.invokeJoinpoint(ReflectiveMethodInvocation.java:196)
	at org.springframework.aop.framework.ReflectiveMethodInvocation.proceed(ReflectiveMethodInvocation.java:163)
	at org.springframework.transaction.interceptor.TransactionAspectSupport.invokeWithinTransaction(TransactionAspectSupport.java:380)
	at org.springframework.transaction.interceptor.TransactionInterceptor.invoke(TransactionInterceptor.java:119)
	at org.springframework.aop.framework.ReflectiveMethodInvocation.proceed(ReflectiveMethodInvocation.java:184)
	at org.springframework.aop.framework.CglibAopProxy$DynamicAdvisedInterceptor.intercept(CglibAopProxy.java:728)
	at com.app.bank.web.service.LoanService$$SpringCGLIB$$0.applyForLoan(<generated>)
	at com.app.bank.web.controller.LoanController.applyForLoan(LoanController.java:35)
	at java.base/jdk.internal.reflect.NativeMethodAccessorImpl.invoke0(Native Method)
	at java.base/jdk.internal.reflect.NativeMethodAccessorImpl.invoke(NativeMethodAccessorImpl.java:77)
	at java.base/jdk.internal.reflect.DelegatingMethodAccessorImpl.invoke(DelegatingMethodAccessorImpl.java:43)
	at java.base/java.lang.reflect.Method.invoke(Method.java:568)
	at org.springframework.web.method.support.InvocableHandlerMethod.doInvoke(InvocableHandlerMethod.java:258)
	at org.springframework.web.method.support.InvocableHandlerMethod.invokeForRequest(InvocableHandlerMethod.java:191)
	at org.springframework.web.servlet.mvc.method.annotation.ServletInvocableHandlerMethod.invokeAndHandle(ServletInvocableHandlerMethod.java:118)
	at org.springframework.web.servlet.mvc.method.annotation.RequestMappingHandlerAdapter.invokeHandlerMethod(RequestMappingHandlerAdapter.java:991)
	at org.springframework.web.servlet.mvc.method.annotation.RequestMappingHandlerAdapter.handleInternal(RequestMappingHandlerAdapter.java:896)
	at org.springframework.web.servlet.mvc.method.AbstractHandlerMethodAdapter.handle(AbstractHandlerMethodAdapter.java:87)
	at org.springframework.web.servlet.DispatcherServlet.doDispatch(DispatcherServlet.java:1089)
	at org.springframework.web.servlet.DispatcherServlet.doService(DispatcherServlet.java:979)
	at org.springframework.web.servlet.FrameworkServlet.processRequest(FrameworkServlet.java:1014)
	at org.springframework.web.servlet.FrameworkServlet.doPost(FrameworkServlet.java:914)
	at jakarta.servlet.http.HttpServlet.service(HttpServlet.java:590)
	at org.springframework.web.servlet.FrameworkServlet.service(FrameworkServlet.java:885)
	at jakarta.servlet.http.HttpServlet.service(HttpServlet.java:658)
	at org.apache.catalina.core.ApplicationFilterChain.internalDoFilter(ApplicationFilterChain.java:193)
	at org.apache.catalina.core.ApplicationFilterChain.doFilter(ApplicationFilterChain.java:138)
	at org.apache.tomcat.websocket.server.WsFilter.doFilter(WsFilter.java:51)
	at org.apache.catalina.core.ApplicationFilterChain.internalDoFilter(ApplicationFilterChain.java:162)
	at org.apache.catalina.core.ApplicationFilterChain.doFilter(ApplicationFilterChain.java:138)
	at org.springframework.web.filter.OncePerRequestFilter.doFilter(OncePerRequestFilter.java:110)
	at org.apache.catalina.core.ApplicationFilterChain.internalDoFilter(ApplicationFilterChain.java:162)
	at org.apache.catalina.core.ApplicationFilterChain.doFilter(ApplicationFilterChain.java:138)
	at org.springframework.web.filter.CompositeFilter$VirtualFilterChain.doFilter(CompositeFilter.java:108)
	at org.springframework.web.filter.CompositeFilter$VirtualFilterChain.doFilter(CompositeFilter.java:108)
	at org.springframework.security.web.FilterChainProxy.lambda$doFilterInternal$3(FilterChainProxy.java:231)
	at org.springframework.security.web.FilterChainProxy$VirtualFilterChain.doFilter(FilterChainProxy.java:365)
	at org.springframework.security.web.access.intercept.AuthorizationFilter.doFilter(AuthorizationFilter.java:101)
	at org.springframework.security.web.FilterChainProxy$VirtualFilterChain.doFilter(FilterChainProxy.java:374)
	at org.springframework.security.web.access.ExceptionTranslationFilter.doFilter(ExceptionTranslationFilter.java:125)
	at org.springframework.security.web.access.ExceptionTranslationFilter.doFilter(ExceptionTranslationFilter.java:119)
	at org.springframework.security.web.FilterChainProxy$VirtualFilterChain.doFilter(FilterChainProxy.java:374)
	at org.springframework.security.web.session.SessionManagementFilter.doFilter(SessionManagementFilter.java:131)
	at org.springframework.security.web.session.SessionManagementFilter.doFilter(SessionManagementFilter.java:85)
	at org.springframework.security.web.FilterChainProxy$VirtualFilterChain.doFilter(FilterChainProxy.java:374)
	at org.springframework.security.web.authentication.AnonymousAuthenticationFilter.doFilter(AnonymousAuthenticationFilter.java:100)
	at org.springframework.security.web.FilterChainProxy$VirtualFilterChain.doFilter(FilterChainProxy.java:374)
	at org.springframework.security.web.servletapi.SecurityContextHolderAwareRequestFilter.doFilter(SecurityContextHolderAwareRequestFilter.java:179)
	at org.springframework.security.web.FilterChainProxy$VirtualFilterChain.doFilter(FilterChainProxy.java:374)
	at org.springframework.security.web.savedrequest.RequestCacheAwareFilter.doFilter(RequestCacheAwareFilter.java:63)
	at org.springframework.security.web.FilterChainProxy$VirtualFilterChain.doFilter(FilterChainProxy.java:374)
	at com.app.bank.web.security.JwtAuthenticationFilter.doFilterInternal(JwtAuthenticationFilter.java:137)
	at org.springframework.web.filter.OncePerRequestFilter.doFilter(OncePerRequestFilter.java:116)
	at org.springframework.security.web.FilterChainProxy$VirtualFilterChain.doFilter(FilterChainProxy.java:374)
	at org.springframework.security.web.authentication.logout.LogoutFilter.doFilter(LogoutFilter.java:107)
	at org.springframework.security.web.authentication.logout.LogoutFilter.doFilter(LogoutFilter.java:93)
	at org.springframework.security.web.FilterChainProxy$VirtualFilterChain.doFilter(FilterChainProxy.java:374)
	at org.springframework.web.filter.CorsFilter.doFilterInternal(CorsFilter.java:91)
	at org.springframework.web.filter.OncePerRequestFilter.doFilter(OncePerRequestFilter.java:116)
	at org.springframework.security.web.FilterChainProxy$VirtualFilterChain.doFilter(FilterChainProxy.java:374)
	at org.springframework.security.web.header.HeaderWriterFilter.doHeadersAfter(HeaderWriterFilter.java:90)
	at org.springframework.security.web.header.HeaderWriterFilter.doFilterInternal(HeaderWriterFilter.java:75)
	at org.springframework.web.filter.OncePerRequestFilter.doFilter(OncePerRequestFilter.java:116)
	at org.springframework.security.web.FilterChainProxy$VirtualFilterChain.doFilter(FilterChainProxy.java:374)
	at org.springframework.security.web.context.SecurityContextHolderFilter.doFilter(SecurityContextHolderFilter.java:82)
	at org.springframework.security.web.context.SecurityContextHolderFilter.doFilter(SecurityContextHolderFilter.java:69)
	at org.springframework.security.web.FilterChainProxy$VirtualFilterChain.doFilter(FilterChainProxy.java:374)
	at org.springframework.security.web.context.request.async.WebAsyncManagerIntegrationFilter.doFilterInternal(WebAsyncManagerIntegrationFilter.java:62)
	at org.springframework.web.filter.OncePerRequestFilter.doFilter(OncePerRequestFilter.java:116)
	at org.springframework.security.web.FilterChainProxy$VirtualFilterChain.doFilter(FilterChainProxy.java:374)
	at org.springframework.security.web.session.DisableEncodeUrlFilter.doFilterInternal(DisableEncodeUrlFilter.java:42)
	at org.springframework.web.filter.OncePerRequestFilter.doFilter(OncePerRequestFilter.java:116)
	at org.springframework.security.web.FilterChainProxy$VirtualFilterChain.doFilter(FilterChainProxy.java:374)
	at org.springframework.security.web.FilterChainProxy.doFilterInternal(FilterChainProxy.java:233)
	at org.springframework.security.web.FilterChainProxy.doFilter(FilterChainProxy.java:191)
	at org.springframework.web.filter.CompositeFilter$VirtualFilterChain.doFilter(CompositeFilter.java:113)
	at org.springframework.web.filter.ServletRequestPathFilter.doFilter(ServletRequestPathFilter.java:52)
	at org.springframework.web.filter.CompositeFilter$VirtualFilterChain.doFilter(CompositeFilter.java:113)
	at org.springframework.web.filter.CompositeFilter.doFilter(CompositeFilter.java:74)
	at org.springframework.security.config.annotation.web.configuration.WebSecurityConfiguration$CompositeFilterChainProxy.doFilter(WebSecurityConfiguration.java:319)
	at org.springframework.web.filter.CompositeFilter$VirtualFilterChain.doFilter(CompositeFilter.java:113)
	at org.springframework.web.servlet.handler.HandlerMappingIntrospector.lambda$createCacheFilter$4(HandlerMappingIntrospector.java:267)
	at org.springframework.web.filter.CompositeFilter$VirtualFilterChain.doFilter(CompositeFilter.java:113)
	at org.springframework.web.filter.CompositeFilter.doFilter(CompositeFilter.java:74)
	at org.springframework.security.config.annotation.web.configuration.WebMvcSecurityConfiguration$CompositeFilterChainProxy.doFilter(WebMvcSecurityConfiguration.java:240)
	at org.springframework.web.filter.DelegatingFilterProxy.invokeDelegate(DelegatingFilterProxy.java:362)
	at org.springframework.web.filter.DelegatingFilterProxy.doFilter(DelegatingFilterProxy.java:278)
	at org.apache.catalina.core.ApplicationFilterChain.internalDoFilter(ApplicationFilterChain.java:162)
	at org.apache.catalina.core.ApplicationFilterChain.doFilter(ApplicationFilterChain.java:138)
	at org.springframework.web.filter.RequestContextFilter.doFilterInternal(RequestContextFilter.java:100)
	at org.springframework.web.filter.OncePerRequestFilter.doFilter(OncePerRequestFilter.java:116)
	at org.apache.catalina.core.ApplicationFilterChain.internalDoFilter(ApplicationFilterChain.java:162)
	at org.apache.catalina.core.ApplicationFilterChain.doFilter(ApplicationFilterChain.java:138)
	at org.springframework.web.filter.FormContentFilter.doFilterInternal(FormContentFilter.java:93)
	at org.springframework.web.filter.OncePerRequestFilter.doFilter(OncePerRequestFilter.java:116)
	at org.apache.catalina.core.ApplicationFilterChain.internalDoFilter(ApplicationFilterChain.java:162)
	at org.apache.catalina.core.ApplicationFilterChain.doFilter(ApplicationFilterChain.java:138)
	at org.springframework.web.filter.CharacterEncodingFilter.doFilterInternal(CharacterEncodingFilter.java:201)
	at org.springframework.web.filter.OncePerRequestFilter.doFilter(OncePerRequestFilter.java:116)
	at org.apache.catalina.core.ApplicationFilterChain.internalDoFilter(ApplicationFilterChain.java:162)
	at org.apache.catalina.core.ApplicationFilterChain.doFilter(ApplicationFilterChain.java:138)
	at org.apache.catalina.core.StandardWrapperValve.invoke(StandardWrapperValve.java:165)
	at org.apache.catalina.core.StandardContextValve.invoke(StandardContextValve.java:88)
	at org.apache.catalina.authenticator.AuthenticatorBase.invoke(AuthenticatorBase.java:482)
	at org.apache.catalina.core.StandardHostValve.invoke(StandardHostValve.java:113)
	at org.apache.catalina.valves.ErrorReportValve.invoke(ErrorReportValve.java:83)
	at org.apache.catalina.core.StandardEngineValve.invoke(StandardEngineValve.java:72)
	at org.apache.catalina.connector.CoyoteAdapter.service(CoyoteAdapter.java:342)
	at org.apache.coyote.http11.Http11Processor.service(Http11Processor.java:399)
	at org.apache.coyote.AbstractProcessorLight.process(AbstractProcessorLight.java:63)
	at org.apache.coyote.AbstractProtocol$ConnectionHandler.process(AbstractProtocol.java:903)
	at org.apache.tomcat.util.net.NioEndpoint$SocketProcessor.doRun(NioEndpoint.java:1774)
	at org.apache.tomcat.util.net.SocketProcessorBase.run(SocketProcessorBase.java:52)
	at org.apache.tomcat.util.threads.ThreadPoolExecutor.runWorker(ThreadPoolExecutor.java:973)
	at org.apache.tomcat.util.threads.ThreadPoolExecutor$Worker.run(ThreadPoolExecutor.java:491)
	at org.apache.tomcat.util.threads.TaskThread$WrappingRunnable.run(TaskThread.java:63)
	at java.base/java.lang.Thread.run(Thread.java:842)
2026-01-10 20:51:25 [http-nio-8989-exec-7] DEBUG o.s.security.web.FilterChainProxy - Securing POST /error
2026-01-10 20:51:25 [http-nio-8989-exec-7] DEBUG o.s.security.web.FilterChainProxy - Secured POST /error
2026-01-10 20:51:25 [http-nio-8989-exec-7] DEBUG o.s.web.servlet.DispatcherServlet - "ERROR" dispatch for POST "/error", parameters={}
2026-01-10 20:51:25 [http-nio-8989-exec-7] DEBUG o.s.w.s.m.m.a.RequestMappingHandlerMapping - Mapped to org.springframework.boot.autoconfigure.web.servlet.error.BasicErrorController#error(HttpServletRequest)
2026-01-10 20:51:25 [http-nio-8989-exec-7] DEBUG o.s.w.s.m.m.a.HttpEntityMethodProcessor - Using 'application/json', given [*/*] and supported [application/json, application/*+json]
2026-01-10 20:51:25 [http-nio-8989-exec-7] DEBUG o.s.w.s.m.m.a.HttpEntityMethodProcessor - Writing [{timestamp=Sat Jan 10 20:51:25 IST 2026, status=500, error=Internal Server Error, trace=com.app.bank (truncated)...]
2026-01-10 20:51:25 [http-nio-8989-exec-7] DEBUG o.s.web.servlet.DispatcherServlet - Exiting from "ERROR" dispatch, status 500
2026-01-10 20:51:25 [http-nio-8989-exec-7] DEBUG o.s.s.w.a.AnonymousAuthenticationFilter - Set SecurityContextHolder to anonymous SecurityContext
2026-01-10 20:51:49 [http-nio-8989-exec-9] DEBUG o.s.security.web.FilterChainProxy - Securing POST /api/v1/auth/apply-loan
2026-01-10 20:51:49 [http-nio-8989-exec-9] DEBUG org.hibernate.SQL - 
    select
        u1_0.id,
        u1_0.aadhar_number,
        u1_0.address,
        u1_0.created_at,
        u1_0.email,
        u1_0.failed_login_attempts,
        u1_0.first_name,
        u1_0.last_login_at,
        u1_0.last_name,
        u1_0.monthly_income,
        u1_0.pan_number,
        u1_0.password,
        u1_0.phone,
        u1_0.role,
        u1_0.status,
        u1_0.username 
    from
        users u1_0 
    where
        u1_0.username=?
2026-01-10 20:51:49 [http-nio-8989-exec-9] DEBUG o.s.security.web.FilterChainProxy - Secured POST /api/v1/auth/apply-loan
2026-01-10 20:51:49 [http-nio-8989-exec-9] DEBUG o.s.web.servlet.DispatcherServlet - POST "/api/v1/auth/apply-loan", parameters={}
2026-01-10 20:51:49 [http-nio-8989-exec-9] DEBUG o.s.w.s.m.m.a.RequestMappingHandlerMapping - Mapped to com.app.bank.web.controller.LoanController#applyForLoan(LoanRequest, Authentication)
2026-01-10 20:51:49 [http-nio-8989-exec-9] DEBUG o.s.w.s.m.m.a.RequestResponseBodyMethodProcessor - Read "application/json;charset=UTF-8" to [com.app.bank.web.dto.LoanRequest@5a559096]
2026-01-10 20:51:49 [http-nio-8989-exec-9] DEBUG org.hibernate.SQL - 
    select
        u1_0.id,
        u1_0.aadhar_number,
        u1_0.address,
        u1_0.created_at,
        u1_0.email,
        u1_0.failed_login_attempts,
        u1_0.first_name,
        u1_0.last_login_at,
        u1_0.last_name,
        u1_0.monthly_income,
        u1_0.pan_number,
        u1_0.password,
        u1_0.phone,
        u1_0.role,
        u1_0.status,
        u1_0.username 
    from
        users u1_0 
    where
        u1_0.username=?
2026-01-10 20:51:49 [http-nio-8989-exec-9] DEBUG org.hibernate.SQL - 
    select
        a1_0.id,
        a1_0.account_number,
        a1_0.account_type,
        a1_0.balance,
        a1_0.created_at,
        a1_0.interest_rate,
        a1_0.last_transaction_at,
        a1_0.minimum_balance,
        a1_0.status,
        a1_0.user_id 
    from
        accounts a1_0 
    where
        a1_0.account_number=?
2026-01-10 20:51:49 [http-nio-8989-exec-9] DEBUG org.hibernate.SQL - 
    select
        count(l1_0.id) 
    from
        loans l1_0 
    left join
        users u1_0 
            on u1_0.id=l1_0.user_id 
    where
        u1_0.id=? 
        and l1_0.status=?
2026-01-10 20:51:49 [http-nio-8989-exec-9] DEBUG org.hibernate.SQL - 
    insert 
    into
        loans
        (applied_date, approved_by, approved_date, disbursement_date, emi_amount, interest_rate, account_id, loan_account_number, loan_type, maturity_date, principal_amount, status, tenure_months, total_amount, user_id) 
    values
        (?, ?, ?, ?, ?, ?, ?, ?, ?, ?, ?, ?, ?, ?, ?)
2026-01-10 20:51:49 [http-nio-8989-exec-9] DEBUG o.s.w.s.m.m.a.HttpEntityMethodProcessor - Using 'application/json', given [*/*] and supported [application/json, application/*+json]
2026-01-10 20:51:49 [http-nio-8989-exec-9] DEBUG o.s.w.s.m.m.a.HttpEntityMethodProcessor - Writing [com.app.bank.web.dto.LoanResponse@20ba5ea]
2026-01-10 20:51:49 [http-nio-8989-exec-9] DEBUG o.s.web.servlet.DispatcherServlet - Completed 200 OK
2026-01-10 20:52:01 [http-nio-8989-exec-1] DEBUG o.s.security.web.FilterChainProxy - Securing POST /api/v1/auth/1/approve-loan
2026-01-10 20:52:01 [http-nio-8989-exec-1] DEBUG org.hibernate.SQL - 
    select
        u1_0.id,
        u1_0.aadhar_number,
        u1_0.address,
        u1_0.created_at,
        u1_0.email,
        u1_0.failed_login_attempts,
        u1_0.first_name,
        u1_0.last_login_at,
        u1_0.last_name,
        u1_0.monthly_income,
        u1_0.pan_number,
        u1_0.password,
        u1_0.phone,
        u1_0.role,
        u1_0.status,
        u1_0.username 
    from
        users u1_0 
    where
        u1_0.username=?
2026-01-10 20:52:01 [http-nio-8989-exec-1] DEBUG o.s.s.w.a.AccessDeniedHandlerImpl - Responding with 403 status code
2026-01-10 20:52:01 [http-nio-8989-exec-1] DEBUG o.s.security.web.FilterChainProxy - Securing POST /error
2026-01-10 20:52:01 [http-nio-8989-exec-1] DEBUG o.s.security.web.FilterChainProxy - Secured POST /error
2026-01-10 20:52:01 [http-nio-8989-exec-1] DEBUG o.s.web.servlet.DispatcherServlet - "ERROR" dispatch for POST "/error", parameters={}
2026-01-10 20:52:01 [http-nio-8989-exec-1] DEBUG o.s.w.s.m.m.a.RequestMappingHandlerMapping - Mapped to org.springframework.boot.autoconfigure.web.servlet.error.BasicErrorController#error(HttpServletRequest)
2026-01-10 20:52:01 [http-nio-8989-exec-1] DEBUG o.s.w.s.m.m.a.HttpEntityMethodProcessor - Using 'application/json', given [*/*] and supported [application/json, application/*+json]
2026-01-10 20:52:01 [http-nio-8989-exec-1] DEBUG o.s.w.s.m.m.a.HttpEntityMethodProcessor - Writing [{timestamp=Sat Jan 10 20:52:01 IST 2026, status=403, error=Forbidden, message=Forbidden, path=/api/v (truncated)...]
2026-01-10 20:52:01 [http-nio-8989-exec-1] DEBUG o.s.web.servlet.DispatcherServlet - Exiting from "ERROR" dispatch, status 403
2026-01-10 20:52:01 [http-nio-8989-exec-1] DEBUG o.s.s.w.a.AnonymousAuthenticationFilter - Set SecurityContextHolder to anonymous SecurityContext
2026-01-10 20:52:49 [http-nio-8989-exec-10] DEBUG o.s.security.web.FilterChainProxy - Securing POST /api/v1/auth/2/approve-loan
2026-01-10 20:52:49 [http-nio-8989-exec-10] DEBUG org.hibernate.SQL - 
    select
        u1_0.id,
        u1_0.aadhar_number,
        u1_0.address,
        u1_0.created_at,
        u1_0.email,
        u1_0.failed_login_attempts,
        u1_0.first_name,
        u1_0.last_login_at,
        u1_0.last_name,
        u1_0.monthly_income,
        u1_0.pan_number,
        u1_0.password,
        u1_0.phone,
        u1_0.role,
        u1_0.status,
        u1_0.username 
    from
        users u1_0 
    where
        u1_0.username=?
2026-01-10 20:52:49 [http-nio-8989-exec-10] DEBUG o.s.security.web.FilterChainProxy - Secured POST /api/v1/auth/2/approve-loan
2026-01-10 20:52:49 [http-nio-8989-exec-10] DEBUG o.s.web.servlet.DispatcherServlet - POST "/api/v1/auth/2/approve-loan", parameters={}
2026-01-10 20:52:49 [http-nio-8989-exec-10] DEBUG o.s.w.s.m.m.a.RequestMappingHandlerMapping - Mapped to com.app.bank.web.controller.LoanController#approveLoan(Long, Authentication)
2026-01-10 20:52:49 [http-nio-8989-exec-10] DEBUG org.hibernate.SQL - 
    select
        l1_0.id,
        l1_0.applied_date,
        l1_0.approved_by,
        l1_0.approved_date,
        l1_0.disbursement_date,
        l1_0.emi_amount,
        l1_0.interest_rate,
        l1_0.account_id,
        la1_0.id,
        la1_0.account_number,
        la1_0.account_type,
        la1_0.balance,
        la1_0.created_at,
        la1_0.interest_rate,
        la1_0.last_transaction_at,
        la1_0.minimum_balance,
        la1_0.status,
        la1_0.user_id,
        u1_0.id,
        u1_0.aadhar_number,
        u1_0.address,
        u1_0.created_at,
        u1_0.email,
        u1_0.failed_login_attempts,
        u1_0.first_name,
        u1_0.last_login_at,
        u1_0.last_name,
        u1_0.monthly_income,
        u1_0.pan_number,
        u1_0.password,
        u1_0.phone,
        u1_0.role,
        u1_0.status,
        u1_0.username,
        l1_0.loan_account_number,
        l1_0.loan_type,
        l1_0.maturity_date,
        l1_0.principal_amount,
        l1_0.status,
        l1_0.tenure_months,
        l1_0.total_amount,
        l1_0.user_id,
        u2_0.id,
        u2_0.aadhar_number,
        u2_0.address,
        u2_0.created_at,
        u2_0.email,
        u2_0.failed_login_attempts,
        u2_0.first_name,
        u2_0.last_login_at,
        u2_0.last_name,
        u2_0.monthly_income,
        u2_0.pan_number,
        u2_0.password,
        u2_0.phone,
        u2_0.role,
        u2_0.status,
        u2_0.username 
    from
        loans l1_0 
    join
        accounts la1_0 
            on la1_0.id=l1_0.account_id 
    join
        users u1_0 
            on u1_0.id=la1_0.user_id 
    join
        users u2_0 
            on u2_0.id=l1_0.user_id 
    where
        l1_0.id=?
2026-01-10 20:52:49 [http-nio-8989-exec-10] DEBUG org.hibernate.SQL - 
    update
        accounts 
    set
        account_number=?,
        account_type=?,
        balance=?,
        created_at=?,
        interest_rate=?,
        last_transaction_at=?,
        minimum_balance=?,
        status=?,
        user_id=? 
    where
        id=?
2026-01-10 20:52:49 [http-nio-8989-exec-10] DEBUG org.hibernate.SQL - 
    update
        loans 
    set
        applied_date=?,
        approved_by=?,
        approved_date=?,
        disbursement_date=?,
        emi_amount=?,
        interest_rate=?,
        account_id=?,
        loan_account_number=?,
        loan_type=?,
        maturity_date=?,
        principal_amount=?,
        status=?,
        tenure_months=?,
        total_amount=?,
        user_id=? 
    where
        id=?
2026-01-10 20:52:49 [http-nio-8989-exec-10] DEBUG o.s.w.s.m.m.a.HttpEntityMethodProcessor - Using 'application/json', given [*/*] and supported [application/json, application/*+json]
2026-01-10 20:52:49 [http-nio-8989-exec-10] DEBUG o.s.w.s.m.m.a.HttpEntityMethodProcessor - Writing [com.app.bank.web.dto.LoanResponse@5aea016b]
2026-01-10 20:52:49 [http-nio-8989-exec-10] DEBUG o.s.web.servlet.DispatcherServlet - Completed 200 OK
2026-01-10 20:53:26 [http-nio-8989-exec-2] DEBUG o.s.security.web.FilterChainProxy - Securing POST /api/v1/auth/3/approve-loan
2026-01-10 20:53:26 [http-nio-8989-exec-2] DEBUG org.hibernate.SQL - 
    select
        u1_0.id,
        u1_0.aadhar_number,
        u1_0.address,
        u1_0.created_at,
        u1_0.email,
        u1_0.failed_login_attempts,
        u1_0.first_name,
        u1_0.last_login_at,
        u1_0.last_name,
        u1_0.monthly_income,
        u1_0.pan_number,
        u1_0.password,
        u1_0.phone,
        u1_0.role,
        u1_0.status,
        u1_0.username 
    from
        users u1_0 
    where
        u1_0.username=?
2026-01-10 20:53:26 [http-nio-8989-exec-2] DEBUG o.s.security.web.FilterChainProxy - Secured POST /api/v1/auth/3/approve-loan
2026-01-10 20:53:26 [http-nio-8989-exec-2] DEBUG o.s.web.servlet.DispatcherServlet - POST "/api/v1/auth/3/approve-loan", parameters={}
2026-01-10 20:53:26 [http-nio-8989-exec-2] DEBUG o.s.w.s.m.m.a.RequestMappingHandlerMapping - Mapped to com.app.bank.web.controller.LoanController#approveLoan(Long, Authentication)
2026-01-10 20:53:26 [http-nio-8989-exec-2] DEBUG org.hibernate.SQL - 
    select
        l1_0.id,
        l1_0.applied_date,
        l1_0.approved_by,
        l1_0.approved_date,
        l1_0.disbursement_date,
        l1_0.emi_amount,
        l1_0.interest_rate,
        l1_0.account_id,
        la1_0.id,
        la1_0.account_number,
        la1_0.account_type,
        la1_0.balance,
        la1_0.created_at,
        la1_0.interest_rate,
        la1_0.last_transaction_at,
        la1_0.minimum_balance,
        la1_0.status,
        la1_0.user_id,
        u1_0.id,
        u1_0.aadhar_number,
        u1_0.address,
        u1_0.created_at,
        u1_0.email,
        u1_0.failed_login_attempts,
        u1_0.first_name,
        u1_0.last_login_at,
        u1_0.last_name,
        u1_0.monthly_income,
        u1_0.pan_number,
        u1_0.password,
        u1_0.phone,
        u1_0.role,
        u1_0.status,
        u1_0.username,
        l1_0.loan_account_number,
        l1_0.loan_type,
        l1_0.maturity_date,
        l1_0.principal_amount,
        l1_0.status,
        l1_0.tenure_months,
        l1_0.total_amount,
        l1_0.user_id,
        u2_0.id,
        u2_0.aadhar_number,
        u2_0.address,
        u2_0.created_at,
        u2_0.email,
        u2_0.failed_login_attempts,
        u2_0.first_name,
        u2_0.last_login_at,
        u2_0.last_name,
        u2_0.monthly_income,
        u2_0.pan_number,
        u2_0.password,
        u2_0.phone,
        u2_0.role,
        u2_0.status,
        u2_0.username 
    from
        loans l1_0 
    join
        accounts la1_0 
            on la1_0.id=l1_0.account_id 
    join
        users u1_0 
            on u1_0.id=la1_0.user_id 
    join
        users u2_0 
            on u2_0.id=l1_0.user_id 
    where
        l1_0.id=?
2026-01-10 20:53:26 [http-nio-8989-exec-2] DEBUG org.hibernate.SQL - 
    update
        accounts 
    set
        account_number=?,
        account_type=?,
        balance=?,
        created_at=?,
        interest_rate=?,
        last_transaction_at=?,
        minimum_balance=?,
        status=?,
        user_id=? 
    where
        id=?
2026-01-10 20:53:26 [http-nio-8989-exec-2] DEBUG org.hibernate.SQL - 
    update
        loans 
    set
        applied_date=?,
        approved_by=?,
        approved_date=?,
        disbursement_date=?,
        emi_amount=?,
        interest_rate=?,
        account_id=?,
        loan_account_number=?,
        loan_type=?,
        maturity_date=?,
        principal_amount=?,
        status=?,
        tenure_months=?,
        total_amount=?,
        user_id=? 
    where
        id=?
2026-01-10 20:53:26 [http-nio-8989-exec-2] DEBUG o.s.w.s.m.m.a.HttpEntityMethodProcessor - Using 'application/json', given [*/*] and supported [application/json, application/*+json]
2026-01-10 20:53:26 [http-nio-8989-exec-2] DEBUG o.s.w.s.m.m.a.HttpEntityMethodProcessor - Writing [com.app.bank.web.dto.LoanResponse@7bcf2bf1]
2026-01-10 20:53:26 [http-nio-8989-exec-2] DEBUG o.s.web.servlet.DispatcherServlet - Completed 200 OK
2026-01-10 20:54:13 [http-nio-8989-exec-3] DEBUG o.s.security.web.FilterChainProxy - Securing POST /api/v1/auth/apply-loan
2026-01-10 20:54:13 [http-nio-8989-exec-3] DEBUG org.hibernate.SQL - 
    select
        u1_0.id,
        u1_0.aadhar_number,
        u1_0.address,
        u1_0.created_at,
        u1_0.email,
        u1_0.failed_login_attempts,
        u1_0.first_name,
        u1_0.last_login_at,
        u1_0.last_name,
        u1_0.monthly_income,
        u1_0.pan_number,
        u1_0.password,
        u1_0.phone,
        u1_0.role,
        u1_0.status,
        u1_0.username 
    from
        users u1_0 
    where
        u1_0.username=?
2026-01-10 20:54:13 [http-nio-8989-exec-3] DEBUG o.s.security.web.FilterChainProxy - Secured POST /api/v1/auth/apply-loan
2026-01-10 20:54:13 [http-nio-8989-exec-3] DEBUG o.s.web.servlet.DispatcherServlet - POST "/api/v1/auth/apply-loan", parameters={}
2026-01-10 20:54:13 [http-nio-8989-exec-3] DEBUG o.s.w.s.m.m.a.RequestMappingHandlerMapping - Mapped to com.app.bank.web.controller.LoanController#applyForLoan(LoanRequest, Authentication)
2026-01-10 20:54:13 [http-nio-8989-exec-3] DEBUG o.s.w.s.m.m.a.RequestResponseBodyMethodProcessor - Read "application/json;charset=UTF-8" to [com.app.bank.web.dto.LoanRequest@1943eebe]
2026-01-10 20:54:13 [http-nio-8989-exec-3] DEBUG org.hibernate.SQL - 
    select
        u1_0.id,
        u1_0.aadhar_number,
        u1_0.address,
        u1_0.created_at,
        u1_0.email,
        u1_0.failed_login_attempts,
        u1_0.first_name,
        u1_0.last_login_at,
        u1_0.last_name,
        u1_0.monthly_income,
        u1_0.pan_number,
        u1_0.password,
        u1_0.phone,
        u1_0.role,
        u1_0.status,
        u1_0.username 
    from
        users u1_0 
    where
        u1_0.username=?
2026-01-10 20:54:13 [http-nio-8989-exec-3] DEBUG org.hibernate.SQL - 
    select
        a1_0.id,
        a1_0.account_number,
        a1_0.account_type,
        a1_0.balance,
        a1_0.created_at,
        a1_0.interest_rate,
        a1_0.last_transaction_at,
        a1_0.minimum_balance,
        a1_0.status,
        a1_0.user_id 
    from
        accounts a1_0 
    where
        a1_0.account_number=?
2026-01-10 20:54:13 [http-nio-8989-exec-3] DEBUG org.hibernate.SQL - 
    select
        count(l1_0.id) 
    from
        loans l1_0 
    left join
        users u1_0 
            on u1_0.id=l1_0.user_id 
    where
        u1_0.id=? 
        and l1_0.status=?
2026-01-10 20:54:13 [http-nio-8989-exec-3] DEBUG org.hibernate.SQL - 
    insert 
    into
        loans
        (applied_date, approved_by, approved_date, disbursement_date, emi_amount, interest_rate, account_id, loan_account_number, loan_type, maturity_date, principal_amount, status, tenure_months, total_amount, user_id) 
    values
        (?, ?, ?, ?, ?, ?, ?, ?, ?, ?, ?, ?, ?, ?, ?)
2026-01-10 20:54:13 [http-nio-8989-exec-3] DEBUG o.s.w.s.m.m.a.HttpEntityMethodProcessor - Using 'application/json', given [*/*] and supported [application/json, application/*+json]
2026-01-10 20:54:13 [http-nio-8989-exec-3] DEBUG o.s.w.s.m.m.a.HttpEntityMethodProcessor - Writing [com.app.bank.web.dto.LoanResponse@17571412]
2026-01-10 20:54:13 [http-nio-8989-exec-3] DEBUG o.s.web.servlet.DispatcherServlet - Completed 200 OK
2026-01-10 20:54:26 [http-nio-8989-exec-4] DEBUG o.s.security.web.FilterChainProxy - Securing POST /api/v1/auth/login
2026-01-10 20:54:26 [http-nio-8989-exec-4] DEBUG o.s.s.w.a.AnonymousAuthenticationFilter - Set SecurityContextHolder to anonymous SecurityContext
2026-01-10 20:54:26 [http-nio-8989-exec-4] DEBUG o.s.security.web.FilterChainProxy - Secured POST /api/v1/auth/login
2026-01-10 20:54:26 [http-nio-8989-exec-4] DEBUG o.s.web.servlet.DispatcherServlet - POST "/api/v1/auth/login", parameters={}
2026-01-10 20:54:26 [http-nio-8989-exec-4] DEBUG o.s.w.s.m.m.a.RequestMappingHandlerMapping - Mapped to com.app.bank.web.controller.AuthController#loginUser(LoginRequest)
2026-01-10 20:54:26 [http-nio-8989-exec-4] DEBUG o.s.w.s.m.m.a.RequestResponseBodyMethodProcessor - Read "application/json;charset=UTF-8" to [com.app.bank.web.dto.LoginRequest@6d568bfb]
2026-01-10 20:54:26 [http-nio-8989-exec-4] DEBUG org.hibernate.SQL - 
    select
        u1_0.id,
        u1_0.aadhar_number,
        u1_0.address,
        u1_0.created_at,
        u1_0.email,
        u1_0.failed_login_attempts,
        u1_0.first_name,
        u1_0.last_login_at,
        u1_0.last_name,
        u1_0.monthly_income,
        u1_0.pan_number,
        u1_0.password,
        u1_0.phone,
        u1_0.role,
        u1_0.status,
        u1_0.username 
    from
        users u1_0 
    where
        u1_0.username=?
2026-01-10 20:54:26 [http-nio-8989-exec-4] DEBUG o.s.s.a.d.DaoAuthenticationProvider - Authenticated user
2026-01-10 20:54:26 [http-nio-8989-exec-4] DEBUG o.s.w.s.m.m.a.HttpEntityMethodProcessor - Using 'application/json', given [*/*] and supported [application/json, application/*+json]
2026-01-10 20:54:26 [http-nio-8989-exec-4] DEBUG o.s.w.s.m.m.a.HttpEntityMethodProcessor - Writing [{tokenType=Bearer, token=eyJhbGciOiJIUzUxMiJ9.eyJzdWIiOiJqYXZlZDU2IiwiY3JlYXRlZCI6MTc2ODA1ODY2Njk0My (truncated)...]
2026-01-10 20:54:26 [http-nio-8989-exec-4] DEBUG o.s.web.servlet.DispatcherServlet - Completed 200 OK
2026-01-10 20:54:38 [http-nio-8989-exec-5] DEBUG o.s.security.web.FilterChainProxy - Securing POST /api/v1/auth/3/approve-loan
2026-01-10 20:54:38 [http-nio-8989-exec-5] DEBUG org.hibernate.SQL - 
    select
        u1_0.id,
        u1_0.aadhar_number,
        u1_0.address,
        u1_0.created_at,
        u1_0.email,
        u1_0.failed_login_attempts,
        u1_0.first_name,
        u1_0.last_login_at,
        u1_0.last_name,
        u1_0.monthly_income,
        u1_0.pan_number,
        u1_0.password,
        u1_0.phone,
        u1_0.role,
        u1_0.status,
        u1_0.username 
    from
        users u1_0 
    where
        u1_0.username=?
2026-01-10 20:54:38 [http-nio-8989-exec-5] DEBUG o.s.s.w.a.AccessDeniedHandlerImpl - Responding with 403 status code
2026-01-10 20:54:38 [http-nio-8989-exec-5] DEBUG o.s.security.web.FilterChainProxy - Securing POST /error
2026-01-10 20:54:38 [http-nio-8989-exec-5] DEBUG o.s.security.web.FilterChainProxy - Secured POST /error
2026-01-10 20:54:38 [http-nio-8989-exec-5] DEBUG o.s.web.servlet.DispatcherServlet - "ERROR" dispatch for POST "/error", parameters={}
2026-01-10 20:54:38 [http-nio-8989-exec-5] DEBUG o.s.w.s.m.m.a.RequestMappingHandlerMapping - Mapped to org.springframework.boot.autoconfigure.web.servlet.error.BasicErrorController#error(HttpServletRequest)
2026-01-10 20:54:38 [http-nio-8989-exec-5] DEBUG o.s.w.s.m.m.a.HttpEntityMethodProcessor - Using 'application/json', given [*/*] and supported [application/json, application/*+json]
2026-01-10 20:54:38 [http-nio-8989-exec-5] DEBUG o.s.w.s.m.m.a.HttpEntityMethodProcessor - Writing [{timestamp=Sat Jan 10 20:54:38 IST 2026, status=403, error=Forbidden, message=Forbidden, path=/api/v (truncated)...]
2026-01-10 20:54:38 [http-nio-8989-exec-5] DEBUG o.s.web.servlet.DispatcherServlet - Exiting from "ERROR" dispatch, status 403
2026-01-10 20:54:38 [http-nio-8989-exec-5] DEBUG o.s.s.w.a.AnonymousAuthenticationFilter - Set SecurityContextHolder to anonymous SecurityContext
2026-01-10 20:55:02 [http-nio-8989-exec-6] DEBUG o.s.security.web.FilterChainProxy - Securing POST /api/v1/auth/3/approve-loan
2026-01-10 20:55:02 [http-nio-8989-exec-6] DEBUG org.hibernate.SQL - 
    select
        u1_0.id,
        u1_0.aadhar_number,
        u1_0.address,
        u1_0.created_at,
        u1_0.email,
        u1_0.failed_login_attempts,
        u1_0.first_name,
        u1_0.last_login_at,
        u1_0.last_name,
        u1_0.monthly_income,
        u1_0.pan_number,
        u1_0.password,
        u1_0.phone,
        u1_0.role,
        u1_0.status,
        u1_0.username 
    from
        users u1_0 
    where
        u1_0.username=?
2026-01-10 20:55:02 [http-nio-8989-exec-6] DEBUG o.s.security.web.FilterChainProxy - Secured POST /api/v1/auth/3/approve-loan
2026-01-10 20:55:02 [http-nio-8989-exec-6] DEBUG o.s.web.servlet.DispatcherServlet - POST "/api/v1/auth/3/approve-loan", parameters={}
2026-01-10 20:55:02 [http-nio-8989-exec-6] DEBUG o.s.w.s.m.m.a.RequestMappingHandlerMapping - Mapped to com.app.bank.web.controller.LoanController#approveLoan(Long, Authentication)
2026-01-10 20:55:02 [http-nio-8989-exec-6] DEBUG org.hibernate.SQL - 
    select
        l1_0.id,
        l1_0.applied_date,
        l1_0.approved_by,
        l1_0.approved_date,
        l1_0.disbursement_date,
        l1_0.emi_amount,
        l1_0.interest_rate,
        l1_0.account_id,
        la1_0.id,
        la1_0.account_number,
        la1_0.account_type,
        la1_0.balance,
        la1_0.created_at,
        la1_0.interest_rate,
        la1_0.last_transaction_at,
        la1_0.minimum_balance,
        la1_0.status,
        la1_0.user_id,
        u1_0.id,
        u1_0.aadhar_number,
        u1_0.address,
        u1_0.created_at,
        u1_0.email,
        u1_0.failed_login_attempts,
        u1_0.first_name,
        u1_0.last_login_at,
        u1_0.last_name,
        u1_0.monthly_income,
        u1_0.pan_number,
        u1_0.password,
        u1_0.phone,
        u1_0.role,
        u1_0.status,
        u1_0.username,
        l1_0.loan_account_number,
        l1_0.loan_type,
        l1_0.maturity_date,
        l1_0.principal_amount,
        l1_0.status,
        l1_0.tenure_months,
        l1_0.total_amount,
        l1_0.user_id,
        u2_0.id,
        u2_0.aadhar_number,
        u2_0.address,
        u2_0.created_at,
        u2_0.email,
        u2_0.failed_login_attempts,
        u2_0.first_name,
        u2_0.last_login_at,
        u2_0.last_name,
        u2_0.monthly_income,
        u2_0.pan_number,
        u2_0.password,
        u2_0.phone,
        u2_0.role,
        u2_0.status,
        u2_0.username 
    from
        loans l1_0 
    join
        accounts la1_0 
            on la1_0.id=l1_0.account_id 
    join
        users u1_0 
            on u1_0.id=la1_0.user_id 
    join
        users u2_0 
            on u2_0.id=l1_0.user_id 
    where
        l1_0.id=?
2026-01-10 20:55:02 [http-nio-8989-exec-6] DEBUG o.s.web.servlet.DispatcherServlet - Failed to complete request: com.app.bank.web.exception.BankException: Loan cannot be approved in current status
2026-01-10 20:55:02 [http-nio-8989-exec-6] ERROR o.a.c.c.C.[.[.[.[dispatcherServlet] - Servlet.service() for servlet [dispatcherServlet] in context with path [] threw exception [Request processing failed: com.app.bank.web.exception.BankException: Loan cannot be approved in current status] with root cause
com.app.bank.web.exception.BankException: Loan cannot be approved in current status
	at com.app.bank.web.service.LoanService.approveLoan(LoanService.java:80)
	at java.base/jdk.internal.reflect.NativeMethodAccessorImpl.invoke0(Native Method)
	at java.base/jdk.internal.reflect.NativeMethodAccessorImpl.invoke(NativeMethodAccessorImpl.java:77)
	at java.base/jdk.internal.reflect.DelegatingMethodAccessorImpl.invoke(DelegatingMethodAccessorImpl.java:43)
	at java.base/java.lang.reflect.Method.invoke(Method.java:568)
	at org.springframework.aop.support.AopUtils.invokeJoinpointUsingReflection(AopUtils.java:360)
	at org.springframework.aop.framework.ReflectiveMethodInvocation.invokeJoinpoint(ReflectiveMethodInvocation.java:196)
	at org.springframework.aop.framework.ReflectiveMethodInvocation.proceed(ReflectiveMethodInvocation.java:163)
	at org.springframework.transaction.interceptor.TransactionAspectSupport.invokeWithinTransaction(TransactionAspectSupport.java:380)
	at org.springframework.transaction.interceptor.TransactionInterceptor.invoke(TransactionInterceptor.java:119)
	at org.springframework.aop.framework.ReflectiveMethodInvocation.proceed(ReflectiveMethodInvocation.java:184)
	at org.springframework.aop.framework.CglibAopProxy$DynamicAdvisedInterceptor.intercept(CglibAopProxy.java:728)
	at com.app.bank.web.service.LoanService$$SpringCGLIB$$0.approveLoan(<generated>)
	at com.app.bank.web.controller.LoanController.approveLoan(LoanController.java:40)
	at java.base/jdk.internal.reflect.NativeMethodAccessorImpl.invoke0(Native Method)
	at java.base/jdk.internal.reflect.NativeMethodAccessorImpl.invoke(NativeMethodAccessorImpl.java:77)
	at java.base/jdk.internal.reflect.DelegatingMethodAccessorImpl.invoke(DelegatingMethodAccessorImpl.java:43)
	at java.base/java.lang.reflect.Method.invoke(Method.java:568)
	at org.springframework.web.method.support.InvocableHandlerMethod.doInvoke(InvocableHandlerMethod.java:258)
	at org.springframework.web.method.support.InvocableHandlerMethod.invokeForRequest(InvocableHandlerMethod.java:191)
	at org.springframework.web.servlet.mvc.method.annotation.ServletInvocableHandlerMethod.invokeAndHandle(ServletInvocableHandlerMethod.java:118)
	at org.springframework.web.servlet.mvc.method.annotation.RequestMappingHandlerAdapter.invokeHandlerMethod(RequestMappingHandlerAdapter.java:991)
	at org.springframework.web.servlet.mvc.method.annotation.RequestMappingHandlerAdapter.handleInternal(RequestMappingHandlerAdapter.java:896)
	at org.springframework.web.servlet.mvc.method.AbstractHandlerMethodAdapter.handle(AbstractHandlerMethodAdapter.java:87)
	at org.springframework.web.servlet.DispatcherServlet.doDispatch(DispatcherServlet.java:1089)
	at org.springframework.web.servlet.DispatcherServlet.doService(DispatcherServlet.java:979)
	at org.springframework.web.servlet.FrameworkServlet.processRequest(FrameworkServlet.java:1014)
	at org.springframework.web.servlet.FrameworkServlet.doPost(FrameworkServlet.java:914)
	at jakarta.servlet.http.HttpServlet.service(HttpServlet.java:590)
	at org.springframework.web.servlet.FrameworkServlet.service(FrameworkServlet.java:885)
	at jakarta.servlet.http.HttpServlet.service(HttpServlet.java:658)
	at org.apache.catalina.core.ApplicationFilterChain.internalDoFilter(ApplicationFilterChain.java:193)
	at org.apache.catalina.core.ApplicationFilterChain.doFilter(ApplicationFilterChain.java:138)
	at org.apache.tomcat.websocket.server.WsFilter.doFilter(WsFilter.java:51)
	at org.apache.catalina.core.ApplicationFilterChain.internalDoFilter(ApplicationFilterChain.java:162)
	at org.apache.catalina.core.ApplicationFilterChain.doFilter(ApplicationFilterChain.java:138)
	at org.springframework.web.filter.OncePerRequestFilter.doFilter(OncePerRequestFilter.java:110)
	at org.apache.catalina.core.ApplicationFilterChain.internalDoFilter(ApplicationFilterChain.java:162)
	at org.apache.catalina.core.ApplicationFilterChain.doFilter(ApplicationFilterChain.java:138)
	at org.springframework.web.filter.CompositeFilter$VirtualFilterChain.doFilter(CompositeFilter.java:108)
	at org.springframework.web.filter.CompositeFilter$VirtualFilterChain.doFilter(CompositeFilter.java:108)
	at org.springframework.security.web.FilterChainProxy.lambda$doFilterInternal$3(FilterChainProxy.java:231)
	at org.springframework.security.web.FilterChainProxy$VirtualFilterChain.doFilter(FilterChainProxy.java:365)
	at org.springframework.security.web.access.intercept.AuthorizationFilter.doFilter(AuthorizationFilter.java:101)
	at org.springframework.security.web.FilterChainProxy$VirtualFilterChain.doFilter(FilterChainProxy.java:374)
	at org.springframework.security.web.access.ExceptionTranslationFilter.doFilter(ExceptionTranslationFilter.java:125)
	at org.springframework.security.web.access.ExceptionTranslationFilter.doFilter(ExceptionTranslationFilter.java:119)
	at org.springframework.security.web.FilterChainProxy$VirtualFilterChain.doFilter(FilterChainProxy.java:374)
	at org.springframework.security.web.session.SessionManagementFilter.doFilter(SessionManagementFilter.java:131)
	at org.springframework.security.web.session.SessionManagementFilter.doFilter(SessionManagementFilter.java:85)
	at org.springframework.security.web.FilterChainProxy$VirtualFilterChain.doFilter(FilterChainProxy.java:374)
	at org.springframework.security.web.authentication.AnonymousAuthenticationFilter.doFilter(AnonymousAuthenticationFilter.java:100)
	at org.springframework.security.web.FilterChainProxy$VirtualFilterChain.doFilter(FilterChainProxy.java:374)
	at org.springframework.security.web.servletapi.SecurityContextHolderAwareRequestFilter.doFilter(SecurityContextHolderAwareRequestFilter.java:179)
	at org.springframework.security.web.FilterChainProxy$VirtualFilterChain.doFilter(FilterChainProxy.java:374)
	at org.springframework.security.web.savedrequest.RequestCacheAwareFilter.doFilter(RequestCacheAwareFilter.java:63)
	at org.springframework.security.web.FilterChainProxy$VirtualFilterChain.doFilter(FilterChainProxy.java:374)
	at com.app.bank.web.security.JwtAuthenticationFilter.doFilterInternal(JwtAuthenticationFilter.java:137)
	at org.springframework.web.filter.OncePerRequestFilter.doFilter(OncePerRequestFilter.java:116)
	at org.springframework.security.web.FilterChainProxy$VirtualFilterChain.doFilter(FilterChainProxy.java:374)
	at org.springframework.security.web.authentication.logout.LogoutFilter.doFilter(LogoutFilter.java:107)
	at org.springframework.security.web.authentication.logout.LogoutFilter.doFilter(LogoutFilter.java:93)
	at org.springframework.security.web.FilterChainProxy$VirtualFilterChain.doFilter(FilterChainProxy.java:374)
	at org.springframework.web.filter.CorsFilter.doFilterInternal(CorsFilter.java:91)
	at org.springframework.web.filter.OncePerRequestFilter.doFilter(OncePerRequestFilter.java:116)
	at org.springframework.security.web.FilterChainProxy$VirtualFilterChain.doFilter(FilterChainProxy.java:374)
	at org.springframework.security.web.header.HeaderWriterFilter.doHeadersAfter(HeaderWriterFilter.java:90)
	at org.springframework.security.web.header.HeaderWriterFilter.doFilterInternal(HeaderWriterFilter.java:75)
	at org.springframework.web.filter.OncePerRequestFilter.doFilter(OncePerRequestFilter.java:116)
	at org.springframework.security.web.FilterChainProxy$VirtualFilterChain.doFilter(FilterChainProxy.java:374)
	at org.springframework.security.web.context.SecurityContextHolderFilter.doFilter(SecurityContextHolderFilter.java:82)
	at org.springframework.security.web.context.SecurityContextHolderFilter.doFilter(SecurityContextHolderFilter.java:69)
	at org.springframework.security.web.FilterChainProxy$VirtualFilterChain.doFilter(FilterChainProxy.java:374)
	at org.springframework.security.web.context.request.async.WebAsyncManagerIntegrationFilter.doFilterInternal(WebAsyncManagerIntegrationFilter.java:62)
	at org.springframework.web.filter.OncePerRequestFilter.doFilter(OncePerRequestFilter.java:116)
	at org.springframework.security.web.FilterChainProxy$VirtualFilterChain.doFilter(FilterChainProxy.java:374)
	at org.springframework.security.web.session.DisableEncodeUrlFilter.doFilterInternal(DisableEncodeUrlFilter.java:42)
	at org.springframework.web.filter.OncePerRequestFilter.doFilter(OncePerRequestFilter.java:116)
	at org.springframework.security.web.FilterChainProxy$VirtualFilterChain.doFilter(FilterChainProxy.java:374)
	at org.springframework.security.web.FilterChainProxy.doFilterInternal(FilterChainProxy.java:233)
	at org.springframework.security.web.FilterChainProxy.doFilter(FilterChainProxy.java:191)
	at org.springframework.web.filter.CompositeFilter$VirtualFilterChain.doFilter(CompositeFilter.java:113)
	at org.springframework.web.filter.ServletRequestPathFilter.doFilter(ServletRequestPathFilter.java:52)
	at org.springframework.web.filter.CompositeFilter$VirtualFilterChain.doFilter(CompositeFilter.java:113)
	at org.springframework.web.filter.CompositeFilter.doFilter(CompositeFilter.java:74)
	at org.springframework.security.config.annotation.web.configuration.WebSecurityConfiguration$CompositeFilterChainProxy.doFilter(WebSecurityConfiguration.java:319)
	at org.springframework.web.filter.CompositeFilter$VirtualFilterChain.doFilter(CompositeFilter.java:113)
	at org.springframework.web.servlet.handler.HandlerMappingIntrospector.lambda$createCacheFilter$4(HandlerMappingIntrospector.java:267)
	at org.springframework.web.filter.CompositeFilter$VirtualFilterChain.doFilter(CompositeFilter.java:113)
	at org.springframework.web.filter.CompositeFilter.doFilter(CompositeFilter.java:74)
	at org.springframework.security.config.annotation.web.configuration.WebMvcSecurityConfiguration$CompositeFilterChainProxy.doFilter(WebMvcSecurityConfiguration.java:240)
	at org.springframework.web.filter.DelegatingFilterProxy.invokeDelegate(DelegatingFilterProxy.java:362)
	at org.springframework.web.filter.DelegatingFilterProxy.doFilter(DelegatingFilterProxy.java:278)
	at org.apache.catalina.core.ApplicationFilterChain.internalDoFilter(ApplicationFilterChain.java:162)
	at org.apache.catalina.core.ApplicationFilterChain.doFilter(ApplicationFilterChain.java:138)
	at org.springframework.web.filter.RequestContextFilter.doFilterInternal(RequestContextFilter.java:100)
	at org.springframework.web.filter.OncePerRequestFilter.doFilter(OncePerRequestFilter.java:116)
	at org.apache.catalina.core.ApplicationFilterChain.internalDoFilter(ApplicationFilterChain.java:162)
	at org.apache.catalina.core.ApplicationFilterChain.doFilter(ApplicationFilterChain.java:138)
	at org.springframework.web.filter.FormContentFilter.doFilterInternal(FormContentFilter.java:93)
	at org.springframework.web.filter.OncePerRequestFilter.doFilter(OncePerRequestFilter.java:116)
	at org.apache.catalina.core.ApplicationFilterChain.internalDoFilter(ApplicationFilterChain.java:162)
	at org.apache.catalina.core.ApplicationFilterChain.doFilter(ApplicationFilterChain.java:138)
	at org.springframework.web.filter.CharacterEncodingFilter.doFilterInternal(CharacterEncodingFilter.java:201)
	at org.springframework.web.filter.OncePerRequestFilter.doFilter(OncePerRequestFilter.java:116)
	at org.apache.catalina.core.ApplicationFilterChain.internalDoFilter(ApplicationFilterChain.java:162)
	at org.apache.catalina.core.ApplicationFilterChain.doFilter(ApplicationFilterChain.java:138)
	at org.apache.catalina.core.StandardWrapperValve.invoke(StandardWrapperValve.java:165)
	at org.apache.catalina.core.StandardContextValve.invoke(StandardContextValve.java:88)
	at org.apache.catalina.authenticator.AuthenticatorBase.invoke(AuthenticatorBase.java:482)
	at org.apache.catalina.core.StandardHostValve.invoke(StandardHostValve.java:113)
	at org.apache.catalina.valves.ErrorReportValve.invoke(ErrorReportValve.java:83)
	at org.apache.catalina.core.StandardEngineValve.invoke(StandardEngineValve.java:72)
	at org.apache.catalina.connector.CoyoteAdapter.service(CoyoteAdapter.java:342)
	at org.apache.coyote.http11.Http11Processor.service(Http11Processor.java:399)
	at org.apache.coyote.AbstractProcessorLight.process(AbstractProcessorLight.java:63)
	at org.apache.coyote.AbstractProtocol$ConnectionHandler.process(AbstractProtocol.java:903)
	at org.apache.tomcat.util.net.NioEndpoint$SocketProcessor.doRun(NioEndpoint.java:1774)
	at org.apache.tomcat.util.net.SocketProcessorBase.run(SocketProcessorBase.java:52)
	at org.apache.tomcat.util.threads.ThreadPoolExecutor.runWorker(ThreadPoolExecutor.java:973)
	at org.apache.tomcat.util.threads.ThreadPoolExecutor$Worker.run(ThreadPoolExecutor.java:491)
	at org.apache.tomcat.util.threads.TaskThread$WrappingRunnable.run(TaskThread.java:63)
	at java.base/java.lang.Thread.run(Thread.java:842)
2026-01-10 20:55:02 [http-nio-8989-exec-6] DEBUG o.s.security.web.FilterChainProxy - Securing POST /error
2026-01-10 20:55:02 [http-nio-8989-exec-6] DEBUG o.s.security.web.FilterChainProxy - Secured POST /error
2026-01-10 20:55:02 [http-nio-8989-exec-6] DEBUG o.s.web.servlet.DispatcherServlet - "ERROR" dispatch for POST "/error", parameters={}
2026-01-10 20:55:02 [http-nio-8989-exec-6] DEBUG o.s.w.s.m.m.a.RequestMappingHandlerMapping - Mapped to org.springframework.boot.autoconfigure.web.servlet.error.BasicErrorController#error(HttpServletRequest)
2026-01-10 20:55:02 [http-nio-8989-exec-6] DEBUG o.s.w.s.m.m.a.HttpEntityMethodProcessor - Using 'application/json', given [*/*] and supported [application/json, application/*+json]
2026-01-10 20:55:02 [http-nio-8989-exec-6] DEBUG o.s.w.s.m.m.a.HttpEntityMethodProcessor - Writing [{timestamp=Sat Jan 10 20:55:02 IST 2026, status=500, error=Internal Server Error, trace=com.app.bank (truncated)...]
2026-01-10 20:55:02 [http-nio-8989-exec-6] DEBUG o.s.web.servlet.DispatcherServlet - Exiting from "ERROR" dispatch, status 500
2026-01-10 20:55:02 [http-nio-8989-exec-6] DEBUG o.s.s.w.a.AnonymousAuthenticationFilter - Set SecurityContextHolder to anonymous SecurityContext
2026-01-10 20:55:08 [http-nio-8989-exec-8] DEBUG o.s.security.web.FilterChainProxy - Securing POST /api/v1/auth/4/approve-loan
2026-01-10 20:55:08 [http-nio-8989-exec-8] DEBUG org.hibernate.SQL - 
    select
        u1_0.id,
        u1_0.aadhar_number,
        u1_0.address,
        u1_0.created_at,
        u1_0.email,
        u1_0.failed_login_attempts,
        u1_0.first_name,
        u1_0.last_login_at,
        u1_0.last_name,
        u1_0.monthly_income,
        u1_0.pan_number,
        u1_0.password,
        u1_0.phone,
        u1_0.role,
        u1_0.status,
        u1_0.username 
    from
        users u1_0 
    where
        u1_0.username=?
2026-01-10 20:55:08 [http-nio-8989-exec-8] DEBUG o.s.security.web.FilterChainProxy - Secured POST /api/v1/auth/4/approve-loan
2026-01-10 20:55:08 [http-nio-8989-exec-8] DEBUG o.s.web.servlet.DispatcherServlet - POST "/api/v1/auth/4/approve-loan", parameters={}
2026-01-10 20:55:08 [http-nio-8989-exec-8] DEBUG o.s.w.s.m.m.a.RequestMappingHandlerMapping - Mapped to com.app.bank.web.controller.LoanController#approveLoan(Long, Authentication)
2026-01-10 20:55:08 [http-nio-8989-exec-8] DEBUG org.hibernate.SQL - 
    select
        l1_0.id,
        l1_0.applied_date,
        l1_0.approved_by,
        l1_0.approved_date,
        l1_0.disbursement_date,
        l1_0.emi_amount,
        l1_0.interest_rate,
        l1_0.account_id,
        la1_0.id,
        la1_0.account_number,
        la1_0.account_type,
        la1_0.balance,
        la1_0.created_at,
        la1_0.interest_rate,
        la1_0.last_transaction_at,
        la1_0.minimum_balance,
        la1_0.status,
        la1_0.user_id,
        u1_0.id,
        u1_0.aadhar_number,
        u1_0.address,
        u1_0.created_at,
        u1_0.email,
        u1_0.failed_login_attempts,
        u1_0.first_name,
        u1_0.last_login_at,
        u1_0.last_name,
        u1_0.monthly_income,
        u1_0.pan_number,
        u1_0.password,
        u1_0.phone,
        u1_0.role,
        u1_0.status,
        u1_0.username,
        l1_0.loan_account_number,
        l1_0.loan_type,
        l1_0.maturity_date,
        l1_0.principal_amount,
        l1_0.status,
        l1_0.tenure_months,
        l1_0.total_amount,
        l1_0.user_id,
        u2_0.id,
        u2_0.aadhar_number,
        u2_0.address,
        u2_0.created_at,
        u2_0.email,
        u2_0.failed_login_attempts,
        u2_0.first_name,
        u2_0.last_login_at,
        u2_0.last_name,
        u2_0.monthly_income,
        u2_0.pan_number,
        u2_0.password,
        u2_0.phone,
        u2_0.role,
        u2_0.status,
        u2_0.username 
    from
        loans l1_0 
    join
        accounts la1_0 
            on la1_0.id=l1_0.account_id 
    join
        users u1_0 
            on u1_0.id=la1_0.user_id 
    join
        users u2_0 
            on u2_0.id=l1_0.user_id 
    where
        l1_0.id=?
2026-01-10 20:55:08 [http-nio-8989-exec-8] DEBUG org.hibernate.SQL - 
    update
        accounts 
    set
        account_number=?,
        account_type=?,
        balance=?,
        created_at=?,
        interest_rate=?,
        last_transaction_at=?,
        minimum_balance=?,
        status=?,
        user_id=? 
    where
        id=?
2026-01-10 20:55:08 [http-nio-8989-exec-8] DEBUG org.hibernate.SQL - 
    update
        loans 
    set
        applied_date=?,
        approved_by=?,
        approved_date=?,
        disbursement_date=?,
        emi_amount=?,
        interest_rate=?,
        account_id=?,
        loan_account_number=?,
        loan_type=?,
        maturity_date=?,
        principal_amount=?,
        status=?,
        tenure_months=?,
        total_amount=?,
        user_id=? 
    where
        id=?
2026-01-10 20:55:08 [http-nio-8989-exec-8] DEBUG o.s.w.s.m.m.a.HttpEntityMethodProcessor - Using 'application/json', given [*/*] and supported [application/json, application/*+json]
2026-01-10 20:55:08 [http-nio-8989-exec-8] DEBUG o.s.w.s.m.m.a.HttpEntityMethodProcessor - Writing [com.app.bank.web.dto.LoanResponse@6a7545a5]
2026-01-10 20:55:08 [http-nio-8989-exec-8] DEBUG o.s.web.servlet.DispatcherServlet - Completed 200 OK
2026-01-10 20:57:29 [http-nio-8989-exec-10] DEBUG o.s.security.web.FilterChainProxy - Securing GET /api/v1/auth/my-loans
2026-01-10 20:57:29 [http-nio-8989-exec-10] DEBUG org.hibernate.SQL - 
    select
        u1_0.id,
        u1_0.aadhar_number,
        u1_0.address,
        u1_0.created_at,
        u1_0.email,
        u1_0.failed_login_attempts,
        u1_0.first_name,
        u1_0.last_login_at,
        u1_0.last_name,
        u1_0.monthly_income,
        u1_0.pan_number,
        u1_0.password,
        u1_0.phone,
        u1_0.role,
        u1_0.status,
        u1_0.username 
    from
        users u1_0 
    where
        u1_0.username=?
2026-01-10 20:57:29 [http-nio-8989-exec-10] DEBUG o.s.security.web.FilterChainProxy - Secured GET /api/v1/auth/my-loans
2026-01-10 20:57:29 [http-nio-8989-exec-10] DEBUG o.s.web.servlet.DispatcherServlet - GET "/api/v1/auth/my-loans", parameters={}
2026-01-10 20:57:29 [http-nio-8989-exec-10] DEBUG o.s.w.s.m.m.a.RequestMappingHandlerMapping - Mapped to com.app.bank.web.controller.LoanController#getMyLoans(Authentication)
2026-01-10 20:57:29 [http-nio-8989-exec-10] DEBUG org.hibernate.SQL - 
    select
        u1_0.id,
        u1_0.aadhar_number,
        u1_0.address,
        u1_0.created_at,
        u1_0.email,
        u1_0.failed_login_attempts,
        u1_0.first_name,
        u1_0.last_login_at,
        u1_0.last_name,
        u1_0.monthly_income,
        u1_0.pan_number,
        u1_0.password,
        u1_0.phone,
        u1_0.role,
        u1_0.status,
        u1_0.username 
    from
        users u1_0 
    where
        u1_0.username=?
2026-01-10 20:57:29 [http-nio-8989-exec-10] DEBUG org.hibernate.SQL - 
    select
        l1_0.id,
        l1_0.applied_date,
        l1_0.approved_by,
        l1_0.approved_date,
        l1_0.disbursement_date,
        l1_0.emi_amount,
        l1_0.interest_rate,
        l1_0.account_id,
        l1_0.loan_account_number,
        l1_0.loan_type,
        l1_0.maturity_date,
        l1_0.principal_amount,
        l1_0.status,
        l1_0.tenure_months,
        l1_0.total_amount,
        l1_0.user_id 
    from
        loans l1_0 
    left join
        users u1_0 
            on u1_0.id=l1_0.user_id 
    where
        u1_0.id=?
2026-01-10 20:57:29 [http-nio-8989-exec-10] DEBUG org.hibernate.SQL - 
    select
        a1_0.id,
        a1_0.account_number,
        a1_0.account_type,
        a1_0.balance,
        a1_0.created_at,
        a1_0.interest_rate,
        a1_0.last_transaction_at,
        a1_0.minimum_balance,
        a1_0.status,
        a1_0.user_id,
        u1_0.id,
        u1_0.aadhar_number,
        u1_0.address,
        u1_0.created_at,
        u1_0.email,
        u1_0.failed_login_attempts,
        u1_0.first_name,
        u1_0.last_login_at,
        u1_0.last_name,
        u1_0.monthly_income,
        u1_0.pan_number,
        u1_0.password,
        u1_0.phone,
        u1_0.role,
        u1_0.status,
        u1_0.username 
    from
        accounts a1_0 
    join
        users u1_0 
            on u1_0.id=a1_0.user_id 
    where
        a1_0.id=?
2026-01-10 20:57:29 [http-nio-8989-exec-10] DEBUG o.s.w.s.m.m.a.HttpEntityMethodProcessor - Using 'application/json', given [*/*] and supported [application/json, application/*+json]
2026-01-10 20:57:29 [http-nio-8989-exec-10] DEBUG o.s.w.s.m.m.a.HttpEntityMethodProcessor - Writing [[com.app.bank.web.dto.LoanResponse@5e67238, com.app.bank.web.dto.LoanResponse@449554f2]]
2026-01-10 20:57:29 [http-nio-8989-exec-10] DEBUG o.s.web.servlet.DispatcherServlet - Completed 200 OK
2026-01-10 20:58:28 [http-nio-8989-exec-2] DEBUG o.s.security.web.FilterChainProxy - Securing POST /api/v1/auth/login
2026-01-10 20:58:28 [http-nio-8989-exec-2] DEBUG o.s.s.w.a.AnonymousAuthenticationFilter - Set SecurityContextHolder to anonymous SecurityContext
2026-01-10 20:58:28 [http-nio-8989-exec-2] DEBUG o.s.security.web.FilterChainProxy - Secured POST /api/v1/auth/login
2026-01-10 20:58:28 [http-nio-8989-exec-2] DEBUG o.s.web.servlet.DispatcherServlet - POST "/api/v1/auth/login", parameters={}
2026-01-10 20:58:28 [http-nio-8989-exec-2] DEBUG o.s.w.s.m.m.a.RequestMappingHandlerMapping - Mapped to com.app.bank.web.controller.AuthController#loginUser(LoginRequest)
2026-01-10 20:58:28 [http-nio-8989-exec-2] DEBUG o.s.w.s.m.m.a.RequestResponseBodyMethodProcessor - Read "application/json;charset=UTF-8" to [com.app.bank.web.dto.LoginRequest@582508ba]
2026-01-10 20:58:28 [http-nio-8989-exec-2] DEBUG org.hibernate.SQL - 
    select
        u1_0.id,
        u1_0.aadhar_number,
        u1_0.address,
        u1_0.created_at,
        u1_0.email,
        u1_0.failed_login_attempts,
        u1_0.first_name,
        u1_0.last_login_at,
        u1_0.last_name,
        u1_0.monthly_income,
        u1_0.pan_number,
        u1_0.password,
        u1_0.phone,
        u1_0.role,
        u1_0.status,
        u1_0.username 
    from
        users u1_0 
    where
        u1_0.username=?
2026-01-10 20:58:29 [http-nio-8989-exec-2] DEBUG o.s.s.a.d.DaoAuthenticationProvider - Authenticated user
2026-01-10 20:58:29 [http-nio-8989-exec-2] DEBUG o.s.w.s.m.m.a.HttpEntityMethodProcessor - Using 'application/json', given [*/*] and supported [application/json, application/*+json]
2026-01-10 20:58:29 [http-nio-8989-exec-2] DEBUG o.s.w.s.m.m.a.HttpEntityMethodProcessor - Writing [{tokenType=Bearer, token=eyJhbGciOiJIUzUxMiJ9.eyJzdWIiOiJqdW5lZDU2IiwiY3JlYXRlZCI6MTc2ODA1ODkwOTIyOC (truncated)...]
2026-01-10 20:58:29 [http-nio-8989-exec-2] DEBUG o.s.web.servlet.DispatcherServlet - Completed 200 OK
2026-01-10 20:58:43 [http-nio-8989-exec-3] DEBUG o.s.security.web.FilterChainProxy - Securing GET /api/v1/auth/my-loans
2026-01-10 20:58:43 [http-nio-8989-exec-3] DEBUG org.hibernate.SQL - 
    select
        u1_0.id,
        u1_0.aadhar_number,
        u1_0.address,
        u1_0.created_at,
        u1_0.email,
        u1_0.failed_login_attempts,
        u1_0.first_name,
        u1_0.last_login_at,
        u1_0.last_name,
        u1_0.monthly_income,
        u1_0.pan_number,
        u1_0.password,
        u1_0.phone,
        u1_0.role,
        u1_0.status,
        u1_0.username 
    from
        users u1_0 
    where
        u1_0.username=?
2026-01-10 20:58:43 [http-nio-8989-exec-3] DEBUG o.s.security.web.FilterChainProxy - Secured GET /api/v1/auth/my-loans
2026-01-10 20:58:43 [http-nio-8989-exec-3] DEBUG o.s.web.servlet.DispatcherServlet - GET "/api/v1/auth/my-loans", parameters={}
2026-01-10 20:58:43 [http-nio-8989-exec-3] DEBUG o.s.w.s.m.m.a.RequestMappingHandlerMapping - Mapped to com.app.bank.web.controller.LoanController#getMyLoans(Authentication)
2026-01-10 20:58:43 [http-nio-8989-exec-3] DEBUG org.hibernate.SQL - 
    select
        u1_0.id,
        u1_0.aadhar_number,
        u1_0.address,
        u1_0.created_at,
        u1_0.email,
        u1_0.failed_login_attempts,
        u1_0.first_name,
        u1_0.last_login_at,
        u1_0.last_name,
        u1_0.monthly_income,
        u1_0.pan_number,
        u1_0.password,
        u1_0.phone,
        u1_0.role,
        u1_0.status,
        u1_0.username 
    from
        users u1_0 
    where
        u1_0.username=?
2026-01-10 20:58:43 [http-nio-8989-exec-3] DEBUG org.hibernate.SQL - 
    select
        l1_0.id,
        l1_0.applied_date,
        l1_0.approved_by,
        l1_0.approved_date,
        l1_0.disbursement_date,
        l1_0.emi_amount,
        l1_0.interest_rate,
        l1_0.account_id,
        l1_0.loan_account_number,
        l1_0.loan_type,
        l1_0.maturity_date,
        l1_0.principal_amount,
        l1_0.status,
        l1_0.tenure_months,
        l1_0.total_amount,
        l1_0.user_id 
    from
        loans l1_0 
    left join
        users u1_0 
            on u1_0.id=l1_0.user_id 
    where
        u1_0.id=?
2026-01-10 20:58:43 [http-nio-8989-exec-3] DEBUG org.hibernate.SQL - 
    select
        a1_0.id,
        a1_0.account_number,
        a1_0.account_type,
        a1_0.balance,
        a1_0.created_at,
        a1_0.interest_rate,
        a1_0.last_transaction_at,
        a1_0.minimum_balance,
        a1_0.status,
        a1_0.user_id,
        u1_0.id,
        u1_0.aadhar_number,
        u1_0.address,
        u1_0.created_at,
        u1_0.email,
        u1_0.failed_login_attempts,
        u1_0.first_name,
        u1_0.last_login_at,
        u1_0.last_name,
        u1_0.monthly_income,
        u1_0.pan_number,
        u1_0.password,
        u1_0.phone,
        u1_0.role,
        u1_0.status,
        u1_0.username 
    from
        accounts a1_0 
    join
        users u1_0 
            on u1_0.id=a1_0.user_id 
    where
        a1_0.id=?
2026-01-10 20:58:43 [http-nio-8989-exec-3] DEBUG o.s.w.s.m.m.a.HttpEntityMethodProcessor - Using 'application/json', given [*/*] and supported [application/json, application/*+json]
2026-01-10 20:58:43 [http-nio-8989-exec-3] DEBUG o.s.w.s.m.m.a.HttpEntityMethodProcessor - Writing [[com.app.bank.web.dto.LoanResponse@27d27c30, com.app.bank.web.dto.LoanResponse@7e01bfa5]]
2026-01-10 20:58:43 [http-nio-8989-exec-3] DEBUG o.s.web.servlet.DispatcherServlet - Completed 200 OK
2026-01-10 20:58:50 [http-nio-8989-exec-4] DEBUG o.s.security.web.FilterChainProxy - Securing GET /api/v1/auth/my-loans
2026-01-10 20:58:50 [http-nio-8989-exec-4] DEBUG org.hibernate.SQL - 
    select
        u1_0.id,
        u1_0.aadhar_number,
        u1_0.address,
        u1_0.created_at,
        u1_0.email,
        u1_0.failed_login_attempts,
        u1_0.first_name,
        u1_0.last_login_at,
        u1_0.last_name,
        u1_0.monthly_income,
        u1_0.pan_number,
        u1_0.password,
        u1_0.phone,
        u1_0.role,
        u1_0.status,
        u1_0.username 
    from
        users u1_0 
    where
        u1_0.username=?
2026-01-10 20:58:50 [http-nio-8989-exec-4] DEBUG o.s.security.web.FilterChainProxy - Secured GET /api/v1/auth/my-loans
2026-01-10 20:58:50 [http-nio-8989-exec-4] DEBUG o.s.web.servlet.DispatcherServlet - GET "/api/v1/auth/my-loans", parameters={}
2026-01-10 20:58:50 [http-nio-8989-exec-4] DEBUG o.s.w.s.m.m.a.RequestMappingHandlerMapping - Mapped to com.app.bank.web.controller.LoanController#getMyLoans(Authentication)
2026-01-10 20:58:50 [http-nio-8989-exec-4] DEBUG org.hibernate.SQL - 
    select
        u1_0.id,
        u1_0.aadhar_number,
        u1_0.address,
        u1_0.created_at,
        u1_0.email,
        u1_0.failed_login_attempts,
        u1_0.first_name,
        u1_0.last_login_at,
        u1_0.last_name,
        u1_0.monthly_income,
        u1_0.pan_number,
        u1_0.password,
        u1_0.phone,
        u1_0.role,
        u1_0.status,
        u1_0.username 
    from
        users u1_0 
    where
        u1_0.username=?
2026-01-10 20:58:50 [http-nio-8989-exec-4] DEBUG org.hibernate.SQL - 
    select
        l1_0.id,
        l1_0.applied_date,
        l1_0.approved_by,
        l1_0.approved_date,
        l1_0.disbursement_date,
        l1_0.emi_amount,
        l1_0.interest_rate,
        l1_0.account_id,
        l1_0.loan_account_number,
        l1_0.loan_type,
        l1_0.maturity_date,
        l1_0.principal_amount,
        l1_0.status,
        l1_0.tenure_months,
        l1_0.total_amount,
        l1_0.user_id 
    from
        loans l1_0 
    left join
        users u1_0 
            on u1_0.id=l1_0.user_id 
    where
        u1_0.id=?
2026-01-10 20:58:50 [http-nio-8989-exec-4] DEBUG org.hibernate.SQL - 
    select
        a1_0.id,
        a1_0.account_number,
        a1_0.account_type,
        a1_0.balance,
        a1_0.created_at,
        a1_0.interest_rate,
        a1_0.last_transaction_at,
        a1_0.minimum_balance,
        a1_0.status,
        a1_0.user_id,
        u1_0.id,
        u1_0.aadhar_number,
        u1_0.address,
        u1_0.created_at,
        u1_0.email,
        u1_0.failed_login_attempts,
        u1_0.first_name,
        u1_0.last_login_at,
        u1_0.last_name,
        u1_0.monthly_income,
        u1_0.pan_number,
        u1_0.password,
        u1_0.phone,
        u1_0.role,
        u1_0.status,
        u1_0.username 
    from
        accounts a1_0 
    join
        users u1_0 
            on u1_0.id=a1_0.user_id 
    where
        a1_0.id=?
2026-01-10 20:58:50 [http-nio-8989-exec-4] DEBUG o.s.w.s.m.m.a.HttpEntityMethodProcessor - Using 'application/json', given [*/*] and supported [application/json, application/*+json]
2026-01-10 20:58:50 [http-nio-8989-exec-4] DEBUG o.s.w.s.m.m.a.HttpEntityMethodProcessor - Writing [[com.app.bank.web.dto.LoanResponse@17ff955b, com.app.bank.web.dto.LoanResponse@2df866e0]]
2026-01-10 20:58:50 [http-nio-8989-exec-4] DEBUG o.s.web.servlet.DispatcherServlet - Completed 200 OK
2026-01-10 20:59:07 [http-nio-8989-exec-5] DEBUG o.s.security.web.FilterChainProxy - Securing GET /api/v1/auth/all-loans
2026-01-10 20:59:07 [http-nio-8989-exec-5] DEBUG o.s.s.w.a.AnonymousAuthenticationFilter - Set SecurityContextHolder to anonymous SecurityContext
2026-01-10 20:59:07 [http-nio-8989-exec-5] ERROR c.a.b.w.c.JwtAuthenticationEntryPoint - Unothorized error: Full authentication is required to access this resource
2026-01-10 20:59:07 [http-nio-8989-exec-5] ERROR c.a.b.w.c.JwtAuthenticationEntryPoint - Request URI: /api/v1/auth/all-loans
2026-01-10 20:59:16 [http-nio-8989-exec-6] DEBUG o.s.security.web.FilterChainProxy - Securing GET /api/v1/auth/all-loans
2026-01-10 20:59:16 [http-nio-8989-exec-6] DEBUG o.s.s.w.a.AnonymousAuthenticationFilter - Set SecurityContextHolder to anonymous SecurityContext
2026-01-10 20:59:16 [http-nio-8989-exec-6] ERROR c.a.b.w.c.JwtAuthenticationEntryPoint - Unothorized error: Full authentication is required to access this resource
2026-01-10 20:59:16 [http-nio-8989-exec-6] ERROR c.a.b.w.c.JwtAuthenticationEntryPoint - Request URI: /api/v1/auth/all-loans
2026-01-10 20:59:54 [http-nio-8989-exec-7] DEBUG o.s.security.web.FilterChainProxy - Securing GET /api/v1/auth/all-loans
2026-01-10 20:59:54 [http-nio-8989-exec-7] DEBUG org.hibernate.SQL - 
    select
        u1_0.id,
        u1_0.aadhar_number,
        u1_0.address,
        u1_0.created_at,
        u1_0.email,
        u1_0.failed_login_attempts,
        u1_0.first_name,
        u1_0.last_login_at,
        u1_0.last_name,
        u1_0.monthly_income,
        u1_0.pan_number,
        u1_0.password,
        u1_0.phone,
        u1_0.role,
        u1_0.status,
        u1_0.username 
    from
        users u1_0 
    where
        u1_0.username=?
2026-01-10 20:59:54 [http-nio-8989-exec-7] DEBUG o.s.security.web.FilterChainProxy - Secured GET /api/v1/auth/all-loans
2026-01-10 20:59:54 [http-nio-8989-exec-7] DEBUG o.s.web.servlet.DispatcherServlet - GET "/api/v1/auth/all-loans", parameters={}
2026-01-10 20:59:54 [http-nio-8989-exec-7] DEBUG o.s.w.s.m.m.a.RequestMappingHandlerMapping - Mapped to com.app.bank.web.controller.LoanController#getAllLoans(LoanStatus, Pageable)
2026-01-10 20:59:54 [http-nio-8989-exec-7] DEBUG org.hibernate.SQL - 
    select
        l1_0.id,
        l1_0.applied_date,
        l1_0.approved_by,
        l1_0.approved_date,
        l1_0.disbursement_date,
        l1_0.emi_amount,
        l1_0.interest_rate,
        l1_0.account_id,
        l1_0.loan_account_number,
        l1_0.loan_type,
        l1_0.maturity_date,
        l1_0.principal_amount,
        l1_0.status,
        l1_0.tenure_months,
        l1_0.total_amount,
        l1_0.user_id 
    from
        loans l1_0 
    limit
        ?, ?
2026-01-10 20:59:54 [http-nio-8989-exec-7] DEBUG org.hibernate.SQL - 
    select
        a1_0.id,
        a1_0.account_number,
        a1_0.account_type,
        a1_0.balance,
        a1_0.created_at,
        a1_0.interest_rate,
        a1_0.last_transaction_at,
        a1_0.minimum_balance,
        a1_0.status,
        a1_0.user_id,
        u1_0.id,
        u1_0.aadhar_number,
        u1_0.address,
        u1_0.created_at,
        u1_0.email,
        u1_0.failed_login_attempts,
        u1_0.first_name,
        u1_0.last_login_at,
        u1_0.last_name,
        u1_0.monthly_income,
        u1_0.pan_number,
        u1_0.password,
        u1_0.phone,
        u1_0.role,
        u1_0.status,
        u1_0.username 
    from
        accounts a1_0 
    join
        users u1_0 
            on u1_0.id=a1_0.user_id 
    where
        a1_0.id=?
2026-01-10 20:59:54 [http-nio-8989-exec-7] DEBUG org.hibernate.SQL - 
    select
        a1_0.id,
        a1_0.account_number,
        a1_0.account_type,
        a1_0.balance,
        a1_0.created_at,
        a1_0.interest_rate,
        a1_0.last_transaction_at,
        a1_0.minimum_balance,
        a1_0.status,
        a1_0.user_id,
        u1_0.id,
        u1_0.aadhar_number,
        u1_0.address,
        u1_0.created_at,
        u1_0.email,
        u1_0.failed_login_attempts,
        u1_0.first_name,
        u1_0.last_login_at,
        u1_0.last_name,
        u1_0.monthly_income,
        u1_0.pan_number,
        u1_0.password,
        u1_0.phone,
        u1_0.role,
        u1_0.status,
        u1_0.username 
    from
        accounts a1_0 
    join
        users u1_0 
            on u1_0.id=a1_0.user_id 
    where
        a1_0.id=?
2026-01-10 20:59:54 [http-nio-8989-exec-7] WARN  o.s.d.w.c.SpringDataJacksonConfiguration$PageModule$WarningLoggingModifier - Serializing PageImpl instances as-is is not supported, meaning that there is no guarantee about the stability of the resulting JSON structure!
	For a stable JSON structure, please use Spring Data's PagedModel (globally via @EnableSpringDataWebSupport(pageSerializationMode = VIA_DTO))
	or Spring HATEOAS and Spring Data's PagedResourcesAssembler as documented in https://docs.spring.io/spring-data/commons/reference/repositories/core-extensions.html#core.web.pageables.

2026-01-10 20:59:54 [http-nio-8989-exec-7] DEBUG o.s.w.s.m.m.a.HttpEntityMethodProcessor - Using 'application/json', given [*/*] and supported [application/json, application/*+json]
2026-01-10 20:59:54 [http-nio-8989-exec-7] DEBUG o.s.w.s.m.m.a.HttpEntityMethodProcessor - Writing [Page 1 of 1 containing com.app.bank.web.model.Loan instances]
2026-01-10 20:59:54 [http-nio-8989-exec-7] WARN  o.s.w.s.m.s.DefaultHandlerExceptionResolver - Resolved [org.springframework.http.converter.HttpMessageNotWritableException: Could not write JSON: failed to lazily initialize a collection of role: com.app.bank.web.model.User.accounts: could not initialize proxy - no Session]
2026-01-10 20:59:54 [http-nio-8989-exec-7] DEBUG o.s.web.servlet.DispatcherServlet - Completed 500 INTERNAL_SERVER_ERROR
2026-01-10 20:59:54 [http-nio-8989-exec-7] DEBUG o.s.security.web.FilterChainProxy - Securing GET /error
2026-01-10 20:59:54 [http-nio-8989-exec-7] DEBUG o.s.security.web.FilterChainProxy - Secured GET /error
2026-01-10 20:59:54 [http-nio-8989-exec-7] DEBUG o.s.web.servlet.DispatcherServlet - "ERROR" dispatch for GET "/error", parameters={}
2026-01-10 20:59:54 [http-nio-8989-exec-7] DEBUG o.s.w.s.m.m.a.RequestMappingHandlerMapping - Mapped to org.springframework.boot.autoconfigure.web.servlet.error.BasicErrorController#error(HttpServletRequest)
2026-01-10 20:59:54 [http-nio-8989-exec-7] DEBUG o.s.w.s.m.m.a.HttpEntityMethodProcessor - Found 'Content-Type:application/json' in response
2026-01-10 20:59:54 [http-nio-8989-exec-7] DEBUG o.s.w.s.m.m.a.HttpEntityMethodProcessor - Writing [{timestamp=Sat Jan 10 20:59:54 IST 2026, status=500, error=Internal Server Error, trace=org.springfr (truncated)...]
2026-01-10 20:59:54 [http-nio-8989-exec-7] DEBUG o.s.web.servlet.DispatcherServlet - Exiting from "ERROR" dispatch, status 500
2026-01-10 20:59:54 [http-nio-8989-exec-7] DEBUG o.s.s.w.a.AnonymousAuthenticationFilter - Set SecurityContextHolder to anonymous SecurityContext
2026-01-10 21:00:41 [http-nio-8989-exec-9] DEBUG o.s.security.web.FilterChainProxy - Securing GET /api/v1/auth/all-loans
2026-01-10 21:00:41 [http-nio-8989-exec-9] DEBUG org.hibernate.SQL - 
    select
        u1_0.id,
        u1_0.aadhar_number,
        u1_0.address,
        u1_0.created_at,
        u1_0.email,
        u1_0.failed_login_attempts,
        u1_0.first_name,
        u1_0.last_login_at,
        u1_0.last_name,
        u1_0.monthly_income,
        u1_0.pan_number,
        u1_0.password,
        u1_0.phone,
        u1_0.role,
        u1_0.status,
        u1_0.username 
    from
        users u1_0 
    where
        u1_0.username=?
2026-01-10 21:00:41 [http-nio-8989-exec-9] DEBUG o.s.security.web.FilterChainProxy - Secured GET /api/v1/auth/all-loans
2026-01-10 21:00:41 [http-nio-8989-exec-9] DEBUG o.s.web.servlet.DispatcherServlet - GET "/api/v1/auth/all-loans", parameters={}
2026-01-10 21:00:41 [http-nio-8989-exec-9] DEBUG o.s.w.s.m.m.a.RequestMappingHandlerMapping - Mapped to com.app.bank.web.controller.LoanController#getAllLoans(LoanStatus, Pageable)
2026-01-10 21:00:41 [http-nio-8989-exec-9] DEBUG org.hibernate.SQL - 
    select
        l1_0.id,
        l1_0.applied_date,
        l1_0.approved_by,
        l1_0.approved_date,
        l1_0.disbursement_date,
        l1_0.emi_amount,
        l1_0.interest_rate,
        l1_0.account_id,
        l1_0.loan_account_number,
        l1_0.loan_type,
        l1_0.maturity_date,
        l1_0.principal_amount,
        l1_0.status,
        l1_0.tenure_months,
        l1_0.total_amount,
        l1_0.user_id 
    from
        loans l1_0 
    limit
        ?, ?
2026-01-10 21:00:41 [http-nio-8989-exec-9] DEBUG org.hibernate.SQL - 
    select
        a1_0.id,
        a1_0.account_number,
        a1_0.account_type,
        a1_0.balance,
        a1_0.created_at,
        a1_0.interest_rate,
        a1_0.last_transaction_at,
        a1_0.minimum_balance,
        a1_0.status,
        a1_0.user_id,
        u1_0.id,
        u1_0.aadhar_number,
        u1_0.address,
        u1_0.created_at,
        u1_0.email,
        u1_0.failed_login_attempts,
        u1_0.first_name,
        u1_0.last_login_at,
        u1_0.last_name,
        u1_0.monthly_income,
        u1_0.pan_number,
        u1_0.password,
        u1_0.phone,
        u1_0.role,
        u1_0.status,
        u1_0.username 
    from
        accounts a1_0 
    join
        users u1_0 
            on u1_0.id=a1_0.user_id 
    where
        a1_0.id=?
2026-01-10 21:00:41 [http-nio-8989-exec-9] DEBUG org.hibernate.SQL - 
    select
        a1_0.id,
        a1_0.account_number,
        a1_0.account_type,
        a1_0.balance,
        a1_0.created_at,
        a1_0.interest_rate,
        a1_0.last_transaction_at,
        a1_0.minimum_balance,
        a1_0.status,
        a1_0.user_id,
        u1_0.id,
        u1_0.aadhar_number,
        u1_0.address,
        u1_0.created_at,
        u1_0.email,
        u1_0.failed_login_attempts,
        u1_0.first_name,
        u1_0.last_login_at,
        u1_0.last_name,
        u1_0.monthly_income,
        u1_0.pan_number,
        u1_0.password,
        u1_0.phone,
        u1_0.role,
        u1_0.status,
        u1_0.username 
    from
        accounts a1_0 
    join
        users u1_0 
            on u1_0.id=a1_0.user_id 
    where
        a1_0.id=?
2026-01-10 21:00:41 [http-nio-8989-exec-9] DEBUG o.s.w.s.m.m.a.HttpEntityMethodProcessor - Using 'application/json', given [*/*] and supported [application/json, application/*+json]
2026-01-10 21:00:41 [http-nio-8989-exec-9] DEBUG o.s.w.s.m.m.a.HttpEntityMethodProcessor - Writing [Page 1 of 1 containing com.app.bank.web.model.Loan instances]
2026-01-10 21:00:41 [http-nio-8989-exec-9] WARN  o.s.w.s.m.s.DefaultHandlerExceptionResolver - Resolved [org.springframework.http.converter.HttpMessageNotWritableException: Could not write JSON: failed to lazily initialize a collection of role: com.app.bank.web.model.User.accounts: could not initialize proxy - no Session]
2026-01-10 21:00:41 [http-nio-8989-exec-9] DEBUG o.s.web.servlet.DispatcherServlet - Completed 500 INTERNAL_SERVER_ERROR
2026-01-10 21:00:41 [http-nio-8989-exec-9] DEBUG o.s.security.web.FilterChainProxy - Securing GET /error
2026-01-10 21:00:41 [http-nio-8989-exec-9] DEBUG o.s.security.web.FilterChainProxy - Secured GET /error
2026-01-10 21:00:41 [http-nio-8989-exec-9] DEBUG o.s.web.servlet.DispatcherServlet - "ERROR" dispatch for GET "/error", parameters={}
2026-01-10 21:00:41 [http-nio-8989-exec-9] DEBUG o.s.w.s.m.m.a.RequestMappingHandlerMapping - Mapped to org.springframework.boot.autoconfigure.web.servlet.error.BasicErrorController#error(HttpServletRequest)
2026-01-10 21:00:41 [http-nio-8989-exec-9] DEBUG o.s.w.s.m.m.a.HttpEntityMethodProcessor - Found 'Content-Type:application/json' in response
2026-01-10 21:00:41 [http-nio-8989-exec-9] DEBUG o.s.w.s.m.m.a.HttpEntityMethodProcessor - Writing [{timestamp=Sat Jan 10 21:00:41 IST 2026, status=500, error=Internal Server Error, trace=org.springfr (truncated)...]
2026-01-10 21:00:41 [http-nio-8989-exec-9] DEBUG o.s.web.servlet.DispatcherServlet - Exiting from "ERROR" dispatch, status 500
2026-01-10 21:00:41 [http-nio-8989-exec-9] DEBUG o.s.s.w.a.AnonymousAuthenticationFilter - Set SecurityContextHolder to anonymous SecurityContext
2026-01-10 21:04:18 [File Watcher] INFO  o.s.b.d.a.LocalDevToolsAutoConfiguration$RestartingClassPathChangeChangedEventListener - Restarting due to 1 class path change (0 additions, 0 deletions, 1 modification)
2026-01-10 21:04:18 [Thread-13] INFO  o.s.b.w.e.tomcat.GracefulShutdown - Commencing graceful shutdown. Waiting for active requests to complete
2026-01-10 21:04:18 [tomcat-shutdown] INFO  o.a.coyote.http11.Http11NioProtocol - Pausing ProtocolHandler ["http-nio-8989"]
2026-01-10 21:04:18 [tomcat-shutdown] INFO  o.s.b.w.e.tomcat.GracefulShutdown - Graceful shutdown complete
2026-01-10 21:04:18 [Thread-13] INFO  o.a.coyote.http11.Http11NioProtocol - Stopping ProtocolHandler ["http-nio-8989"]
2026-01-10 21:04:18 [Thread-13] INFO  o.s.o.j.LocalContainerEntityManagerFactoryBean - Closing JPA EntityManagerFactory for persistence unit 'default'
2026-01-10 21:04:18 [Thread-13] INFO  com.zaxxer.hikari.HikariDataSource - HikariPool-3 - Shutdown initiated...
2026-01-10 21:04:18 [Thread-13] INFO  com.zaxxer.hikari.HikariDataSource - HikariPool-3 - Shutdown completed.
2026-01-10 21:04:18 [restartedMain] INFO  c.app.bank.web.ZplusbankApplication - Starting ZplusbankApplication using Java 17.0.10 with PID 27944 (C:\Users\91790\Documents\workspace-spring-tools-for-eclipse-5.0.0.RELEASE\zplusbank\target\classes started by 91790 in C:\Users\91790\Documents\workspace-spring-tools-for-eclipse-5.0.0.RELEASE\zplusbank)
2026-01-10 21:04:18 [restartedMain] INFO  c.app.bank.web.ZplusbankApplication - No active profile set, falling back to 1 default profile: "default"
2026-01-10 21:04:18 [restartedMain] INFO  o.s.d.r.c.RepositoryConfigurationDelegate - Bootstrapping Spring Data JPA repositories in DEFAULT mode.
2026-01-10 21:04:18 [restartedMain] INFO  o.s.d.r.c.RepositoryConfigurationDelegate - Finished Spring Data repository scanning in 19 ms. Found 5 JPA repository interfaces.
2026-01-10 21:04:18 [restartedMain] INFO  o.s.b.w.e.tomcat.TomcatWebServer - Tomcat initialized with port 8989 (http)
2026-01-10 21:04:18 [restartedMain] INFO  o.a.coyote.http11.Http11NioProtocol - Initializing ProtocolHandler ["http-nio-8989"]
2026-01-10 21:04:18 [restartedMain] INFO  o.a.catalina.core.StandardService - Starting service [Tomcat]
2026-01-10 21:04:18 [restartedMain] INFO  o.a.catalina.core.StandardEngine - Starting Servlet engine: [Apache Tomcat/10.1.50]
2026-01-10 21:04:18 [restartedMain] INFO  o.a.c.c.C.[Tomcat].[localhost].[/] - Initializing Spring embedded WebApplicationContext
2026-01-10 21:04:18 [restartedMain] INFO  o.s.b.w.s.c.ServletWebServerApplicationContext - Root WebApplicationContext: initialization completed in 327 ms
2026-01-10 21:04:18 [restartedMain] INFO  o.h.jpa.internal.util.LogHelper - HHH000204: Processing PersistenceUnitInfo [name: default]
2026-01-10 21:04:18 [restartedMain] INFO  o.h.c.i.RegionFactoryInitiator - HHH000026: Second-level cache disabled
2026-01-10 21:04:18 [restartedMain] INFO  o.s.o.j.p.SpringPersistenceUnitInfo - No LoadTimeWeaver setup: ignoring JPA class transformer
2026-01-10 21:04:18 [restartedMain] INFO  com.zaxxer.hikari.HikariDataSource - HikariPool-4 - Starting...
2026-01-10 21:04:18 [restartedMain] INFO  com.zaxxer.hikari.pool.HikariPool - HikariPool-4 - Added connection com.mysql.cj.jdbc.ConnectionImpl@11333a9a
2026-01-10 21:04:18 [restartedMain] INFO  com.zaxxer.hikari.HikariDataSource - HikariPool-4 - Start completed.
2026-01-10 21:04:18 [restartedMain] WARN  org.hibernate.orm.deprecation - HHH90000025: MySQL8Dialect does not need to be specified explicitly using 'hibernate.dialect' (remove the property setting and it will be selected by default)
2026-01-10 21:04:18 [restartedMain] WARN  org.hibernate.orm.deprecation - HHH90000026: MySQL8Dialect has been deprecated; use org.hibernate.dialect.MySQLDialect instead
2026-01-10 21:04:18 [restartedMain] INFO  o.hibernate.orm.connections.pooling - HHH10001005: Database info:
	Database JDBC URL [Connecting through datasource 'HikariDataSource (HikariPool-4)']
	Database driver: undefined/unknown
	Database version: 8.0
	Autocommit mode: undefined/unknown
	Isolation level: undefined/unknown
	Minimum pool size: undefined/unknown
	Maximum pool size: undefined/unknown
2026-01-10 21:04:18 [restartedMain] INFO  o.h.e.t.j.p.i.JtaPlatformInitiator - HHH000489: No JTA platform available (set 'hibernate.transaction.jta.platform' to enable JTA platform integration)
2026-01-10 21:04:18 [restartedMain] DEBUG org.hibernate.SQL - 
    alter table loan_repayments 
       modify column status enum ('ADVANCED_PAID','DEFAULTED','OVERDUE','PAID','PARTIALLY_PAID','PENDING','WAIVED_OFF') not null
2026-01-10 21:04:18 [restartedMain] INFO  o.s.o.j.LocalContainerEntityManagerFactoryBean - Initialized JPA EntityManagerFactory for persistence unit 'default'
2026-01-10 21:04:18 [restartedMain] DEBUG o.h.s.internal.StatisticsInitiator - Statistics initialized [enabled=false]
2026-01-10 21:04:18 [restartedMain] INFO  o.s.s.c.a.a.c.InitializeAuthenticationProviderBeanManagerConfigurer$InitializeAuthenticationProviderManagerConfigurer - Global AuthenticationManager configured with AuthenticationProvider bean with name authenticationProvider
2026-01-10 21:04:18 [restartedMain] WARN  o.s.s.c.a.a.c.InitializeUserDetailsBeanManagerConfigurer$InitializeUserDetailsManagerConfigurer - Global AuthenticationManager configured with an AuthenticationProvider bean. UserDetailsService beans will not be used by Spring Security for automatically configuring username/password login. Consider removing the AuthenticationProvider bean. Alternatively, consider using the UserDetailsService in a manually instantiated DaoAuthenticationProvider. If the current configuration is intentional, to turn off this warning, increase the logging level of 'org.springframework.security.config.annotation.authentication.configuration.InitializeUserDetailsBeanManagerConfigurer' to ERROR
2026-01-10 21:04:18 [restartedMain] DEBUG o.s.w.s.m.m.a.RequestMappingHandlerMapping - 20 mappings in 'requestMappingHandlerMapping'
2026-01-10 21:04:19 [restartedMain] DEBUG o.s.w.s.h.SimpleUrlHandlerMapping - Patterns [/webjars/**, /**] in 'resourceHandlerMapping'
2026-01-10 21:04:19 [restartedMain] DEBUG o.s.s.web.DefaultSecurityFilterChain - Will secure any request with filters: DisableEncodeUrlFilter, WebAsyncManagerIntegrationFilter, SecurityContextHolderFilter, HeaderWriterFilter, CorsFilter, LogoutFilter, JwtAuthenticationFilter, RequestCacheAwareFilter, SecurityContextHolderAwareRequestFilter, AnonymousAuthenticationFilter, SessionManagementFilter, ExceptionTranslationFilter, AuthorizationFilter
2026-01-10 21:04:19 [restartedMain] DEBUG o.s.w.s.m.m.a.RequestMappingHandlerAdapter - ControllerAdvice beans: 0 @ModelAttribute, 0 @InitBinder, 1 RequestBodyAdvice, 1 ResponseBodyAdvice
2026-01-10 21:04:19 [restartedMain] WARN  o.s.b.a.t.ThymeleafAutoConfiguration$DefaultTemplateResolverConfiguration - Cannot find template location: classpath:/templates/emails/ (please add some templates, check your Thymeleaf configuration, or set spring.thymeleaf.check-template-location=false)
2026-01-10 21:04:19 [restartedMain] DEBUG o.s.w.s.m.m.a.ExceptionHandlerExceptionResolver - ControllerAdvice beans: 0 @ExceptionHandler, 1 ResponseBodyAdvice
2026-01-10 21:04:19 [restartedMain] INFO  o.s.b.d.a.OptionalLiveReloadServer - LiveReload server is running on port 35729
2026-01-10 21:04:19 [restartedMain] INFO  o.a.coyote.http11.Http11NioProtocol - Starting ProtocolHandler ["http-nio-8989"]
2026-01-10 21:04:19 [restartedMain] INFO  o.s.b.w.e.tomcat.TomcatWebServer - Tomcat started on port 8989 (http) with context path '/'
2026-01-10 21:04:19 [restartedMain] INFO  c.app.bank.web.ZplusbankApplication - Started ZplusbankApplication in 1.085 seconds (process running for 7107.306)
2026-01-10 21:04:19 [restartedMain] INFO  o.s.b.d.a.ConditionEvaluationDeltaLoggingListener - Condition evaluation unchanged
2026-01-10 21:04:23 [http-nio-8989-exec-2] INFO  o.a.c.c.C.[Tomcat].[localhost].[/] - Initializing Spring DispatcherServlet 'dispatcherServlet'
2026-01-10 21:04:23 [http-nio-8989-exec-2] INFO  o.s.web.servlet.DispatcherServlet - Initializing Servlet 'dispatcherServlet'
2026-01-10 21:04:23 [http-nio-8989-exec-2] DEBUG o.s.web.servlet.DispatcherServlet - Detected StandardServletMultipartResolver
2026-01-10 21:04:23 [http-nio-8989-exec-2] DEBUG o.s.web.servlet.DispatcherServlet - Detected AcceptHeaderLocaleResolver
2026-01-10 21:04:23 [http-nio-8989-exec-2] DEBUG o.s.web.servlet.DispatcherServlet - Detected FixedThemeResolver
2026-01-10 21:04:23 [http-nio-8989-exec-2] DEBUG o.s.web.servlet.DispatcherServlet - Detected org.springframework.web.servlet.view.DefaultRequestToViewNameTranslator@483e24af
2026-01-10 21:04:23 [http-nio-8989-exec-2] DEBUG o.s.web.servlet.DispatcherServlet - Detected org.springframework.web.servlet.support.SessionFlashMapManager@61c0abf2
2026-01-10 21:04:23 [http-nio-8989-exec-2] DEBUG o.s.web.servlet.DispatcherServlet - enableLoggingRequestDetails='false': request parameters and headers will be masked to prevent unsafe logging of potentially sensitive data
2026-01-10 21:04:23 [http-nio-8989-exec-2] INFO  o.s.web.servlet.DispatcherServlet - Completed initialization in 1 ms
2026-01-10 21:04:23 [http-nio-8989-exec-2] DEBUG o.s.security.web.FilterChainProxy - Securing GET /api/v1/auth/all-loans
2026-01-10 21:04:23 [http-nio-8989-exec-2] DEBUG org.hibernate.SQL - 
    select
        u1_0.id,
        u1_0.aadhar_number,
        u1_0.address,
        u1_0.created_at,
        u1_0.email,
        u1_0.failed_login_attempts,
        u1_0.first_name,
        u1_0.last_login_at,
        u1_0.last_name,
        u1_0.monthly_income,
        u1_0.pan_number,
        u1_0.password,
        u1_0.phone,
        u1_0.role,
        u1_0.status,
        u1_0.username 
    from
        users u1_0 
    where
        u1_0.username=?
2026-01-10 21:04:23 [http-nio-8989-exec-2] DEBUG o.s.security.web.FilterChainProxy - Secured GET /api/v1/auth/all-loans
2026-01-10 21:04:23 [http-nio-8989-exec-2] DEBUG o.s.web.servlet.DispatcherServlet - GET "/api/v1/auth/all-loans", parameters={}
2026-01-10 21:04:23 [http-nio-8989-exec-2] DEBUG o.s.w.s.m.m.a.RequestMappingHandlerMapping - Mapped to com.app.bank.web.controller.LoanController#getAllLoans(LoanStatus, Pageable)
2026-01-10 21:04:23 [http-nio-8989-exec-2] DEBUG org.hibernate.SQL - 
    select
        l1_0.id,
        l1_0.applied_date,
        l1_0.approved_by,
        l1_0.approved_date,
        l1_0.disbursement_date,
        l1_0.emi_amount,
        l1_0.interest_rate,
        l1_0.account_id,
        l1_0.loan_account_number,
        l1_0.loan_type,
        l1_0.maturity_date,
        l1_0.principal_amount,
        l1_0.status,
        l1_0.tenure_months,
        l1_0.total_amount,
        l1_0.user_id 
    from
        loans l1_0 
    limit
        ?, ?
2026-01-10 21:04:23 [http-nio-8989-exec-2] DEBUG org.hibernate.SQL - 
    select
        a1_0.id,
        a1_0.account_number,
        a1_0.account_type,
        a1_0.balance,
        a1_0.created_at,
        a1_0.interest_rate,
        a1_0.last_transaction_at,
        a1_0.minimum_balance,
        a1_0.status,
        a1_0.user_id,
        u1_0.id,
        u1_0.aadhar_number,
        u1_0.address,
        u1_0.created_at,
        u1_0.email,
        u1_0.failed_login_attempts,
        u1_0.first_name,
        u1_0.last_login_at,
        u1_0.last_name,
        u1_0.monthly_income,
        u1_0.pan_number,
        u1_0.password,
        u1_0.phone,
        u1_0.role,
        u1_0.status,
        u1_0.username 
    from
        accounts a1_0 
    join
        users u1_0 
            on u1_0.id=a1_0.user_id 
    where
        a1_0.id=?
2026-01-10 21:04:23 [http-nio-8989-exec-2] DEBUG org.hibernate.SQL - 
    select
        a1_0.id,
        a1_0.account_number,
        a1_0.account_type,
        a1_0.balance,
        a1_0.created_at,
        a1_0.interest_rate,
        a1_0.last_transaction_at,
        a1_0.minimum_balance,
        a1_0.status,
        a1_0.user_id,
        u1_0.id,
        u1_0.aadhar_number,
        u1_0.address,
        u1_0.created_at,
        u1_0.email,
        u1_0.failed_login_attempts,
        u1_0.first_name,
        u1_0.last_login_at,
        u1_0.last_name,
        u1_0.monthly_income,
        u1_0.pan_number,
        u1_0.password,
        u1_0.phone,
        u1_0.role,
        u1_0.status,
        u1_0.username 
    from
        accounts a1_0 
    join
        users u1_0 
            on u1_0.id=a1_0.user_id 
    where
        a1_0.id=?
2026-01-10 21:04:23 [http-nio-8989-exec-2] WARN  o.s.d.w.c.SpringDataJacksonConfiguration$PageModule$WarningLoggingModifier - Serializing PageImpl instances as-is is not supported, meaning that there is no guarantee about the stability of the resulting JSON structure!
	For a stable JSON structure, please use Spring Data's PagedModel (globally via @EnableSpringDataWebSupport(pageSerializationMode = VIA_DTO))
	or Spring HATEOAS and Spring Data's PagedResourcesAssembler as documented in https://docs.spring.io/spring-data/commons/reference/repositories/core-extensions.html#core.web.pageables.

2026-01-10 21:04:23 [http-nio-8989-exec-2] DEBUG o.s.w.s.m.m.a.HttpEntityMethodProcessor - Using 'application/json', given [*/*] and supported [application/json, application/*+json]
2026-01-10 21:04:23 [http-nio-8989-exec-2] DEBUG o.s.w.s.m.m.a.HttpEntityMethodProcessor - Writing [Page 1 of 1 containing com.app.bank.web.model.Loan instances]
2026-01-10 21:04:23 [http-nio-8989-exec-2] WARN  o.s.w.s.m.s.DefaultHandlerExceptionResolver - Resolved [org.springframework.http.converter.HttpMessageNotWritableException: Could not write JSON: failed to lazily initialize a collection of role: com.app.bank.web.model.Account.debitTransctions: could not initialize proxy - no Session]
2026-01-10 21:04:23 [http-nio-8989-exec-2] DEBUG o.s.web.servlet.DispatcherServlet - Completed 500 INTERNAL_SERVER_ERROR
2026-01-10 21:04:23 [http-nio-8989-exec-2] DEBUG o.s.security.web.FilterChainProxy - Securing GET /error
2026-01-10 21:04:23 [http-nio-8989-exec-2] DEBUG o.s.security.web.FilterChainProxy - Secured GET /error
2026-01-10 21:04:23 [http-nio-8989-exec-2] DEBUG o.s.web.servlet.DispatcherServlet - "ERROR" dispatch for GET "/error", parameters={}
2026-01-10 21:04:23 [http-nio-8989-exec-2] DEBUG o.s.w.s.m.m.a.RequestMappingHandlerMapping - Mapped to org.springframework.boot.autoconfigure.web.servlet.error.BasicErrorController#error(HttpServletRequest)
2026-01-10 21:04:23 [http-nio-8989-exec-2] DEBUG o.s.w.s.m.m.a.HttpEntityMethodProcessor - Found 'Content-Type:application/json' in response
2026-01-10 21:04:23 [http-nio-8989-exec-2] DEBUG o.s.w.s.m.m.a.HttpEntityMethodProcessor - Writing [{timestamp=Sat Jan 10 21:04:23 IST 2026, status=500, error=Internal Server Error, trace=org.springfr (truncated)...]
2026-01-10 21:04:23 [http-nio-8989-exec-2] DEBUG o.s.web.servlet.DispatcherServlet - Exiting from "ERROR" dispatch, status 500
2026-01-10 21:04:23 [http-nio-8989-exec-2] DEBUG o.s.s.w.a.AnonymousAuthenticationFilter - Set SecurityContextHolder to anonymous SecurityContext
2026-01-10 21:11:11 [RMI TCP Connection(146)-127.0.0.1] INFO  o.s.b.a.SpringApplicationAdminMXBeanRegistrar$SpringApplicationAdmin - Application shutdown requested.
2026-01-10 21:11:11 [RMI TCP Connection(146)-127.0.0.1] INFO  o.s.b.w.e.tomcat.GracefulShutdown - Commencing graceful shutdown. Waiting for active requests to complete
2026-01-10 21:11:11 [tomcat-shutdown] INFO  o.a.coyote.http11.Http11NioProtocol - Pausing ProtocolHandler ["http-nio-8989"]
2026-01-10 21:11:11 [tomcat-shutdown] INFO  o.s.b.w.e.tomcat.GracefulShutdown - Graceful shutdown complete
2026-01-10 21:11:11 [RMI TCP Connection(146)-127.0.0.1] INFO  o.a.coyote.http11.Http11NioProtocol - Stopping ProtocolHandler ["http-nio-8989"]
2026-01-10 21:11:11 [RMI TCP Connection(146)-127.0.0.1] INFO  o.s.o.j.LocalContainerEntityManagerFactoryBean - Closing JPA EntityManagerFactory for persistence unit 'default'
2026-01-10 21:11:11 [RMI TCP Connection(146)-127.0.0.1] INFO  com.zaxxer.hikari.HikariDataSource - HikariPool-4 - Shutdown initiated...
2026-01-10 21:11:11 [RMI TCP Connection(146)-127.0.0.1] INFO  com.zaxxer.hikari.HikariDataSource - HikariPool-4 - Shutdown completed.
2026-01-10 21:11:43 [background-preinit] INFO  o.h.validator.internal.util.Version - HV000001: Hibernate Validator 8.0.3.Final
2026-01-10 21:11:43 [restartedMain] INFO  c.app.bank.web.ZplusbankApplication - Starting ZplusbankApplication using Java 17.0.10 with PID 23212 (C:\Users\91790\Documents\workspace-spring-tools-for-eclipse-5.0.0.RELEASE\zplusbank\target\classes started by 91790 in C:\Users\91790\Documents\workspace-spring-tools-for-eclipse-5.0.0.RELEASE\zplusbank)
2026-01-10 21:11:43 [restartedMain] INFO  c.app.bank.web.ZplusbankApplication - No active profile set, falling back to 1 default profile: "default"
2026-01-10 21:11:43 [restartedMain] INFO  o.s.b.d.restart.ChangeableUrls - The Class-Path manifest attribute in C:\Users\91790\.m2\repository\org\glassfish\jaxb\jaxb-runtime\2.3.1\jaxb-runtime-2.3.1.jar referenced one or more files that do not exist: file:/C:/Users/91790/.m2/repository/org/glassfish/jaxb/jaxb-runtime/2.3.1/jaxb-api-2.3.1.jar,file:/C:/Users/91790/.m2/repository/org/glassfish/jaxb/jaxb-runtime/2.3.1/txw2-2.3.1.jar,file:/C:/Users/91790/.m2/repository/org/glassfish/jaxb/jaxb-runtime/2.3.1/istack-commons-runtime-3.0.7.jar,file:/C:/Users/91790/.m2/repository/org/glassfish/jaxb/jaxb-runtime/2.3.1/stax-ex-1.8.jar,file:/C:/Users/91790/.m2/repository/org/glassfish/jaxb/jaxb-runtime/2.3.1/FastInfoset-1.2.15.jar,file:/C:/Users/91790/.m2/repository/org/glassfish/jaxb/jaxb-runtime/2.3.1/javax.activation-api-1.2.0.jar
2026-01-10 21:11:43 [restartedMain] INFO  o.s.b.d.e.DevToolsPropertyDefaultsPostProcessor - Devtools property defaults active! Set 'spring.devtools.add-properties' to 'false' to disable
2026-01-10 21:11:43 [restartedMain] INFO  o.s.b.d.e.DevToolsPropertyDefaultsPostProcessor - For additional web related logging consider setting the 'logging.level.web' property to 'DEBUG'
2026-01-10 21:11:44 [restartedMain] INFO  o.s.d.r.c.RepositoryConfigurationDelegate - Bootstrapping Spring Data JPA repositories in DEFAULT mode.
2026-01-10 21:11:44 [restartedMain] INFO  o.s.d.r.c.RepositoryConfigurationDelegate - Finished Spring Data repository scanning in 58 ms. Found 5 JPA repository interfaces.
2026-01-10 21:11:44 [restartedMain] INFO  o.s.b.w.e.tomcat.TomcatWebServer - Tomcat initialized with port 8989 (http)
2026-01-10 21:11:44 [restartedMain] INFO  o.a.coyote.http11.Http11NioProtocol - Initializing ProtocolHandler ["http-nio-8989"]
2026-01-10 21:11:44 [restartedMain] INFO  o.a.catalina.core.StandardService - Starting service [Tomcat]
2026-01-10 21:11:44 [restartedMain] INFO  o.a.catalina.core.StandardEngine - Starting Servlet engine: [Apache Tomcat/10.1.50]
2026-01-10 21:11:44 [restartedMain] INFO  o.a.c.c.C.[Tomcat].[localhost].[/] - Initializing Spring embedded WebApplicationContext
2026-01-10 21:11:44 [restartedMain] INFO  o.s.b.w.s.c.ServletWebServerApplicationContext - Root WebApplicationContext: initialization completed in 1423 ms
2026-01-10 21:11:45 [restartedMain] INFO  o.h.jpa.internal.util.LogHelper - HHH000204: Processing PersistenceUnitInfo [name: default]
2026-01-10 21:11:45 [restartedMain] INFO  org.hibernate.Version - HHH000412: Hibernate ORM core version 6.6.39.Final
2026-01-10 21:11:45 [restartedMain] INFO  o.h.c.i.RegionFactoryInitiator - HHH000026: Second-level cache disabled
2026-01-10 21:11:45 [restartedMain] INFO  o.s.o.j.p.SpringPersistenceUnitInfo - No LoadTimeWeaver setup: ignoring JPA class transformer
2026-01-10 21:11:45 [restartedMain] INFO  com.zaxxer.hikari.HikariDataSource - HikariPool-1 - Starting...
2026-01-10 21:11:45 [restartedMain] INFO  com.zaxxer.hikari.pool.HikariPool - HikariPool-1 - Added connection com.mysql.cj.jdbc.ConnectionImpl@4c89bcf4
2026-01-10 21:11:45 [restartedMain] INFO  com.zaxxer.hikari.HikariDataSource - HikariPool-1 - Start completed.
2026-01-10 21:11:45 [restartedMain] WARN  org.hibernate.orm.deprecation - HHH90000025: MySQL8Dialect does not need to be specified explicitly using 'hibernate.dialect' (remove the property setting and it will be selected by default)
2026-01-10 21:11:45 [restartedMain] WARN  org.hibernate.orm.deprecation - HHH90000026: MySQL8Dialect has been deprecated; use org.hibernate.dialect.MySQLDialect instead
2026-01-10 21:11:45 [restartedMain] INFO  o.hibernate.orm.connections.pooling - HHH10001005: Database info:
	Database JDBC URL [Connecting through datasource 'HikariDataSource (HikariPool-1)']
	Database driver: undefined/unknown
	Database version: 8.0
	Autocommit mode: undefined/unknown
	Isolation level: undefined/unknown
	Minimum pool size: undefined/unknown
	Maximum pool size: undefined/unknown
2026-01-10 21:11:46 [restartedMain] INFO  o.h.e.t.j.p.i.JtaPlatformInitiator - HHH000489: No JTA platform available (set 'hibernate.transaction.jta.platform' to enable JTA platform integration)
2026-01-10 21:11:47 [restartedMain] DEBUG org.hibernate.SQL - 
    alter table loan_repayments 
       modify column status enum ('ADVANCED_PAID','DEFAULTED','OVERDUE','PAID','PARTIALLY_PAID','PENDING','WAIVED_OFF') not null
2026-01-10 21:11:47 [restartedMain] INFO  o.s.o.j.LocalContainerEntityManagerFactoryBean - Initialized JPA EntityManagerFactory for persistence unit 'default'
2026-01-10 21:11:47 [restartedMain] DEBUG o.h.s.internal.StatisticsInitiator - Statistics initialized [enabled=false]
2026-01-10 21:11:47 [restartedMain] INFO  o.s.d.j.r.query.QueryEnhancerFactory - Hibernate is in classpath; If applicable, HQL parser will be used.
2026-01-10 21:11:47 [restartedMain] INFO  o.s.s.c.a.a.c.InitializeAuthenticationProviderBeanManagerConfigurer$InitializeAuthenticationProviderManagerConfigurer - Global AuthenticationManager configured with AuthenticationProvider bean with name authenticationProvider
2026-01-10 21:11:47 [restartedMain] WARN  o.s.s.c.a.a.c.InitializeUserDetailsBeanManagerConfigurer$InitializeUserDetailsManagerConfigurer - Global AuthenticationManager configured with an AuthenticationProvider bean. UserDetailsService beans will not be used by Spring Security for automatically configuring username/password login. Consider removing the AuthenticationProvider bean. Alternatively, consider using the UserDetailsService in a manually instantiated DaoAuthenticationProvider. If the current configuration is intentional, to turn off this warning, increase the logging level of 'org.springframework.security.config.annotation.authentication.configuration.InitializeUserDetailsBeanManagerConfigurer' to ERROR
2026-01-10 21:11:48 [restartedMain] DEBUG o.s.w.s.m.m.a.RequestMappingHandlerMapping - 20 mappings in 'requestMappingHandlerMapping'
2026-01-10 21:11:48 [restartedMain] DEBUG o.s.w.s.h.SimpleUrlHandlerMapping - Patterns [/webjars/**, /**] in 'resourceHandlerMapping'
2026-01-10 21:11:48 [restartedMain] DEBUG o.s.s.web.DefaultSecurityFilterChain - Will secure any request with filters: DisableEncodeUrlFilter, WebAsyncManagerIntegrationFilter, SecurityContextHolderFilter, HeaderWriterFilter, CorsFilter, LogoutFilter, JwtAuthenticationFilter, RequestCacheAwareFilter, SecurityContextHolderAwareRequestFilter, AnonymousAuthenticationFilter, SessionManagementFilter, ExceptionTranslationFilter, AuthorizationFilter
2026-01-10 21:11:48 [restartedMain] DEBUG o.s.w.s.m.m.a.RequestMappingHandlerAdapter - ControllerAdvice beans: 0 @ModelAttribute, 0 @InitBinder, 1 RequestBodyAdvice, 1 ResponseBodyAdvice
2026-01-10 21:11:48 [restartedMain] WARN  o.s.b.a.t.ThymeleafAutoConfiguration$DefaultTemplateResolverConfiguration - Cannot find template location: classpath:/templates/emails/ (please add some templates, check your Thymeleaf configuration, or set spring.thymeleaf.check-template-location=false)
2026-01-10 21:11:48 [restartedMain] DEBUG o.s.w.s.m.m.a.ExceptionHandlerExceptionResolver - ControllerAdvice beans: 0 @ExceptionHandler, 1 ResponseBodyAdvice
2026-01-10 21:11:49 [restartedMain] INFO  o.s.b.d.a.OptionalLiveReloadServer - LiveReload server is running on port 35729
2026-01-10 21:11:49 [restartedMain] INFO  o.a.coyote.http11.Http11NioProtocol - Starting ProtocolHandler ["http-nio-8989"]
2026-01-10 21:11:49 [restartedMain] INFO  o.s.b.w.e.tomcat.TomcatWebServer - Tomcat started on port 8989 (http) with context path '/'
2026-01-10 21:11:49 [restartedMain] INFO  c.app.bank.web.ZplusbankApplication - Started ZplusbankApplication in 6.447 seconds (process running for 7.068)
2026-01-10 21:11:54 [http-nio-8989-exec-1] INFO  o.a.c.c.C.[Tomcat].[localhost].[/] - Initializing Spring DispatcherServlet 'dispatcherServlet'
2026-01-10 21:11:54 [http-nio-8989-exec-1] INFO  o.s.web.servlet.DispatcherServlet - Initializing Servlet 'dispatcherServlet'
2026-01-10 21:11:54 [http-nio-8989-exec-1] DEBUG o.s.web.servlet.DispatcherServlet - Detected StandardServletMultipartResolver
2026-01-10 21:11:54 [http-nio-8989-exec-1] DEBUG o.s.web.servlet.DispatcherServlet - Detected AcceptHeaderLocaleResolver
2026-01-10 21:11:54 [http-nio-8989-exec-1] DEBUG o.s.web.servlet.DispatcherServlet - Detected FixedThemeResolver
2026-01-10 21:11:54 [http-nio-8989-exec-1] DEBUG o.s.web.servlet.DispatcherServlet - Detected org.springframework.web.servlet.view.DefaultRequestToViewNameTranslator@3eb07ddc
2026-01-10 21:11:54 [http-nio-8989-exec-1] DEBUG o.s.web.servlet.DispatcherServlet - Detected org.springframework.web.servlet.support.SessionFlashMapManager@58fc2ef4
2026-01-10 21:11:54 [http-nio-8989-exec-1] DEBUG o.s.web.servlet.DispatcherServlet - enableLoggingRequestDetails='false': request parameters and headers will be masked to prevent unsafe logging of potentially sensitive data
2026-01-10 21:11:54 [http-nio-8989-exec-1] INFO  o.s.web.servlet.DispatcherServlet - Completed initialization in 2 ms
2026-01-10 21:11:54 [http-nio-8989-exec-1] DEBUG o.s.security.web.FilterChainProxy - Securing GET /api/v1/auth/all-loans
2026-01-10 21:11:55 [http-nio-8989-exec-1] DEBUG org.hibernate.SQL - 
    select
        u1_0.id,
        u1_0.aadhar_number,
        u1_0.address,
        u1_0.created_at,
        u1_0.email,
        u1_0.failed_login_attempts,
        u1_0.first_name,
        u1_0.last_login_at,
        u1_0.last_name,
        u1_0.monthly_income,
        u1_0.pan_number,
        u1_0.password,
        u1_0.phone,
        u1_0.role,
        u1_0.status,
        u1_0.username 
    from
        users u1_0 
    where
        u1_0.username=?
2026-01-10 21:11:55 [http-nio-8989-exec-1] DEBUG o.s.security.web.FilterChainProxy - Secured GET /api/v1/auth/all-loans
2026-01-10 21:11:55 [http-nio-8989-exec-1] DEBUG o.s.web.servlet.DispatcherServlet - GET "/api/v1/auth/all-loans", parameters={}
2026-01-10 21:11:55 [http-nio-8989-exec-1] DEBUG o.s.w.s.m.m.a.RequestMappingHandlerMapping - Mapped to com.app.bank.web.controller.LoanController#getAllLoans(LoanStatus, Pageable)
2026-01-10 21:11:55 [http-nio-8989-exec-1] DEBUG org.hibernate.SQL - 
    select
        l1_0.id,
        l1_0.applied_date,
        l1_0.approved_by,
        l1_0.approved_date,
        l1_0.disbursement_date,
        l1_0.emi_amount,
        l1_0.interest_rate,
        l1_0.account_id,
        l1_0.loan_account_number,
        l1_0.loan_type,
        l1_0.maturity_date,
        l1_0.principal_amount,
        l1_0.status,
        l1_0.tenure_months,
        l1_0.total_amount,
        l1_0.user_id 
    from
        loans l1_0 
    limit
        ?, ?
2026-01-10 21:11:55 [http-nio-8989-exec-1] DEBUG org.hibernate.SQL - 
    select
        a1_0.id,
        a1_0.account_number,
        a1_0.account_type,
        a1_0.balance,
        a1_0.created_at,
        a1_0.interest_rate,
        a1_0.last_transaction_at,
        a1_0.minimum_balance,
        a1_0.status,
        a1_0.user_id,
        u1_0.id,
        u1_0.aadhar_number,
        u1_0.address,
        u1_0.created_at,
        u1_0.email,
        u1_0.failed_login_attempts,
        u1_0.first_name,
        u1_0.last_login_at,
        u1_0.last_name,
        u1_0.monthly_income,
        u1_0.pan_number,
        u1_0.password,
        u1_0.phone,
        u1_0.role,
        u1_0.status,
        u1_0.username 
    from
        accounts a1_0 
    join
        users u1_0 
            on u1_0.id=a1_0.user_id 
    where
        a1_0.id=?
2026-01-10 21:11:55 [http-nio-8989-exec-1] DEBUG org.hibernate.SQL - 
    select
        a1_0.id,
        a1_0.account_number,
        a1_0.account_type,
        a1_0.balance,
        a1_0.created_at,
        a1_0.interest_rate,
        a1_0.last_transaction_at,
        a1_0.minimum_balance,
        a1_0.status,
        a1_0.user_id,
        u1_0.id,
        u1_0.aadhar_number,
        u1_0.address,
        u1_0.created_at,
        u1_0.email,
        u1_0.failed_login_attempts,
        u1_0.first_name,
        u1_0.last_login_at,
        u1_0.last_name,
        u1_0.monthly_income,
        u1_0.pan_number,
        u1_0.password,
        u1_0.phone,
        u1_0.role,
        u1_0.status,
        u1_0.username 
    from
        accounts a1_0 
    join
        users u1_0 
            on u1_0.id=a1_0.user_id 
    where
        a1_0.id=?
2026-01-10 21:11:55 [http-nio-8989-exec-1] WARN  o.s.d.w.c.SpringDataJacksonConfiguration$PageModule$WarningLoggingModifier - Serializing PageImpl instances as-is is not supported, meaning that there is no guarantee about the stability of the resulting JSON structure!
	For a stable JSON structure, please use Spring Data's PagedModel (globally via @EnableSpringDataWebSupport(pageSerializationMode = VIA_DTO))
	or Spring HATEOAS and Spring Data's PagedResourcesAssembler as documented in https://docs.spring.io/spring-data/commons/reference/repositories/core-extensions.html#core.web.pageables.

2026-01-10 21:11:55 [http-nio-8989-exec-1] DEBUG o.s.w.s.m.m.a.HttpEntityMethodProcessor - Using 'application/json', given [*/*] and supported [application/json, application/*+json]
2026-01-10 21:11:55 [http-nio-8989-exec-1] DEBUG o.s.w.s.m.m.a.HttpEntityMethodProcessor - Writing [Page 1 of 1 containing com.app.bank.web.dto.LoanResponse instances]
2026-01-10 21:11:55 [http-nio-8989-exec-1] DEBUG o.s.web.servlet.DispatcherServlet - Completed 200 OK
2026-01-10 21:12:30 [http-nio-8989-exec-4] DEBUG o.s.security.web.FilterChainProxy - Securing GET /api/v1/auth/all-loans
2026-01-10 21:12:30 [http-nio-8989-exec-4] DEBUG org.hibernate.SQL - 
    select
        u1_0.id,
        u1_0.aadhar_number,
        u1_0.address,
        u1_0.created_at,
        u1_0.email,
        u1_0.failed_login_attempts,
        u1_0.first_name,
        u1_0.last_login_at,
        u1_0.last_name,
        u1_0.monthly_income,
        u1_0.pan_number,
        u1_0.password,
        u1_0.phone,
        u1_0.role,
        u1_0.status,
        u1_0.username 
    from
        users u1_0 
    where
        u1_0.username=?
2026-01-10 21:12:30 [http-nio-8989-exec-4] DEBUG o.s.security.web.FilterChainProxy - Secured GET /api/v1/auth/all-loans
2026-01-10 21:12:30 [http-nio-8989-exec-4] DEBUG o.s.web.servlet.DispatcherServlet - GET "/api/v1/auth/all-loans", parameters={}
2026-01-10 21:12:30 [http-nio-8989-exec-4] DEBUG o.s.w.s.m.m.a.RequestMappingHandlerMapping - Mapped to com.app.bank.web.controller.LoanController#getAllLoans(LoanStatus, Pageable)
2026-01-10 21:12:30 [http-nio-8989-exec-4] DEBUG org.hibernate.SQL - 
    select
        l1_0.id,
        l1_0.applied_date,
        l1_0.approved_by,
        l1_0.approved_date,
        l1_0.disbursement_date,
        l1_0.emi_amount,
        l1_0.interest_rate,
        l1_0.account_id,
        l1_0.loan_account_number,
        l1_0.loan_type,
        l1_0.maturity_date,
        l1_0.principal_amount,
        l1_0.status,
        l1_0.tenure_months,
        l1_0.total_amount,
        l1_0.user_id 
    from
        loans l1_0 
    limit
        ?, ?
2026-01-10 21:12:30 [http-nio-8989-exec-4] DEBUG org.hibernate.SQL - 
    select
        a1_0.id,
        a1_0.account_number,
        a1_0.account_type,
        a1_0.balance,
        a1_0.created_at,
        a1_0.interest_rate,
        a1_0.last_transaction_at,
        a1_0.minimum_balance,
        a1_0.status,
        a1_0.user_id,
        u1_0.id,
        u1_0.aadhar_number,
        u1_0.address,
        u1_0.created_at,
        u1_0.email,
        u1_0.failed_login_attempts,
        u1_0.first_name,
        u1_0.last_login_at,
        u1_0.last_name,
        u1_0.monthly_income,
        u1_0.pan_number,
        u1_0.password,
        u1_0.phone,
        u1_0.role,
        u1_0.status,
        u1_0.username 
    from
        accounts a1_0 
    join
        users u1_0 
            on u1_0.id=a1_0.user_id 
    where
        a1_0.id=?
2026-01-10 21:12:30 [http-nio-8989-exec-4] DEBUG org.hibernate.SQL - 
    select
        a1_0.id,
        a1_0.account_number,
        a1_0.account_type,
        a1_0.balance,
        a1_0.created_at,
        a1_0.interest_rate,
        a1_0.last_transaction_at,
        a1_0.minimum_balance,
        a1_0.status,
        a1_0.user_id,
        u1_0.id,
        u1_0.aadhar_number,
        u1_0.address,
        u1_0.created_at,
        u1_0.email,
        u1_0.failed_login_attempts,
        u1_0.first_name,
        u1_0.last_login_at,
        u1_0.last_name,
        u1_0.monthly_income,
        u1_0.pan_number,
        u1_0.password,
        u1_0.phone,
        u1_0.role,
        u1_0.status,
        u1_0.username 
    from
        accounts a1_0 
    join
        users u1_0 
            on u1_0.id=a1_0.user_id 
    where
        a1_0.id=?
2026-01-10 21:12:30 [http-nio-8989-exec-4] DEBUG o.s.w.s.m.m.a.HttpEntityMethodProcessor - Using 'application/json', given [*/*] and supported [application/json, application/*+json]
2026-01-10 21:12:30 [http-nio-8989-exec-4] DEBUG o.s.w.s.m.m.a.HttpEntityMethodProcessor - Writing [Page 1 of 1 containing com.app.bank.web.dto.LoanResponse instances]
2026-01-10 21:12:30 [http-nio-8989-exec-4] DEBUG o.s.web.servlet.DispatcherServlet - Completed 200 OK
2026-01-10 21:13:35 [File Watcher] INFO  o.s.b.d.a.LocalDevToolsAutoConfiguration$RestartingClassPathChangeChangedEventListener - Restarting due to 1 class path change (0 additions, 0 deletions, 1 modification)
2026-01-10 21:13:35 [Thread-6] INFO  o.s.b.w.e.tomcat.GracefulShutdown - Commencing graceful shutdown. Waiting for active requests to complete
2026-01-10 21:13:35 [tomcat-shutdown] INFO  o.a.coyote.http11.Http11NioProtocol - Pausing ProtocolHandler ["http-nio-8989"]
2026-01-10 21:13:35 [tomcat-shutdown] INFO  o.s.b.w.e.tomcat.GracefulShutdown - Graceful shutdown complete
2026-01-10 21:13:35 [Thread-6] INFO  o.a.coyote.http11.Http11NioProtocol - Stopping ProtocolHandler ["http-nio-8989"]
2026-01-10 21:13:35 [Thread-6] INFO  o.s.o.j.LocalContainerEntityManagerFactoryBean - Closing JPA EntityManagerFactory for persistence unit 'default'
2026-01-10 21:13:35 [Thread-6] INFO  com.zaxxer.hikari.HikariDataSource - HikariPool-1 - Shutdown initiated...
2026-01-10 21:13:35 [Thread-6] INFO  com.zaxxer.hikari.HikariDataSource - HikariPool-1 - Shutdown completed.
2026-01-10 21:13:35 [restartedMain] INFO  c.app.bank.web.ZplusbankApplication - Starting ZplusbankApplication using Java 17.0.10 with PID 23212 (C:\Users\91790\Documents\workspace-spring-tools-for-eclipse-5.0.0.RELEASE\zplusbank\target\classes started by 91790 in C:\Users\91790\Documents\workspace-spring-tools-for-eclipse-5.0.0.RELEASE\zplusbank)
2026-01-10 21:13:35 [restartedMain] INFO  c.app.bank.web.ZplusbankApplication - No active profile set, falling back to 1 default profile: "default"
2026-01-10 21:13:35 [restartedMain] INFO  o.s.d.r.c.RepositoryConfigurationDelegate - Bootstrapping Spring Data JPA repositories in DEFAULT mode.
2026-01-10 21:13:35 [restartedMain] INFO  o.s.d.r.c.RepositoryConfigurationDelegate - Finished Spring Data repository scanning in 20 ms. Found 5 JPA repository interfaces.
2026-01-10 21:13:35 [restartedMain] INFO  o.s.b.w.e.tomcat.TomcatWebServer - Tomcat initialized with port 8989 (http)
2026-01-10 21:13:35 [restartedMain] INFO  o.a.coyote.http11.Http11NioProtocol - Initializing ProtocolHandler ["http-nio-8989"]
2026-01-10 21:13:35 [restartedMain] INFO  o.a.catalina.core.StandardService - Starting service [Tomcat]
2026-01-10 21:13:35 [restartedMain] INFO  o.a.catalina.core.StandardEngine - Starting Servlet engine: [Apache Tomcat/10.1.50]
2026-01-10 21:13:36 [restartedMain] INFO  o.a.c.c.C.[Tomcat].[localhost].[/] - Initializing Spring embedded WebApplicationContext
2026-01-10 21:13:36 [restartedMain] INFO  o.s.b.w.s.c.ServletWebServerApplicationContext - Root WebApplicationContext: initialization completed in 313 ms
2026-01-10 21:13:36 [restartedMain] INFO  o.h.jpa.internal.util.LogHelper - HHH000204: Processing PersistenceUnitInfo [name: default]
2026-01-10 21:13:36 [restartedMain] INFO  o.h.c.i.RegionFactoryInitiator - HHH000026: Second-level cache disabled
2026-01-10 21:13:36 [restartedMain] INFO  o.s.o.j.p.SpringPersistenceUnitInfo - No LoadTimeWeaver setup: ignoring JPA class transformer
2026-01-10 21:13:36 [restartedMain] INFO  com.zaxxer.hikari.HikariDataSource - HikariPool-2 - Starting...
2026-01-10 21:13:36 [restartedMain] INFO  com.zaxxer.hikari.pool.HikariPool - HikariPool-2 - Added connection com.mysql.cj.jdbc.ConnectionImpl@a563325
2026-01-10 21:13:36 [restartedMain] INFO  com.zaxxer.hikari.HikariDataSource - HikariPool-2 - Start completed.
2026-01-10 21:13:36 [restartedMain] WARN  org.hibernate.orm.deprecation - HHH90000025: MySQL8Dialect does not need to be specified explicitly using 'hibernate.dialect' (remove the property setting and it will be selected by default)
2026-01-10 21:13:36 [restartedMain] WARN  org.hibernate.orm.deprecation - HHH90000026: MySQL8Dialect has been deprecated; use org.hibernate.dialect.MySQLDialect instead
2026-01-10 21:13:36 [restartedMain] INFO  o.hibernate.orm.connections.pooling - HHH10001005: Database info:
	Database JDBC URL [Connecting through datasource 'HikariDataSource (HikariPool-2)']
	Database driver: undefined/unknown
	Database version: 8.0
	Autocommit mode: undefined/unknown
	Isolation level: undefined/unknown
	Minimum pool size: undefined/unknown
	Maximum pool size: undefined/unknown
2026-01-10 21:13:36 [restartedMain] INFO  o.h.e.t.j.p.i.JtaPlatformInitiator - HHH000489: No JTA platform available (set 'hibernate.transaction.jta.platform' to enable JTA platform integration)
2026-01-10 21:13:36 [restartedMain] DEBUG org.hibernate.SQL - 
    alter table loan_repayments 
       modify column status enum ('ADVANCED_PAID','DEFAULTED','OVERDUE','PAID','PARTIALLY_PAID','PENDING','WAIVED_OFF') not null
2026-01-10 21:13:36 [restartedMain] INFO  o.s.o.j.LocalContainerEntityManagerFactoryBean - Initialized JPA EntityManagerFactory for persistence unit 'default'
2026-01-10 21:13:36 [restartedMain] DEBUG o.h.s.internal.StatisticsInitiator - Statistics initialized [enabled=false]
2026-01-10 21:13:36 [restartedMain] INFO  o.s.s.c.a.a.c.InitializeAuthenticationProviderBeanManagerConfigurer$InitializeAuthenticationProviderManagerConfigurer - Global AuthenticationManager configured with AuthenticationProvider bean with name authenticationProvider
2026-01-10 21:13:36 [restartedMain] WARN  o.s.s.c.a.a.c.InitializeUserDetailsBeanManagerConfigurer$InitializeUserDetailsManagerConfigurer - Global AuthenticationManager configured with an AuthenticationProvider bean. UserDetailsService beans will not be used by Spring Security for automatically configuring username/password login. Consider removing the AuthenticationProvider bean. Alternatively, consider using the UserDetailsService in a manually instantiated DaoAuthenticationProvider. If the current configuration is intentional, to turn off this warning, increase the logging level of 'org.springframework.security.config.annotation.authentication.configuration.InitializeUserDetailsBeanManagerConfigurer' to ERROR
2026-01-10 21:13:36 [restartedMain] DEBUG o.s.w.s.m.m.a.RequestMappingHandlerMapping - 20 mappings in 'requestMappingHandlerMapping'
2026-01-10 21:13:36 [restartedMain] DEBUG o.s.w.s.h.SimpleUrlHandlerMapping - Patterns [/webjars/**, /**] in 'resourceHandlerMapping'
2026-01-10 21:13:36 [restartedMain] DEBUG o.s.s.web.DefaultSecurityFilterChain - Will secure any request with filters: DisableEncodeUrlFilter, WebAsyncManagerIntegrationFilter, SecurityContextHolderFilter, HeaderWriterFilter, CorsFilter, LogoutFilter, JwtAuthenticationFilter, RequestCacheAwareFilter, SecurityContextHolderAwareRequestFilter, AnonymousAuthenticationFilter, SessionManagementFilter, ExceptionTranslationFilter, AuthorizationFilter
2026-01-10 21:13:36 [restartedMain] DEBUG o.s.w.s.m.m.a.RequestMappingHandlerAdapter - ControllerAdvice beans: 0 @ModelAttribute, 0 @InitBinder, 1 RequestBodyAdvice, 1 ResponseBodyAdvice
2026-01-10 21:13:36 [restartedMain] WARN  o.s.b.a.t.ThymeleafAutoConfiguration$DefaultTemplateResolverConfiguration - Cannot find template location: classpath:/templates/emails/ (please add some templates, check your Thymeleaf configuration, or set spring.thymeleaf.check-template-location=false)
2026-01-10 21:13:36 [restartedMain] DEBUG o.s.w.s.m.m.a.ExceptionHandlerExceptionResolver - ControllerAdvice beans: 0 @ExceptionHandler, 1 ResponseBodyAdvice
2026-01-10 21:13:36 [restartedMain] INFO  o.s.b.d.a.OptionalLiveReloadServer - LiveReload server is running on port 35729
2026-01-10 21:13:36 [restartedMain] INFO  o.a.coyote.http11.Http11NioProtocol - Starting ProtocolHandler ["http-nio-8989"]
2026-01-10 21:13:36 [restartedMain] INFO  o.s.b.w.e.tomcat.TomcatWebServer - Tomcat started on port 8989 (http) with context path '/'
2026-01-10 21:13:36 [restartedMain] INFO  c.app.bank.web.ZplusbankApplication - Started ZplusbankApplication in 1.078 seconds (process running for 114.342)
2026-01-10 21:13:36 [restartedMain] INFO  o.s.b.d.a.ConditionEvaluationDeltaLoggingListener - Condition evaluation unchanged
2026-01-10 21:13:41 [http-nio-8989-exec-2] INFO  o.a.c.c.C.[Tomcat].[localhost].[/] - Initializing Spring DispatcherServlet 'dispatcherServlet'
2026-01-10 21:13:41 [http-nio-8989-exec-2] INFO  o.s.web.servlet.DispatcherServlet - Initializing Servlet 'dispatcherServlet'
2026-01-10 21:13:41 [http-nio-8989-exec-2] DEBUG o.s.web.servlet.DispatcherServlet - Detected StandardServletMultipartResolver
2026-01-10 21:13:41 [http-nio-8989-exec-2] DEBUG o.s.web.servlet.DispatcherServlet - Detected AcceptHeaderLocaleResolver
2026-01-10 21:13:41 [http-nio-8989-exec-2] DEBUG o.s.web.servlet.DispatcherServlet - Detected FixedThemeResolver
2026-01-10 21:13:41 [http-nio-8989-exec-2] DEBUG o.s.web.servlet.DispatcherServlet - Detected org.springframework.web.servlet.view.DefaultRequestToViewNameTranslator@16a061fe
2026-01-10 21:13:41 [http-nio-8989-exec-2] DEBUG o.s.web.servlet.DispatcherServlet - Detected org.springframework.web.servlet.support.SessionFlashMapManager@2dff90dd
2026-01-10 21:13:41 [http-nio-8989-exec-2] DEBUG o.s.web.servlet.DispatcherServlet - enableLoggingRequestDetails='false': request parameters and headers will be masked to prevent unsafe logging of potentially sensitive data
2026-01-10 21:13:41 [http-nio-8989-exec-2] INFO  o.s.web.servlet.DispatcherServlet - Completed initialization in 2 ms
2026-01-10 21:13:41 [http-nio-8989-exec-2] DEBUG o.s.security.web.FilterChainProxy - Securing GET /api/v1/auth/all-loans
2026-01-10 21:13:41 [http-nio-8989-exec-2] DEBUG org.hibernate.SQL - 
    select
        u1_0.id,
        u1_0.aadhar_number,
        u1_0.address,
        u1_0.created_at,
        u1_0.email,
        u1_0.failed_login_attempts,
        u1_0.first_name,
        u1_0.last_login_at,
        u1_0.last_name,
        u1_0.monthly_income,
        u1_0.pan_number,
        u1_0.password,
        u1_0.phone,
        u1_0.role,
        u1_0.status,
        u1_0.username 
    from
        users u1_0 
    where
        u1_0.username=?
2026-01-10 21:13:41 [http-nio-8989-exec-2] DEBUG o.s.s.w.a.AccessDeniedHandlerImpl - Responding with 403 status code
2026-01-10 21:13:41 [http-nio-8989-exec-2] DEBUG o.s.security.web.FilterChainProxy - Securing GET /error
2026-01-10 21:13:41 [http-nio-8989-exec-2] DEBUG o.s.security.web.FilterChainProxy - Secured GET /error
2026-01-10 21:13:41 [http-nio-8989-exec-2] DEBUG o.s.web.servlet.DispatcherServlet - "ERROR" dispatch for GET "/error", parameters={}
2026-01-10 21:13:41 [http-nio-8989-exec-2] DEBUG o.s.w.s.m.m.a.RequestMappingHandlerMapping - Mapped to org.springframework.boot.autoconfigure.web.servlet.error.BasicErrorController#error(HttpServletRequest)
2026-01-10 21:13:41 [http-nio-8989-exec-2] DEBUG o.s.w.s.m.m.a.HttpEntityMethodProcessor - Using 'application/json', given [*/*] and supported [application/json, application/*+json]
2026-01-10 21:13:41 [http-nio-8989-exec-2] DEBUG o.s.w.s.m.m.a.HttpEntityMethodProcessor - Writing [{timestamp=Sat Jan 10 21:13:41 IST 2026, status=403, error=Forbidden, message=Forbidden, path=/api/v (truncated)...]
2026-01-10 21:13:41 [http-nio-8989-exec-2] DEBUG o.s.web.servlet.DispatcherServlet - Exiting from "ERROR" dispatch, status 403
2026-01-10 21:13:41 [http-nio-8989-exec-2] DEBUG o.s.s.w.a.AnonymousAuthenticationFilter - Set SecurityContextHolder to anonymous SecurityContext
2026-01-10 21:14:04 [http-nio-8989-exec-3] DEBUG o.s.security.web.FilterChainProxy - Securing GET /api/v1/auth/all-loans
2026-01-10 21:14:04 [http-nio-8989-exec-3] DEBUG org.hibernate.SQL - 
    select
        u1_0.id,
        u1_0.aadhar_number,
        u1_0.address,
        u1_0.created_at,
        u1_0.email,
        u1_0.failed_login_attempts,
        u1_0.first_name,
        u1_0.last_login_at,
        u1_0.last_name,
        u1_0.monthly_income,
        u1_0.pan_number,
        u1_0.password,
        u1_0.phone,
        u1_0.role,
        u1_0.status,
        u1_0.username 
    from
        users u1_0 
    where
        u1_0.username=?
2026-01-10 21:14:04 [http-nio-8989-exec-3] DEBUG o.s.security.web.FilterChainProxy - Secured GET /api/v1/auth/all-loans
2026-01-10 21:14:04 [http-nio-8989-exec-3] DEBUG o.s.web.servlet.DispatcherServlet - GET "/api/v1/auth/all-loans", parameters={}
2026-01-10 21:14:04 [http-nio-8989-exec-3] DEBUG o.s.w.s.m.m.a.RequestMappingHandlerMapping - Mapped to com.app.bank.web.controller.LoanController#getAllLoans(LoanStatus, Pageable)
2026-01-10 21:14:04 [http-nio-8989-exec-3] DEBUG org.hibernate.SQL - 
    select
        l1_0.id,
        l1_0.applied_date,
        l1_0.approved_by,
        l1_0.approved_date,
        l1_0.disbursement_date,
        l1_0.emi_amount,
        l1_0.interest_rate,
        l1_0.account_id,
        l1_0.loan_account_number,
        l1_0.loan_type,
        l1_0.maturity_date,
        l1_0.principal_amount,
        l1_0.status,
        l1_0.tenure_months,
        l1_0.total_amount,
        l1_0.user_id 
    from
        loans l1_0 
    limit
        ?, ?
2026-01-10 21:14:04 [http-nio-8989-exec-3] DEBUG org.hibernate.SQL - 
    select
        a1_0.id,
        a1_0.account_number,
        a1_0.account_type,
        a1_0.balance,
        a1_0.created_at,
        a1_0.interest_rate,
        a1_0.last_transaction_at,
        a1_0.minimum_balance,
        a1_0.status,
        a1_0.user_id,
        u1_0.id,
        u1_0.aadhar_number,
        u1_0.address,
        u1_0.created_at,
        u1_0.email,
        u1_0.failed_login_attempts,
        u1_0.first_name,
        u1_0.last_login_at,
        u1_0.last_name,
        u1_0.monthly_income,
        u1_0.pan_number,
        u1_0.password,
        u1_0.phone,
        u1_0.role,
        u1_0.status,
        u1_0.username 
    from
        accounts a1_0 
    join
        users u1_0 
            on u1_0.id=a1_0.user_id 
    where
        a1_0.id=?
2026-01-10 21:14:04 [http-nio-8989-exec-3] DEBUG org.hibernate.SQL - 
    select
        a1_0.id,
        a1_0.account_number,
        a1_0.account_type,
        a1_0.balance,
        a1_0.created_at,
        a1_0.interest_rate,
        a1_0.last_transaction_at,
        a1_0.minimum_balance,
        a1_0.status,
        a1_0.user_id,
        u1_0.id,
        u1_0.aadhar_number,
        u1_0.address,
        u1_0.created_at,
        u1_0.email,
        u1_0.failed_login_attempts,
        u1_0.first_name,
        u1_0.last_login_at,
        u1_0.last_name,
        u1_0.monthly_income,
        u1_0.pan_number,
        u1_0.password,
        u1_0.phone,
        u1_0.role,
        u1_0.status,
        u1_0.username 
    from
        accounts a1_0 
    join
        users u1_0 
            on u1_0.id=a1_0.user_id 
    where
        a1_0.id=?
2026-01-10 21:14:04 [http-nio-8989-exec-3] WARN  o.s.d.w.c.SpringDataJacksonConfiguration$PageModule$WarningLoggingModifier - Serializing PageImpl instances as-is is not supported, meaning that there is no guarantee about the stability of the resulting JSON structure!
	For a stable JSON structure, please use Spring Data's PagedModel (globally via @EnableSpringDataWebSupport(pageSerializationMode = VIA_DTO))
	or Spring HATEOAS and Spring Data's PagedResourcesAssembler as documented in https://docs.spring.io/spring-data/commons/reference/repositories/core-extensions.html#core.web.pageables.

2026-01-10 21:14:04 [http-nio-8989-exec-3] DEBUG o.s.w.s.m.m.a.HttpEntityMethodProcessor - Using 'application/json', given [*/*] and supported [application/json, application/*+json]
2026-01-10 21:14:04 [http-nio-8989-exec-3] DEBUG o.s.w.s.m.m.a.HttpEntityMethodProcessor - Writing [Page 1 of 1 containing com.app.bank.web.dto.LoanResponse instances]
2026-01-10 21:14:04 [http-nio-8989-exec-3] DEBUG o.s.web.servlet.DispatcherServlet - Completed 200 OK
2026-01-10 21:14:34 [http-nio-8989-exec-4] DEBUG o.s.security.web.FilterChainProxy - Securing GET /api/v1/auth/my-loans
2026-01-10 21:14:34 [http-nio-8989-exec-4] DEBUG org.hibernate.SQL - 
    select
        u1_0.id,
        u1_0.aadhar_number,
        u1_0.address,
        u1_0.created_at,
        u1_0.email,
        u1_0.failed_login_attempts,
        u1_0.first_name,
        u1_0.last_login_at,
        u1_0.last_name,
        u1_0.monthly_income,
        u1_0.pan_number,
        u1_0.password,
        u1_0.phone,
        u1_0.role,
        u1_0.status,
        u1_0.username 
    from
        users u1_0 
    where
        u1_0.username=?
2026-01-10 21:14:34 [http-nio-8989-exec-4] DEBUG o.s.security.web.FilterChainProxy - Secured GET /api/v1/auth/my-loans
2026-01-10 21:14:34 [http-nio-8989-exec-4] DEBUG o.s.web.servlet.DispatcherServlet - GET "/api/v1/auth/my-loans", parameters={}
2026-01-10 21:14:34 [http-nio-8989-exec-4] DEBUG o.s.w.s.m.m.a.RequestMappingHandlerMapping - Mapped to com.app.bank.web.controller.LoanController#getMyLoans(Authentication)
2026-01-10 21:14:34 [http-nio-8989-exec-4] DEBUG org.hibernate.SQL - 
    select
        u1_0.id,
        u1_0.aadhar_number,
        u1_0.address,
        u1_0.created_at,
        u1_0.email,
        u1_0.failed_login_attempts,
        u1_0.first_name,
        u1_0.last_login_at,
        u1_0.last_name,
        u1_0.monthly_income,
        u1_0.pan_number,
        u1_0.password,
        u1_0.phone,
        u1_0.role,
        u1_0.status,
        u1_0.username 
    from
        users u1_0 
    where
        u1_0.username=?
2026-01-10 21:14:34 [http-nio-8989-exec-4] DEBUG org.hibernate.SQL - 
    select
        l1_0.id,
        l1_0.applied_date,
        l1_0.approved_by,
        l1_0.approved_date,
        l1_0.disbursement_date,
        l1_0.emi_amount,
        l1_0.interest_rate,
        l1_0.account_id,
        l1_0.loan_account_number,
        l1_0.loan_type,
        l1_0.maturity_date,
        l1_0.principal_amount,
        l1_0.status,
        l1_0.tenure_months,
        l1_0.total_amount,
        l1_0.user_id 
    from
        loans l1_0 
    left join
        users u1_0 
            on u1_0.id=l1_0.user_id 
    where
        u1_0.id=?
2026-01-10 21:14:34 [http-nio-8989-exec-4] DEBUG org.hibernate.SQL - 
    select
        a1_0.id,
        a1_0.account_number,
        a1_0.account_type,
        a1_0.balance,
        a1_0.created_at,
        a1_0.interest_rate,
        a1_0.last_transaction_at,
        a1_0.minimum_balance,
        a1_0.status,
        a1_0.user_id,
        u1_0.id,
        u1_0.aadhar_number,
        u1_0.address,
        u1_0.created_at,
        u1_0.email,
        u1_0.failed_login_attempts,
        u1_0.first_name,
        u1_0.last_login_at,
        u1_0.last_name,
        u1_0.monthly_income,
        u1_0.pan_number,
        u1_0.password,
        u1_0.phone,
        u1_0.role,
        u1_0.status,
        u1_0.username 
    from
        accounts a1_0 
    join
        users u1_0 
            on u1_0.id=a1_0.user_id 
    where
        a1_0.id=?
2026-01-10 21:14:34 [http-nio-8989-exec-4] DEBUG o.s.w.s.m.m.a.HttpEntityMethodProcessor - Using 'application/json', given [*/*] and supported [application/json, application/*+json]
2026-01-10 21:14:34 [http-nio-8989-exec-4] DEBUG o.s.w.s.m.m.a.HttpEntityMethodProcessor - Writing [[com.app.bank.web.dto.LoanResponse@1001aaa6, com.app.bank.web.dto.LoanResponse@1765723f]]
2026-01-10 21:14:34 [http-nio-8989-exec-4] DEBUG o.s.web.servlet.DispatcherServlet - Completed 200 OK
2026-01-10 21:20:00 [http-nio-8989-exec-7] DEBUG o.s.security.web.FilterChainProxy - Securing POST /api/v1/auth/LOAN1768057013021/repay-loan?amount=10000
2026-01-10 21:20:00 [http-nio-8989-exec-7] DEBUG o.s.s.w.a.AnonymousAuthenticationFilter - Set SecurityContextHolder to anonymous SecurityContext
2026-01-10 21:20:00 [http-nio-8989-exec-7] ERROR c.a.b.w.c.JwtAuthenticationEntryPoint - Unothorized error: Full authentication is required to access this resource
2026-01-10 21:20:00 [http-nio-8989-exec-7] ERROR c.a.b.w.c.JwtAuthenticationEntryPoint - Request URI: /api/v1/auth/LOAN1768057013021/repay-loan
2026-01-10 21:20:20 [http-nio-8989-exec-8] DEBUG o.s.security.web.FilterChainProxy - Securing POST /api/v1/auth/LOAN1768057013021/repay-loan?amount=10000
2026-01-10 21:20:20 [http-nio-8989-exec-8] DEBUG org.hibernate.SQL - 
    select
        u1_0.id,
        u1_0.aadhar_number,
        u1_0.address,
        u1_0.created_at,
        u1_0.email,
        u1_0.failed_login_attempts,
        u1_0.first_name,
        u1_0.last_login_at,
        u1_0.last_name,
        u1_0.monthly_income,
        u1_0.pan_number,
        u1_0.password,
        u1_0.phone,
        u1_0.role,
        u1_0.status,
        u1_0.username 
    from
        users u1_0 
    where
        u1_0.username=?
2026-01-10 21:20:20 [http-nio-8989-exec-8] DEBUG o.s.security.web.FilterChainProxy - Secured POST /api/v1/auth/LOAN1768057013021/repay-loan?amount=10000
2026-01-10 21:20:20 [http-nio-8989-exec-8] DEBUG o.s.web.servlet.DispatcherServlet - POST "/api/v1/auth/LOAN1768057013021/repay-loan?amount=10000", parameters={masked}
2026-01-10 21:20:20 [http-nio-8989-exec-8] DEBUG o.s.w.s.m.m.a.RequestMappingHandlerMapping - Mapped to com.app.bank.web.controller.LoanController#repayLoan(String, BigDecimal, Authentication)
2026-01-10 21:20:20 [http-nio-8989-exec-8] DEBUG org.hibernate.SQL - 
    select
        l1_0.id,
        l1_0.applied_date,
        l1_0.approved_by,
        l1_0.approved_date,
        l1_0.disbursement_date,
        l1_0.emi_amount,
        l1_0.interest_rate,
        l1_0.account_id,
        l1_0.loan_account_number,
        l1_0.loan_type,
        l1_0.maturity_date,
        l1_0.principal_amount,
        l1_0.status,
        l1_0.tenure_months,
        l1_0.total_amount,
        l1_0.user_id 
    from
        loans l1_0 
    where
        l1_0.loan_account_number=?
2026-01-10 21:20:20 [http-nio-8989-exec-8] DEBUG org.hibernate.SQL - 
    select
        a1_0.id,
        a1_0.account_number,
        a1_0.account_type,
        a1_0.balance,
        a1_0.created_at,
        a1_0.interest_rate,
        a1_0.last_transaction_at,
        a1_0.minimum_balance,
        a1_0.status,
        a1_0.user_id,
        u1_0.id,
        u1_0.aadhar_number,
        u1_0.address,
        u1_0.created_at,
        u1_0.email,
        u1_0.failed_login_attempts,
        u1_0.first_name,
        u1_0.last_login_at,
        u1_0.last_name,
        u1_0.monthly_income,
        u1_0.pan_number,
        u1_0.password,
        u1_0.phone,
        u1_0.role,
        u1_0.status,
        u1_0.username 
    from
        accounts a1_0 
    join
        users u1_0 
            on u1_0.id=a1_0.user_id 
    where
        a1_0.id=?
2026-01-10 21:20:20 [http-nio-8989-exec-8] DEBUG org.hibernate.SQL - 
    select
        u1_0.id,
        u1_0.aadhar_number,
        u1_0.address,
        u1_0.created_at,
        u1_0.email,
        u1_0.failed_login_attempts,
        u1_0.first_name,
        u1_0.last_login_at,
        u1_0.last_name,
        u1_0.monthly_income,
        u1_0.pan_number,
        u1_0.password,
        u1_0.phone,
        u1_0.role,
        u1_0.status,
        u1_0.username 
    from
        users u1_0 
    where
        u1_0.username=?
2026-01-10 21:20:20 [http-nio-8989-exec-8] DEBUG o.s.web.servlet.DispatcherServlet - Failed to complete request: com.app.bank.web.exception.BankException: This loan doesn't blngs to you
2026-01-10 21:20:20 [http-nio-8989-exec-8] ERROR o.a.c.c.C.[.[.[.[dispatcherServlet] - Servlet.service() for servlet [dispatcherServlet] in context with path [] threw exception [Request processing failed: com.app.bank.web.exception.BankException: This loan doesn't blngs to you] with root cause
com.app.bank.web.exception.BankException: This loan doesn't blngs to you
	at com.app.bank.web.service.LoanService.repayLoan(LoanService.java:97)
	at java.base/jdk.internal.reflect.NativeMethodAccessorImpl.invoke0(Native Method)
	at java.base/jdk.internal.reflect.NativeMethodAccessorImpl.invoke(NativeMethodAccessorImpl.java:77)
	at java.base/jdk.internal.reflect.DelegatingMethodAccessorImpl.invoke(DelegatingMethodAccessorImpl.java:43)
	at java.base/java.lang.reflect.Method.invoke(Method.java:568)
	at org.springframework.aop.support.AopUtils.invokeJoinpointUsingReflection(AopUtils.java:360)
	at org.springframework.aop.framework.ReflectiveMethodInvocation.invokeJoinpoint(ReflectiveMethodInvocation.java:196)
	at org.springframework.aop.framework.ReflectiveMethodInvocation.proceed(ReflectiveMethodInvocation.java:163)
	at org.springframework.transaction.interceptor.TransactionAspectSupport.invokeWithinTransaction(TransactionAspectSupport.java:380)
	at org.springframework.transaction.interceptor.TransactionInterceptor.invoke(TransactionInterceptor.java:119)
	at org.springframework.aop.framework.ReflectiveMethodInvocation.proceed(ReflectiveMethodInvocation.java:184)
	at org.springframework.aop.framework.CglibAopProxy$DynamicAdvisedInterceptor.intercept(CglibAopProxy.java:728)
	at com.app.bank.web.service.LoanService$$SpringCGLIB$$0.repayLoan(<generated>)
	at com.app.bank.web.controller.LoanController.repayLoan(LoanController.java:47)
	at java.base/jdk.internal.reflect.NativeMethodAccessorImpl.invoke0(Native Method)
	at java.base/jdk.internal.reflect.NativeMethodAccessorImpl.invoke(NativeMethodAccessorImpl.java:77)
	at java.base/jdk.internal.reflect.DelegatingMethodAccessorImpl.invoke(DelegatingMethodAccessorImpl.java:43)
	at java.base/java.lang.reflect.Method.invoke(Method.java:568)
	at org.springframework.web.method.support.InvocableHandlerMethod.doInvoke(InvocableHandlerMethod.java:258)
	at org.springframework.web.method.support.InvocableHandlerMethod.invokeForRequest(InvocableHandlerMethod.java:191)
	at org.springframework.web.servlet.mvc.method.annotation.ServletInvocableHandlerMethod.invokeAndHandle(ServletInvocableHandlerMethod.java:118)
	at org.springframework.web.servlet.mvc.method.annotation.RequestMappingHandlerAdapter.invokeHandlerMethod(RequestMappingHandlerAdapter.java:991)
	at org.springframework.web.servlet.mvc.method.annotation.RequestMappingHandlerAdapter.handleInternal(RequestMappingHandlerAdapter.java:896)
	at org.springframework.web.servlet.mvc.method.AbstractHandlerMethodAdapter.handle(AbstractHandlerMethodAdapter.java:87)
	at org.springframework.web.servlet.DispatcherServlet.doDispatch(DispatcherServlet.java:1089)
	at org.springframework.web.servlet.DispatcherServlet.doService(DispatcherServlet.java:979)
	at org.springframework.web.servlet.FrameworkServlet.processRequest(FrameworkServlet.java:1014)
	at org.springframework.web.servlet.FrameworkServlet.doPost(FrameworkServlet.java:914)
	at jakarta.servlet.http.HttpServlet.service(HttpServlet.java:590)
	at org.springframework.web.servlet.FrameworkServlet.service(FrameworkServlet.java:885)
	at jakarta.servlet.http.HttpServlet.service(HttpServlet.java:658)
	at org.apache.catalina.core.ApplicationFilterChain.internalDoFilter(ApplicationFilterChain.java:193)
	at org.apache.catalina.core.ApplicationFilterChain.doFilter(ApplicationFilterChain.java:138)
	at org.apache.tomcat.websocket.server.WsFilter.doFilter(WsFilter.java:51)
	at org.apache.catalina.core.ApplicationFilterChain.internalDoFilter(ApplicationFilterChain.java:162)
	at org.apache.catalina.core.ApplicationFilterChain.doFilter(ApplicationFilterChain.java:138)
	at org.springframework.web.filter.OncePerRequestFilter.doFilter(OncePerRequestFilter.java:110)
	at org.apache.catalina.core.ApplicationFilterChain.internalDoFilter(ApplicationFilterChain.java:162)
	at org.apache.catalina.core.ApplicationFilterChain.doFilter(ApplicationFilterChain.java:138)
	at org.springframework.web.filter.CompositeFilter$VirtualFilterChain.doFilter(CompositeFilter.java:108)
	at org.springframework.web.filter.CompositeFilter$VirtualFilterChain.doFilter(CompositeFilter.java:108)
	at org.springframework.security.web.FilterChainProxy.lambda$doFilterInternal$3(FilterChainProxy.java:231)
	at org.springframework.security.web.FilterChainProxy$VirtualFilterChain.doFilter(FilterChainProxy.java:365)
	at org.springframework.security.web.access.intercept.AuthorizationFilter.doFilter(AuthorizationFilter.java:101)
	at org.springframework.security.web.FilterChainProxy$VirtualFilterChain.doFilter(FilterChainProxy.java:374)
	at org.springframework.security.web.access.ExceptionTranslationFilter.doFilter(ExceptionTranslationFilter.java:125)
	at org.springframework.security.web.access.ExceptionTranslationFilter.doFilter(ExceptionTranslationFilter.java:119)
	at org.springframework.security.web.FilterChainProxy$VirtualFilterChain.doFilter(FilterChainProxy.java:374)
	at org.springframework.security.web.session.SessionManagementFilter.doFilter(SessionManagementFilter.java:131)
	at org.springframework.security.web.session.SessionManagementFilter.doFilter(SessionManagementFilter.java:85)
	at org.springframework.security.web.FilterChainProxy$VirtualFilterChain.doFilter(FilterChainProxy.java:374)
	at org.springframework.security.web.authentication.AnonymousAuthenticationFilter.doFilter(AnonymousAuthenticationFilter.java:100)
	at org.springframework.security.web.FilterChainProxy$VirtualFilterChain.doFilter(FilterChainProxy.java:374)
	at org.springframework.security.web.servletapi.SecurityContextHolderAwareRequestFilter.doFilter(SecurityContextHolderAwareRequestFilter.java:179)
	at org.springframework.security.web.FilterChainProxy$VirtualFilterChain.doFilter(FilterChainProxy.java:374)
	at org.springframework.security.web.savedrequest.RequestCacheAwareFilter.doFilter(RequestCacheAwareFilter.java:63)
	at org.springframework.security.web.FilterChainProxy$VirtualFilterChain.doFilter(FilterChainProxy.java:374)
	at com.app.bank.web.security.JwtAuthenticationFilter.doFilterInternal(JwtAuthenticationFilter.java:137)
	at org.springframework.web.filter.OncePerRequestFilter.doFilter(OncePerRequestFilter.java:116)
	at org.springframework.security.web.FilterChainProxy$VirtualFilterChain.doFilter(FilterChainProxy.java:374)
	at org.springframework.security.web.authentication.logout.LogoutFilter.doFilter(LogoutFilter.java:107)
	at org.springframework.security.web.authentication.logout.LogoutFilter.doFilter(LogoutFilter.java:93)
	at org.springframework.security.web.FilterChainProxy$VirtualFilterChain.doFilter(FilterChainProxy.java:374)
	at org.springframework.web.filter.CorsFilter.doFilterInternal(CorsFilter.java:91)
	at org.springframework.web.filter.OncePerRequestFilter.doFilter(OncePerRequestFilter.java:116)
	at org.springframework.security.web.FilterChainProxy$VirtualFilterChain.doFilter(FilterChainProxy.java:374)
	at org.springframework.security.web.header.HeaderWriterFilter.doHeadersAfter(HeaderWriterFilter.java:90)
	at org.springframework.security.web.header.HeaderWriterFilter.doFilterInternal(HeaderWriterFilter.java:75)
	at org.springframework.web.filter.OncePerRequestFilter.doFilter(OncePerRequestFilter.java:116)
	at org.springframework.security.web.FilterChainProxy$VirtualFilterChain.doFilter(FilterChainProxy.java:374)
	at org.springframework.security.web.context.SecurityContextHolderFilter.doFilter(SecurityContextHolderFilter.java:82)
	at org.springframework.security.web.context.SecurityContextHolderFilter.doFilter(SecurityContextHolderFilter.java:69)
	at org.springframework.security.web.FilterChainProxy$VirtualFilterChain.doFilter(FilterChainProxy.java:374)
	at org.springframework.security.web.context.request.async.WebAsyncManagerIntegrationFilter.doFilterInternal(WebAsyncManagerIntegrationFilter.java:62)
	at org.springframework.web.filter.OncePerRequestFilter.doFilter(OncePerRequestFilter.java:116)
	at org.springframework.security.web.FilterChainProxy$VirtualFilterChain.doFilter(FilterChainProxy.java:374)
	at org.springframework.security.web.session.DisableEncodeUrlFilter.doFilterInternal(DisableEncodeUrlFilter.java:42)
	at org.springframework.web.filter.OncePerRequestFilter.doFilter(OncePerRequestFilter.java:116)
	at org.springframework.security.web.FilterChainProxy$VirtualFilterChain.doFilter(FilterChainProxy.java:374)
	at org.springframework.security.web.FilterChainProxy.doFilterInternal(FilterChainProxy.java:233)
	at org.springframework.security.web.FilterChainProxy.doFilter(FilterChainProxy.java:191)
	at org.springframework.web.filter.CompositeFilter$VirtualFilterChain.doFilter(CompositeFilter.java:113)
	at org.springframework.web.filter.ServletRequestPathFilter.doFilter(ServletRequestPathFilter.java:52)
	at org.springframework.web.filter.CompositeFilter$VirtualFilterChain.doFilter(CompositeFilter.java:113)
	at org.springframework.web.filter.CompositeFilter.doFilter(CompositeFilter.java:74)
	at org.springframework.security.config.annotation.web.configuration.WebSecurityConfiguration$CompositeFilterChainProxy.doFilter(WebSecurityConfiguration.java:319)
	at org.springframework.web.filter.CompositeFilter$VirtualFilterChain.doFilter(CompositeFilter.java:113)
	at org.springframework.web.servlet.handler.HandlerMappingIntrospector.lambda$createCacheFilter$4(HandlerMappingIntrospector.java:267)
	at org.springframework.web.filter.CompositeFilter$VirtualFilterChain.doFilter(CompositeFilter.java:113)
	at org.springframework.web.filter.CompositeFilter.doFilter(CompositeFilter.java:74)
	at org.springframework.security.config.annotation.web.configuration.WebMvcSecurityConfiguration$CompositeFilterChainProxy.doFilter(WebMvcSecurityConfiguration.java:240)
	at org.springframework.web.filter.DelegatingFilterProxy.invokeDelegate(DelegatingFilterProxy.java:362)
	at org.springframework.web.filter.DelegatingFilterProxy.doFilter(DelegatingFilterProxy.java:278)
	at org.apache.catalina.core.ApplicationFilterChain.internalDoFilter(ApplicationFilterChain.java:162)
	at org.apache.catalina.core.ApplicationFilterChain.doFilter(ApplicationFilterChain.java:138)
	at org.springframework.web.filter.RequestContextFilter.doFilterInternal(RequestContextFilter.java:100)
	at org.springframework.web.filter.OncePerRequestFilter.doFilter(OncePerRequestFilter.java:116)
	at org.apache.catalina.core.ApplicationFilterChain.internalDoFilter(ApplicationFilterChain.java:162)
	at org.apache.catalina.core.ApplicationFilterChain.doFilter(ApplicationFilterChain.java:138)
	at org.springframework.web.filter.FormContentFilter.doFilterInternal(FormContentFilter.java:93)
	at org.springframework.web.filter.OncePerRequestFilter.doFilter(OncePerRequestFilter.java:116)
	at org.apache.catalina.core.ApplicationFilterChain.internalDoFilter(ApplicationFilterChain.java:162)
	at org.apache.catalina.core.ApplicationFilterChain.doFilter(ApplicationFilterChain.java:138)
	at org.springframework.web.filter.CharacterEncodingFilter.doFilterInternal(CharacterEncodingFilter.java:201)
	at org.springframework.web.filter.OncePerRequestFilter.doFilter(OncePerRequestFilter.java:116)
	at org.apache.catalina.core.ApplicationFilterChain.internalDoFilter(ApplicationFilterChain.java:162)
	at org.apache.catalina.core.ApplicationFilterChain.doFilter(ApplicationFilterChain.java:138)
	at org.apache.catalina.core.StandardWrapperValve.invoke(StandardWrapperValve.java:165)
	at org.apache.catalina.core.StandardContextValve.invoke(StandardContextValve.java:88)
	at org.apache.catalina.authenticator.AuthenticatorBase.invoke(AuthenticatorBase.java:482)
	at org.apache.catalina.core.StandardHostValve.invoke(StandardHostValve.java:113)
	at org.apache.catalina.valves.ErrorReportValve.invoke(ErrorReportValve.java:83)
	at org.apache.catalina.core.StandardEngineValve.invoke(StandardEngineValve.java:72)
	at org.apache.catalina.connector.CoyoteAdapter.service(CoyoteAdapter.java:342)
	at org.apache.coyote.http11.Http11Processor.service(Http11Processor.java:399)
	at org.apache.coyote.AbstractProcessorLight.process(AbstractProcessorLight.java:63)
	at org.apache.coyote.AbstractProtocol$ConnectionHandler.process(AbstractProtocol.java:903)
	at org.apache.tomcat.util.net.NioEndpoint$SocketProcessor.doRun(NioEndpoint.java:1774)
	at org.apache.tomcat.util.net.SocketProcessorBase.run(SocketProcessorBase.java:52)
	at org.apache.tomcat.util.threads.ThreadPoolExecutor.runWorker(ThreadPoolExecutor.java:973)
	at org.apache.tomcat.util.threads.ThreadPoolExecutor$Worker.run(ThreadPoolExecutor.java:491)
	at org.apache.tomcat.util.threads.TaskThread$WrappingRunnable.run(TaskThread.java:63)
	at java.base/java.lang.Thread.run(Thread.java:842)
2026-01-10 21:20:20 [http-nio-8989-exec-8] DEBUG o.s.security.web.FilterChainProxy - Securing POST /error?amount=10000
2026-01-10 21:20:20 [http-nio-8989-exec-8] DEBUG o.s.security.web.FilterChainProxy - Secured POST /error?amount=10000
2026-01-10 21:20:20 [http-nio-8989-exec-8] DEBUG o.s.web.servlet.DispatcherServlet - "ERROR" dispatch for POST "/error?amount=10000", parameters={masked}
2026-01-10 21:20:20 [http-nio-8989-exec-8] DEBUG o.s.w.s.m.m.a.RequestMappingHandlerMapping - Mapped to org.springframework.boot.autoconfigure.web.servlet.error.BasicErrorController#error(HttpServletRequest)
2026-01-10 21:20:20 [http-nio-8989-exec-8] DEBUG o.s.w.s.m.m.a.HttpEntityMethodProcessor - Using 'application/json', given [*/*] and supported [application/json, application/*+json]
2026-01-10 21:20:20 [http-nio-8989-exec-8] DEBUG o.s.w.s.m.m.a.HttpEntityMethodProcessor - Writing [{timestamp=Sat Jan 10 21:20:20 IST 2026, status=500, error=Internal Server Error, trace=com.app.bank (truncated)...]
2026-01-10 21:20:20 [http-nio-8989-exec-8] DEBUG o.s.web.servlet.DispatcherServlet - Exiting from "ERROR" dispatch, status 500
2026-01-10 21:20:20 [http-nio-8989-exec-8] DEBUG o.s.s.w.a.AnonymousAuthenticationFilter - Set SecurityContextHolder to anonymous SecurityContext
2026-01-10 21:21:04 [http-nio-8989-exec-9] DEBUG o.s.security.web.FilterChainProxy - Securing POST /api/v1/auth/LOAN1768057013021/repay-loan?amount=10000
2026-01-10 21:21:04 [http-nio-8989-exec-9] DEBUG org.hibernate.SQL - 
    select
        u1_0.id,
        u1_0.aadhar_number,
        u1_0.address,
        u1_0.created_at,
        u1_0.email,
        u1_0.failed_login_attempts,
        u1_0.first_name,
        u1_0.last_login_at,
        u1_0.last_name,
        u1_0.monthly_income,
        u1_0.pan_number,
        u1_0.password,
        u1_0.phone,
        u1_0.role,
        u1_0.status,
        u1_0.username 
    from
        users u1_0 
    where
        u1_0.username=?
2026-01-10 21:21:04 [http-nio-8989-exec-9] DEBUG o.s.security.web.FilterChainProxy - Secured POST /api/v1/auth/LOAN1768057013021/repay-loan?amount=10000
2026-01-10 21:21:04 [http-nio-8989-exec-9] DEBUG o.s.web.servlet.DispatcherServlet - POST "/api/v1/auth/LOAN1768057013021/repay-loan?amount=10000", parameters={masked}
2026-01-10 21:21:04 [http-nio-8989-exec-9] DEBUG o.s.w.s.m.m.a.RequestMappingHandlerMapping - Mapped to com.app.bank.web.controller.LoanController#repayLoan(String, BigDecimal, Authentication)
2026-01-10 21:21:04 [http-nio-8989-exec-9] DEBUG org.hibernate.SQL - 
    select
        l1_0.id,
        l1_0.applied_date,
        l1_0.approved_by,
        l1_0.approved_date,
        l1_0.disbursement_date,
        l1_0.emi_amount,
        l1_0.interest_rate,
        l1_0.account_id,
        l1_0.loan_account_number,
        l1_0.loan_type,
        l1_0.maturity_date,
        l1_0.principal_amount,
        l1_0.status,
        l1_0.tenure_months,
        l1_0.total_amount,
        l1_0.user_id 
    from
        loans l1_0 
    where
        l1_0.loan_account_number=?
2026-01-10 21:21:04 [http-nio-8989-exec-9] DEBUG org.hibernate.SQL - 
    select
        a1_0.id,
        a1_0.account_number,
        a1_0.account_type,
        a1_0.balance,
        a1_0.created_at,
        a1_0.interest_rate,
        a1_0.last_transaction_at,
        a1_0.minimum_balance,
        a1_0.status,
        a1_0.user_id,
        u1_0.id,
        u1_0.aadhar_number,
        u1_0.address,
        u1_0.created_at,
        u1_0.email,
        u1_0.failed_login_attempts,
        u1_0.first_name,
        u1_0.last_login_at,
        u1_0.last_name,
        u1_0.monthly_income,
        u1_0.pan_number,
        u1_0.password,
        u1_0.phone,
        u1_0.role,
        u1_0.status,
        u1_0.username 
    from
        accounts a1_0 
    join
        users u1_0 
            on u1_0.id=a1_0.user_id 
    where
        a1_0.id=?
2026-01-10 21:21:04 [http-nio-8989-exec-9] DEBUG org.hibernate.SQL - 
    select
        u1_0.id,
        u1_0.aadhar_number,
        u1_0.address,
        u1_0.created_at,
        u1_0.email,
        u1_0.failed_login_attempts,
        u1_0.first_name,
        u1_0.last_login_at,
        u1_0.last_name,
        u1_0.monthly_income,
        u1_0.pan_number,
        u1_0.password,
        u1_0.phone,
        u1_0.role,
        u1_0.status,
        u1_0.username 
    from
        users u1_0 
    where
        u1_0.username=?
2026-01-10 21:21:04 [http-nio-8989-exec-9] DEBUG org.hibernate.SQL - 
    select
        r1_0.loan_id,
        r1_0.id,
        r1_0.created_at,
        r1_0.created_by,
        r1_0.due_amount,
        r1_0.due_date,
        r1_0.grace_period_end_date,
        r1_0.installment_number,
        r1_0.interest_amount,
        r1_0.late_payment_fee,
        r1_0.paid_amount,
        r1_0.payment_date,
        r1_0.payment_mode,
        r1_0.payment_reference,
        r1_0.penalty_rate,
        r1_0.principal_amount,
        r1_0.remaining_principal,
        r1_0.remarks,
        r1_0.status,
        r1_0.total_outstanding,
        r1_0.transaction_id,
        r1_0.updated_at,
        r1_0.updated_by 
    from
        loan_repayments r1_0 
    where
        r1_0.loan_id=?
2026-01-10 21:21:04 [http-nio-8989-exec-9] DEBUG org.hibernate.SQL - 
    update
        accounts 
    set
        account_number=?,
        account_type=?,
        balance=?,
        created_at=?,
        interest_rate=?,
        last_transaction_at=?,
        minimum_balance=?,
        status=?,
        user_id=? 
    where
        id=?
2026-01-10 21:21:04 [http-nio-8989-exec-9] DEBUG o.s.w.s.m.m.a.HttpEntityMethodProcessor - Using 'application/json', given [*/*] and supported [application/json, application/*+json]
2026-01-10 21:21:04 [http-nio-8989-exec-9] DEBUG o.s.w.s.m.m.a.HttpEntityMethodProcessor - Writing [{remining balance=12260.48, message=Loan repayment successful}]
2026-01-10 21:21:04 [http-nio-8989-exec-9] DEBUG o.s.web.servlet.DispatcherServlet - Completed 200 OK
2026-01-10 21:48:43 [HikariPool-2:housekeeper] WARN  com.zaxxer.hikari.pool.HikariPool - HikariPool-2 - Thread starvation or clock leap detected (housekeeper delta=17m36s944ms376µs900ns).
