2026-01-13 11:32:41 [background-preinit] INFO  o.h.validator.internal.util.Version - HV000001: Hibernate Validator 8.0.3.Final
2026-01-13 11:32:41 [restartedMain] INFO  c.app.bank.web.ZplusbankApplication - Starting ZplusbankApplication using Java 17.0.10 with PID 14052 (C:\Users\91790\Documents\workspace-spring-tools-for-eclipse-5.0.0.RELEASE\zplusbank\target\classes started by 91790 in C:\Users\91790\Documents\workspace-spring-tools-for-eclipse-5.0.0.RELEASE\zplusbank)
2026-01-13 11:32:41 [restartedMain] INFO  c.app.bank.web.ZplusbankApplication - No active profile set, falling back to 1 default profile: "default"
2026-01-13 11:32:41 [restartedMain] INFO  o.s.b.d.restart.ChangeableUrls - The Class-Path manifest attribute in C:\Users\91790\.m2\repository\org\glassfish\jaxb\jaxb-runtime\2.3.1\jaxb-runtime-2.3.1.jar referenced one or more files that do not exist: file:/C:/Users/91790/.m2/repository/org/glassfish/jaxb/jaxb-runtime/2.3.1/jaxb-api-2.3.1.jar,file:/C:/Users/91790/.m2/repository/org/glassfish/jaxb/jaxb-runtime/2.3.1/txw2-2.3.1.jar,file:/C:/Users/91790/.m2/repository/org/glassfish/jaxb/jaxb-runtime/2.3.1/istack-commons-runtime-3.0.7.jar,file:/C:/Users/91790/.m2/repository/org/glassfish/jaxb/jaxb-runtime/2.3.1/stax-ex-1.8.jar,file:/C:/Users/91790/.m2/repository/org/glassfish/jaxb/jaxb-runtime/2.3.1/FastInfoset-1.2.15.jar,file:/C:/Users/91790/.m2/repository/org/glassfish/jaxb/jaxb-runtime/2.3.1/javax.activation-api-1.2.0.jar
2026-01-13 11:32:41 [restartedMain] INFO  o.s.b.d.e.DevToolsPropertyDefaultsPostProcessor - Devtools property defaults active! Set 'spring.devtools.add-properties' to 'false' to disable
2026-01-13 11:32:41 [restartedMain] INFO  o.s.b.d.e.DevToolsPropertyDefaultsPostProcessor - For additional web related logging consider setting the 'logging.level.web' property to 'DEBUG'
2026-01-13 11:32:42 [restartedMain] INFO  o.s.d.r.c.RepositoryConfigurationDelegate - Bootstrapping Spring Data JPA repositories in DEFAULT mode.
2026-01-13 11:32:42 [restartedMain] INFO  o.s.d.r.c.RepositoryConfigurationDelegate - Finished Spring Data repository scanning in 79 ms. Found 5 JPA repository interfaces.
2026-01-13 11:32:42 [restartedMain] INFO  o.s.b.w.e.tomcat.TomcatWebServer - Tomcat initialized with port 8989 (http)
2026-01-13 11:32:42 [restartedMain] INFO  o.a.coyote.http11.Http11NioProtocol - Initializing ProtocolHandler ["http-nio-8989"]
2026-01-13 11:32:42 [restartedMain] INFO  o.a.catalina.core.StandardService - Starting service [Tomcat]
2026-01-13 11:32:42 [restartedMain] INFO  o.a.catalina.core.StandardEngine - Starting Servlet engine: [Apache Tomcat/10.1.50]
2026-01-13 11:32:42 [restartedMain] INFO  o.a.c.c.C.[Tomcat].[localhost].[/] - Initializing Spring embedded WebApplicationContext
2026-01-13 11:32:42 [restartedMain] INFO  o.s.b.w.s.c.ServletWebServerApplicationContext - Root WebApplicationContext: initialization completed in 1763 ms
2026-01-13 11:32:43 [restartedMain] INFO  o.h.jpa.internal.util.LogHelper - HHH000204: Processing PersistenceUnitInfo [name: default]
2026-01-13 11:32:43 [restartedMain] INFO  org.hibernate.Version - HHH000412: Hibernate ORM core version 6.6.39.Final
2026-01-13 11:32:43 [restartedMain] INFO  o.h.c.i.RegionFactoryInitiator - HHH000026: Second-level cache disabled
2026-01-13 11:32:43 [restartedMain] INFO  o.s.o.j.p.SpringPersistenceUnitInfo - No LoadTimeWeaver setup: ignoring JPA class transformer
2026-01-13 11:32:43 [restartedMain] INFO  com.zaxxer.hikari.HikariDataSource - HikariPool-1 - Starting...
2026-01-13 11:32:43 [restartedMain] INFO  com.zaxxer.hikari.pool.HikariPool - HikariPool-1 - Added connection com.mysql.cj.jdbc.ConnectionImpl@df65356
2026-01-13 11:32:43 [restartedMain] INFO  com.zaxxer.hikari.HikariDataSource - HikariPool-1 - Start completed.
2026-01-13 11:32:43 [restartedMain] WARN  org.hibernate.orm.deprecation - HHH90000025: MySQL8Dialect does not need to be specified explicitly using 'hibernate.dialect' (remove the property setting and it will be selected by default)
2026-01-13 11:32:43 [restartedMain] WARN  org.hibernate.orm.deprecation - HHH90000026: MySQL8Dialect has been deprecated; use org.hibernate.dialect.MySQLDialect instead
2026-01-13 11:32:43 [restartedMain] INFO  o.hibernate.orm.connections.pooling - HHH10001005: Database info:
	Database JDBC URL [Connecting through datasource 'HikariDataSource (HikariPool-1)']
	Database driver: undefined/unknown
	Database version: 8.0
	Autocommit mode: undefined/unknown
	Isolation level: undefined/unknown
	Minimum pool size: undefined/unknown
	Maximum pool size: undefined/unknown
2026-01-13 11:32:45 [restartedMain] INFO  o.h.e.t.j.p.i.JtaPlatformInitiator - HHH000489: No JTA platform available (set 'hibernate.transaction.jta.platform' to enable JTA platform integration)
2026-01-13 11:32:45 [restartedMain] DEBUG org.hibernate.SQL - 
    alter table loan_repayments 
       modify column status enum ('ADVANCED_PAID','DEFAULTED','OVERDUE','PAID','PARTIALLY_PAID','PENDING','WAIVED_OFF') not null
2026-01-13 11:32:45 [restartedMain] INFO  o.s.o.j.LocalContainerEntityManagerFactoryBean - Initialized JPA EntityManagerFactory for persistence unit 'default'
2026-01-13 11:32:45 [restartedMain] DEBUG o.h.s.internal.StatisticsInitiator - Statistics initialized [enabled=false]
2026-01-13 11:32:45 [restartedMain] INFO  o.s.d.j.r.query.QueryEnhancerFactory - Hibernate is in classpath; If applicable, HQL parser will be used.
2026-01-13 11:32:46 [restartedMain] INFO  o.s.s.c.a.a.c.InitializeAuthenticationProviderBeanManagerConfigurer$InitializeAuthenticationProviderManagerConfigurer - Global AuthenticationManager configured with AuthenticationProvider bean with name authenticationProvider
2026-01-13 11:32:46 [restartedMain] WARN  o.s.s.c.a.a.c.InitializeUserDetailsBeanManagerConfigurer$InitializeUserDetailsManagerConfigurer - Global AuthenticationManager configured with an AuthenticationProvider bean. UserDetailsService beans will not be used by Spring Security for automatically configuring username/password login. Consider removing the AuthenticationProvider bean. Alternatively, consider using the UserDetailsService in a manually instantiated DaoAuthenticationProvider. If the current configuration is intentional, to turn off this warning, increase the logging level of 'org.springframework.security.config.annotation.authentication.configuration.InitializeUserDetailsBeanManagerConfigurer' to ERROR
2026-01-13 11:32:47 [restartedMain] DEBUG o.s.w.s.m.m.a.RequestMappingHandlerMapping - 26 mappings in 'requestMappingHandlerMapping'
2026-01-13 11:32:47 [restartedMain] DEBUG o.s.w.s.h.SimpleUrlHandlerMapping - Patterns [/webjars/**, /**] in 'resourceHandlerMapping'
2026-01-13 11:32:47 [restartedMain] DEBUG o.s.s.web.DefaultSecurityFilterChain - Will secure any request with filters: DisableEncodeUrlFilter, WebAsyncManagerIntegrationFilter, SecurityContextHolderFilter, HeaderWriterFilter, CorsFilter, LogoutFilter, JwtAuthenticationFilter, RequestCacheAwareFilter, SecurityContextHolderAwareRequestFilter, AnonymousAuthenticationFilter, SessionManagementFilter, ExceptionTranslationFilter, AuthorizationFilter
2026-01-13 11:32:47 [restartedMain] DEBUG o.s.w.s.m.m.a.RequestMappingHandlerAdapter - ControllerAdvice beans: 0 @ModelAttribute, 0 @InitBinder, 1 RequestBodyAdvice, 1 ResponseBodyAdvice
2026-01-13 11:32:47 [restartedMain] WARN  o.s.b.a.t.ThymeleafAutoConfiguration$DefaultTemplateResolverConfiguration - Cannot find template location: classpath:/templates/emails/ (please add some templates, check your Thymeleaf configuration, or set spring.thymeleaf.check-template-location=false)
2026-01-13 11:32:47 [restartedMain] DEBUG o.s.w.s.m.m.a.ExceptionHandlerExceptionResolver - ControllerAdvice beans: 0 @ExceptionHandler, 1 ResponseBodyAdvice
2026-01-13 11:32:47 [restartedMain] INFO  o.s.b.d.a.OptionalLiveReloadServer - LiveReload server is running on port 35729
2026-01-13 11:32:47 [restartedMain] INFO  o.a.coyote.http11.Http11NioProtocol - Starting ProtocolHandler ["http-nio-8989"]
2026-01-13 11:32:47 [restartedMain] INFO  o.s.b.w.e.tomcat.TomcatWebServer - Tomcat started on port 8989 (http) with context path '/'
2026-01-13 11:32:47 [restartedMain] INFO  c.app.bank.web.ZplusbankApplication - Started ZplusbankApplication in 7.047 seconds (process running for 7.663)
2026-01-13 12:56:57 [HikariPool-1:housekeeper] WARN  com.zaxxer.hikari.pool.HikariPool - HikariPool-1 - Thread starvation or clock leap detected (housekeeper delta=31m32s782ms253µs800ns).
2026-01-13 13:05:36 [RMI TCP Connection(74)-127.0.0.1] INFO  o.s.b.a.SpringApplicationAdminMXBeanRegistrar$SpringApplicationAdmin - Application shutdown requested.
2026-01-13 13:05:36 [RMI TCP Connection(74)-127.0.0.1] INFO  o.s.b.w.e.tomcat.GracefulShutdown - Commencing graceful shutdown. Waiting for active requests to complete
2026-01-13 13:05:36 [tomcat-shutdown] INFO  o.a.coyote.http11.Http11NioProtocol - Pausing ProtocolHandler ["http-nio-8989"]
2026-01-13 13:05:36 [tomcat-shutdown] INFO  o.s.b.w.e.tomcat.GracefulShutdown - Graceful shutdown complete
2026-01-13 13:05:36 [RMI TCP Connection(74)-127.0.0.1] INFO  o.a.coyote.http11.Http11NioProtocol - Stopping ProtocolHandler ["http-nio-8989"]
2026-01-13 13:05:36 [RMI TCP Connection(74)-127.0.0.1] INFO  o.s.o.j.LocalContainerEntityManagerFactoryBean - Closing JPA EntityManagerFactory for persistence unit 'default'
2026-01-13 13:05:36 [RMI TCP Connection(74)-127.0.0.1] INFO  com.zaxxer.hikari.HikariDataSource - HikariPool-1 - Shutdown initiated...
2026-01-13 13:05:36 [RMI TCP Connection(74)-127.0.0.1] INFO  com.zaxxer.hikari.HikariDataSource - HikariPool-1 - Shutdown completed.
2026-01-13 13:17:56 [background-preinit] INFO  o.h.validator.internal.util.Version - HV000001: Hibernate Validator 8.0.3.Final
2026-01-13 13:17:56 [restartedMain] INFO  c.app.bank.web.ZplusbankApplication - Starting ZplusbankApplication using Java 17.0.10 with PID 20052 (C:\Users\91790\Documents\workspace-spring-tools-for-eclipse-5.0.0.RELEASE\zplusbank\target\classes started by 91790 in C:\Users\91790\Documents\workspace-spring-tools-for-eclipse-5.0.0.RELEASE\zplusbank)
2026-01-13 13:17:56 [restartedMain] INFO  c.app.bank.web.ZplusbankApplication - No active profile set, falling back to 1 default profile: "default"
2026-01-13 13:17:56 [restartedMain] INFO  o.s.b.d.restart.ChangeableUrls - The Class-Path manifest attribute in C:\Users\91790\.m2\repository\org\glassfish\jaxb\jaxb-runtime\2.3.1\jaxb-runtime-2.3.1.jar referenced one or more files that do not exist: file:/C:/Users/91790/.m2/repository/org/glassfish/jaxb/jaxb-runtime/2.3.1/jaxb-api-2.3.1.jar,file:/C:/Users/91790/.m2/repository/org/glassfish/jaxb/jaxb-runtime/2.3.1/txw2-2.3.1.jar,file:/C:/Users/91790/.m2/repository/org/glassfish/jaxb/jaxb-runtime/2.3.1/istack-commons-runtime-3.0.7.jar,file:/C:/Users/91790/.m2/repository/org/glassfish/jaxb/jaxb-runtime/2.3.1/stax-ex-1.8.jar,file:/C:/Users/91790/.m2/repository/org/glassfish/jaxb/jaxb-runtime/2.3.1/FastInfoset-1.2.15.jar,file:/C:/Users/91790/.m2/repository/org/glassfish/jaxb/jaxb-runtime/2.3.1/javax.activation-api-1.2.0.jar
2026-01-13 13:17:56 [restartedMain] INFO  o.s.b.d.e.DevToolsPropertyDefaultsPostProcessor - Devtools property defaults active! Set 'spring.devtools.add-properties' to 'false' to disable
2026-01-13 13:17:56 [restartedMain] INFO  o.s.b.d.e.DevToolsPropertyDefaultsPostProcessor - For additional web related logging consider setting the 'logging.level.web' property to 'DEBUG'
2026-01-13 13:17:57 [restartedMain] INFO  o.s.d.r.c.RepositoryConfigurationDelegate - Bootstrapping Spring Data JPA repositories in DEFAULT mode.
2026-01-13 13:17:57 [restartedMain] INFO  o.s.d.r.c.RepositoryConfigurationDelegate - Finished Spring Data repository scanning in 63 ms. Found 5 JPA repository interfaces.
2026-01-13 13:17:57 [restartedMain] INFO  o.s.b.w.e.tomcat.TomcatWebServer - Tomcat initialized with port 8989 (http)
2026-01-13 13:17:57 [restartedMain] INFO  o.a.coyote.http11.Http11NioProtocol - Initializing ProtocolHandler ["http-nio-8989"]
2026-01-13 13:17:57 [restartedMain] INFO  o.a.catalina.core.StandardService - Starting service [Tomcat]
2026-01-13 13:17:57 [restartedMain] INFO  o.a.catalina.core.StandardEngine - Starting Servlet engine: [Apache Tomcat/10.1.50]
2026-01-13 13:17:57 [restartedMain] INFO  o.a.c.c.C.[Tomcat].[localhost].[/] - Initializing Spring embedded WebApplicationContext
2026-01-13 13:17:57 [restartedMain] INFO  o.s.b.w.s.c.ServletWebServerApplicationContext - Root WebApplicationContext: initialization completed in 1561 ms
2026-01-13 13:17:57 [restartedMain] INFO  o.h.jpa.internal.util.LogHelper - HHH000204: Processing PersistenceUnitInfo [name: default]
2026-01-13 13:17:58 [restartedMain] INFO  org.hibernate.Version - HHH000412: Hibernate ORM core version 6.6.39.Final
2026-01-13 13:17:58 [restartedMain] INFO  o.h.c.i.RegionFactoryInitiator - HHH000026: Second-level cache disabled
2026-01-13 13:17:58 [restartedMain] INFO  o.s.o.j.p.SpringPersistenceUnitInfo - No LoadTimeWeaver setup: ignoring JPA class transformer
2026-01-13 13:17:58 [restartedMain] INFO  com.zaxxer.hikari.HikariDataSource - HikariPool-1 - Starting...
2026-01-13 13:17:58 [restartedMain] INFO  com.zaxxer.hikari.pool.HikariPool - HikariPool-1 - Added connection com.mysql.cj.jdbc.ConnectionImpl@3bdadf83
2026-01-13 13:17:58 [restartedMain] INFO  com.zaxxer.hikari.HikariDataSource - HikariPool-1 - Start completed.
2026-01-13 13:17:58 [restartedMain] WARN  org.hibernate.orm.deprecation - HHH90000025: MySQL8Dialect does not need to be specified explicitly using 'hibernate.dialect' (remove the property setting and it will be selected by default)
2026-01-13 13:17:58 [restartedMain] WARN  org.hibernate.orm.deprecation - HHH90000026: MySQL8Dialect has been deprecated; use org.hibernate.dialect.MySQLDialect instead
2026-01-13 13:17:58 [restartedMain] INFO  o.hibernate.orm.connections.pooling - HHH10001005: Database info:
	Database JDBC URL [Connecting through datasource 'HikariDataSource (HikariPool-1)']
	Database driver: undefined/unknown
	Database version: 8.0
	Autocommit mode: undefined/unknown
	Isolation level: undefined/unknown
	Minimum pool size: undefined/unknown
	Maximum pool size: undefined/unknown
2026-01-13 13:17:59 [restartedMain] INFO  o.h.e.t.j.p.i.JtaPlatformInitiator - HHH000489: No JTA platform available (set 'hibernate.transaction.jta.platform' to enable JTA platform integration)
2026-01-13 13:17:59 [restartedMain] DEBUG org.hibernate.SQL - 
    alter table loan_repayments 
       modify column status enum ('ADVANCED_PAID','DEFAULTED','OVERDUE','PAID','PARTIALLY_PAID','PENDING','WAIVED_OFF') not null
2026-01-13 13:18:00 [restartedMain] INFO  o.s.o.j.LocalContainerEntityManagerFactoryBean - Initialized JPA EntityManagerFactory for persistence unit 'default'
2026-01-13 13:18:00 [restartedMain] DEBUG o.h.s.internal.StatisticsInitiator - Statistics initialized [enabled=false]
2026-01-13 13:18:00 [restartedMain] ERROR o.s.b.w.e.tomcat.TomcatStarter - Error starting Tomcat context. Exception: org.springframework.beans.factory.UnsatisfiedDependencyException. Message: Error creating bean with name 'securityConfig' defined in file [C:\Users\91790\Documents\workspace-spring-tools-for-eclipse-5.0.0.RELEASE\zplusbank\target\classes\com\app\bank\web\config\SecurityConfig.class]: Unsatisfied dependency expressed through constructor parameter 0: Error creating bean with name 'customUserDetailsService' defined in file [C:\Users\91790\Documents\workspace-spring-tools-for-eclipse-5.0.0.RELEASE\zplusbank\target\classes\com\app\bank\web\service\CustomUserDetailsService.class]: Unsatisfied dependency expressed through constructor parameter 0: Error creating bean with name 'userRepository' defined in com.app.bank.web.repository.UserRepository defined in @EnableJpaRepositories declared on JpaRepositoriesRegistrar.EnableJpaRepositoriesConfiguration: Could not create query for public abstract java.util.Optional com.app.bank.web.repository.UserRepository.findByUserRole(java.lang.String); Reason: Failed to create query for method public abstract java.util.Optional com.app.bank.web.repository.UserRepository.findByUserRole(java.lang.String); No property 'userRole' found for type 'User'
2026-01-13 13:18:00 [restartedMain] INFO  o.a.catalina.core.StandardService - Stopping service [Tomcat]
2026-01-13 13:18:00 [restartedMain] WARN  o.a.c.loader.WebappClassLoaderBase - The web application [ROOT] appears to have started a thread named [HikariPool-1:housekeeper] but has failed to stop it. This is very likely to create a memory leak. Stack trace of thread:
 java.base@17.0.10/jdk.internal.misc.Unsafe.park(Native Method)
 java.base@17.0.10/java.util.concurrent.locks.LockSupport.parkNanos(LockSupport.java:252)
 java.base@17.0.10/java.util.concurrent.locks.AbstractQueuedSynchronizer$ConditionObject.awaitNanos(AbstractQueuedSynchronizer.java:1672)
 java.base@17.0.10/java.util.concurrent.ScheduledThreadPoolExecutor$DelayedWorkQueue.take(ScheduledThreadPoolExecutor.java:1182)
 java.base@17.0.10/java.util.concurrent.ScheduledThreadPoolExecutor$DelayedWorkQueue.take(ScheduledThreadPoolExecutor.java:899)
 java.base@17.0.10/java.util.concurrent.ThreadPoolExecutor.getTask(ThreadPoolExecutor.java:1062)
 java.base@17.0.10/java.util.concurrent.ThreadPoolExecutor.runWorker(ThreadPoolExecutor.java:1122)
 java.base@17.0.10/java.util.concurrent.ThreadPoolExecutor$Worker.run(ThreadPoolExecutor.java:635)
 java.base@17.0.10/java.lang.Thread.run(Thread.java:842)
2026-01-13 13:18:00 [restartedMain] WARN  o.a.c.loader.WebappClassLoaderBase - The web application [ROOT] appears to have started a thread named [HikariPool-1:connection-adder] but has failed to stop it. This is very likely to create a memory leak. Stack trace of thread:
 java.base@17.0.10/jdk.internal.misc.Unsafe.park(Native Method)
 java.base@17.0.10/java.util.concurrent.locks.LockSupport.parkNanos(LockSupport.java:252)
 java.base@17.0.10/java.util.concurrent.locks.AbstractQueuedSynchronizer$ConditionObject.awaitNanos(AbstractQueuedSynchronizer.java:1672)
 java.base@17.0.10/java.util.concurrent.LinkedBlockingQueue.poll(LinkedBlockingQueue.java:460)
 java.base@17.0.10/java.util.concurrent.ThreadPoolExecutor.getTask(ThreadPoolExecutor.java:1061)
 java.base@17.0.10/java.util.concurrent.ThreadPoolExecutor.runWorker(ThreadPoolExecutor.java:1122)
 java.base@17.0.10/java.util.concurrent.ThreadPoolExecutor$Worker.run(ThreadPoolExecutor.java:635)
 java.base@17.0.10/java.lang.Thread.run(Thread.java:842)
2026-01-13 13:18:00 [restartedMain] WARN  o.s.b.w.s.c.AnnotationConfigServletWebServerApplicationContext - Exception encountered during context initialization - cancelling refresh attempt: org.springframework.context.ApplicationContextException: Unable to start web server
2026-01-13 13:18:00 [restartedMain] INFO  o.s.o.j.LocalContainerEntityManagerFactoryBean - Closing JPA EntityManagerFactory for persistence unit 'default'
2026-01-13 13:18:00 [restartedMain] INFO  com.zaxxer.hikari.HikariDataSource - HikariPool-1 - Shutdown initiated...
2026-01-13 13:18:00 [restartedMain] INFO  com.zaxxer.hikari.HikariDataSource - HikariPool-1 - Shutdown completed.
2026-01-13 13:18:00 [restartedMain] INFO  o.s.b.a.l.ConditionEvaluationReportLogger - 

Error starting ApplicationContext. To display the condition evaluation report re-run your application with 'debug' enabled.
2026-01-13 13:18:00 [restartedMain] ERROR o.s.boot.SpringApplication - Application run failed
org.springframework.context.ApplicationContextException: Unable to start web server
	at org.springframework.boot.web.servlet.context.ServletWebServerApplicationContext.onRefresh(ServletWebServerApplicationContext.java:170)
	at org.springframework.context.support.AbstractApplicationContext.refresh(AbstractApplicationContext.java:621)
	at org.springframework.boot.web.servlet.context.ServletWebServerApplicationContext.refresh(ServletWebServerApplicationContext.java:146)
	at org.springframework.boot.SpringApplication.refresh(SpringApplication.java:752)
	at org.springframework.boot.SpringApplication.refreshContext(SpringApplication.java:439)
	at org.springframework.boot.SpringApplication.run(SpringApplication.java:318)
	at org.springframework.boot.SpringApplication.run(SpringApplication.java:1361)
	at org.springframework.boot.SpringApplication.run(SpringApplication.java:1350)
	at com.app.bank.web.ZplusbankApplication.main(ZplusbankApplication.java:14)
	at java.base/jdk.internal.reflect.NativeMethodAccessorImpl.invoke0(Native Method)
	at java.base/jdk.internal.reflect.NativeMethodAccessorImpl.invoke(NativeMethodAccessorImpl.java:77)
	at java.base/jdk.internal.reflect.DelegatingMethodAccessorImpl.invoke(DelegatingMethodAccessorImpl.java:43)
	at java.base/java.lang.reflect.Method.invoke(Method.java:568)
	at org.springframework.boot.devtools.restart.RestartLauncher.run(RestartLauncher.java:50)
Caused by: org.springframework.boot.web.server.WebServerException: Unable to start embedded Tomcat
	at org.springframework.boot.web.embedded.tomcat.TomcatWebServer.initialize(TomcatWebServer.java:147)
	at org.springframework.boot.web.embedded.tomcat.TomcatWebServer.<init>(TomcatWebServer.java:107)
	at org.springframework.boot.web.embedded.tomcat.TomcatServletWebServerFactory.getTomcatWebServer(TomcatServletWebServerFactory.java:517)
	at org.springframework.boot.web.embedded.tomcat.TomcatServletWebServerFactory.getWebServer(TomcatServletWebServerFactory.java:219)
	at org.springframework.boot.web.servlet.context.ServletWebServerApplicationContext.createWebServer(ServletWebServerApplicationContext.java:193)
	at org.springframework.boot.web.servlet.context.ServletWebServerApplicationContext.onRefresh(ServletWebServerApplicationContext.java:167)
	... 13 common frames omitted
Caused by: org.springframework.beans.factory.UnsatisfiedDependencyException: Error creating bean with name 'securityConfig' defined in file [C:\Users\91790\Documents\workspace-spring-tools-for-eclipse-5.0.0.RELEASE\zplusbank\target\classes\com\app\bank\web\config\SecurityConfig.class]: Unsatisfied dependency expressed through constructor parameter 0: Error creating bean with name 'customUserDetailsService' defined in file [C:\Users\91790\Documents\workspace-spring-tools-for-eclipse-5.0.0.RELEASE\zplusbank\target\classes\com\app\bank\web\service\CustomUserDetailsService.class]: Unsatisfied dependency expressed through constructor parameter 0: Error creating bean with name 'userRepository' defined in com.app.bank.web.repository.UserRepository defined in @EnableJpaRepositories declared on JpaRepositoriesRegistrar.EnableJpaRepositoriesConfiguration: Could not create query for public abstract java.util.Optional com.app.bank.web.repository.UserRepository.findByUserRole(java.lang.String); Reason: Failed to create query for method public abstract java.util.Optional com.app.bank.web.repository.UserRepository.findByUserRole(java.lang.String); No property 'userRole' found for type 'User'
	at org.springframework.beans.factory.support.ConstructorResolver.createArgumentArray(ConstructorResolver.java:804)
	at org.springframework.beans.factory.support.ConstructorResolver.autowireConstructor(ConstructorResolver.java:240)
	at org.springframework.beans.factory.support.AbstractAutowireCapableBeanFactory.autowireConstructor(AbstractAutowireCapableBeanFactory.java:1395)
	at org.springframework.beans.factory.support.AbstractAutowireCapableBeanFactory.createBeanInstance(AbstractAutowireCapableBeanFactory.java:1232)
	at org.springframework.beans.factory.support.AbstractAutowireCapableBeanFactory.doCreateBean(AbstractAutowireCapableBeanFactory.java:569)
	at org.springframework.beans.factory.support.AbstractAutowireCapableBeanFactory.createBean(AbstractAutowireCapableBeanFactory.java:529)
	at org.springframework.beans.factory.support.AbstractBeanFactory.lambda$doGetBean$0(AbstractBeanFactory.java:339)
	at org.springframework.beans.factory.support.DefaultSingletonBeanRegistry.getSingleton(DefaultSingletonBeanRegistry.java:373)
	at org.springframework.beans.factory.support.AbstractBeanFactory.doGetBean(AbstractBeanFactory.java:337)
	at org.springframework.beans.factory.support.AbstractBeanFactory.getBean(AbstractBeanFactory.java:202)
	at org.springframework.beans.factory.support.ConstructorResolver.instantiateUsingFactoryMethod(ConstructorResolver.java:413)
	at org.springframework.beans.factory.support.AbstractAutowireCapableBeanFactory.instantiateUsingFactoryMethod(AbstractAutowireCapableBeanFactory.java:1375)
	at org.springframework.beans.factory.support.AbstractAutowireCapableBeanFactory.createBeanInstance(AbstractAutowireCapableBeanFactory.java:1205)
	at org.springframework.beans.factory.support.AbstractAutowireCapableBeanFactory.doCreateBean(AbstractAutowireCapableBeanFactory.java:569)
	at org.springframework.beans.factory.support.AbstractAutowireCapableBeanFactory.createBean(AbstractAutowireCapableBeanFactory.java:529)
	at org.springframework.beans.factory.support.AbstractBeanFactory.lambda$doGetBean$0(AbstractBeanFactory.java:339)
	at org.springframework.beans.factory.support.DefaultSingletonBeanRegistry.getSingleton(DefaultSingletonBeanRegistry.java:373)
	at org.springframework.beans.factory.support.AbstractBeanFactory.doGetBean(AbstractBeanFactory.java:337)
	at org.springframework.beans.factory.support.AbstractBeanFactory.getBean(AbstractBeanFactory.java:207)
	at org.springframework.boot.web.servlet.ServletContextInitializerBeans.getOrderedBeansOfType(ServletContextInitializerBeans.java:230)
	at org.springframework.boot.web.servlet.ServletContextInitializerBeans.addAsRegistrationBean(ServletContextInitializerBeans.java:184)
	at org.springframework.boot.web.servlet.ServletContextInitializerBeans.addAsRegistrationBean(ServletContextInitializerBeans.java:179)
	at org.springframework.boot.web.servlet.ServletContextInitializerBeans.addAdaptableBeans(ServletContextInitializerBeans.java:164)
	at org.springframework.boot.web.servlet.ServletContextInitializerBeans.<init>(ServletContextInitializerBeans.java:96)
	at org.springframework.boot.web.servlet.context.ServletWebServerApplicationContext.getServletContextInitializerBeans(ServletWebServerApplicationContext.java:271)
	at org.springframework.boot.web.servlet.context.ServletWebServerApplicationContext.selfInitialize(ServletWebServerApplicationContext.java:245)
	at org.springframework.boot.web.embedded.tomcat.TomcatStarter.onStartup(TomcatStarter.java:52)
	at org.apache.catalina.core.StandardContext.startInternal(StandardContext.java:4452)
	at org.apache.catalina.util.LifecycleBase.start(LifecycleBase.java:164)
	at org.apache.catalina.core.ContainerBase$StartChild.call(ContainerBase.java:1201)
	at org.apache.catalina.core.ContainerBase$StartChild.call(ContainerBase.java:1191)
	at java.base/java.util.concurrent.FutureTask.run(FutureTask.java:264)
	at org.apache.tomcat.util.threads.InlineExecutorService.execute(InlineExecutorService.java:81)
	at java.base/java.util.concurrent.AbstractExecutorService.submit(AbstractExecutorService.java:145)
	at org.apache.catalina.core.ContainerBase.startInternal(ContainerBase.java:747)
	at org.apache.catalina.core.StandardHost.startInternal(StandardHost.java:783)
	at org.apache.catalina.util.LifecycleBase.start(LifecycleBase.java:164)
	at org.apache.catalina.core.ContainerBase$StartChild.call(ContainerBase.java:1201)
	at org.apache.catalina.core.ContainerBase$StartChild.call(ContainerBase.java:1191)
	at java.base/java.util.concurrent.FutureTask.run(FutureTask.java:264)
	at org.apache.tomcat.util.threads.InlineExecutorService.execute(InlineExecutorService.java:81)
	at java.base/java.util.concurrent.AbstractExecutorService.submit(AbstractExecutorService.java:145)
	at org.apache.catalina.core.ContainerBase.startInternal(ContainerBase.java:747)
	at org.apache.catalina.core.StandardEngine.startInternal(StandardEngine.java:201)
	at org.apache.catalina.util.LifecycleBase.start(LifecycleBase.java:164)
	at org.apache.catalina.core.StandardService.startInternal(StandardService.java:410)
	at org.apache.catalina.util.LifecycleBase.start(LifecycleBase.java:164)
	at org.apache.catalina.core.StandardServer.startInternal(StandardServer.java:868)
	at org.apache.catalina.util.LifecycleBase.start(LifecycleBase.java:164)
	at org.apache.catalina.startup.Tomcat.start(Tomcat.java:436)
	at org.springframework.boot.web.embedded.tomcat.TomcatWebServer.initialize(TomcatWebServer.java:128)
	... 18 common frames omitted
Caused by: org.springframework.beans.factory.UnsatisfiedDependencyException: Error creating bean with name 'customUserDetailsService' defined in file [C:\Users\91790\Documents\workspace-spring-tools-for-eclipse-5.0.0.RELEASE\zplusbank\target\classes\com\app\bank\web\service\CustomUserDetailsService.class]: Unsatisfied dependency expressed through constructor parameter 0: Error creating bean with name 'userRepository' defined in com.app.bank.web.repository.UserRepository defined in @EnableJpaRepositories declared on JpaRepositoriesRegistrar.EnableJpaRepositoriesConfiguration: Could not create query for public abstract java.util.Optional com.app.bank.web.repository.UserRepository.findByUserRole(java.lang.String); Reason: Failed to create query for method public abstract java.util.Optional com.app.bank.web.repository.UserRepository.findByUserRole(java.lang.String); No property 'userRole' found for type 'User'
	at org.springframework.beans.factory.support.ConstructorResolver.createArgumentArray(ConstructorResolver.java:804)
	at org.springframework.beans.factory.support.ConstructorResolver.autowireConstructor(ConstructorResolver.java:240)
	at org.springframework.beans.factory.support.AbstractAutowireCapableBeanFactory.autowireConstructor(AbstractAutowireCapableBeanFactory.java:1395)
	at org.springframework.beans.factory.support.AbstractAutowireCapableBeanFactory.createBeanInstance(AbstractAutowireCapableBeanFactory.java:1232)
	at org.springframework.beans.factory.support.AbstractAutowireCapableBeanFactory.doCreateBean(AbstractAutowireCapableBeanFactory.java:569)
	at org.springframework.beans.factory.support.AbstractAutowireCapableBeanFactory.createBean(AbstractAutowireCapableBeanFactory.java:529)
	at org.springframework.beans.factory.support.AbstractBeanFactory.lambda$doGetBean$0(AbstractBeanFactory.java:339)
	at org.springframework.beans.factory.support.DefaultSingletonBeanRegistry.getSingleton(DefaultSingletonBeanRegistry.java:373)
	at org.springframework.beans.factory.support.AbstractBeanFactory.doGetBean(AbstractBeanFactory.java:337)
	at org.springframework.beans.factory.support.AbstractBeanFactory.getBean(AbstractBeanFactory.java:202)
	at org.springframework.beans.factory.config.DependencyDescriptor.resolveCandidate(DependencyDescriptor.java:254)
	at org.springframework.beans.factory.support.DefaultListableBeanFactory.doResolveDependency(DefaultListableBeanFactory.java:1770)
	at org.springframework.beans.factory.support.DefaultListableBeanFactory.resolveDependency(DefaultListableBeanFactory.java:1653)
	at org.springframework.beans.factory.support.ConstructorResolver.resolveAutowiredArgument(ConstructorResolver.java:913)
	at org.springframework.beans.factory.support.ConstructorResolver.createArgumentArray(ConstructorResolver.java:791)
	... 68 common frames omitted
Caused by: org.springframework.beans.factory.BeanCreationException: Error creating bean with name 'userRepository' defined in com.app.bank.web.repository.UserRepository defined in @EnableJpaRepositories declared on JpaRepositoriesRegistrar.EnableJpaRepositoriesConfiguration: Could not create query for public abstract java.util.Optional com.app.bank.web.repository.UserRepository.findByUserRole(java.lang.String); Reason: Failed to create query for method public abstract java.util.Optional com.app.bank.web.repository.UserRepository.findByUserRole(java.lang.String); No property 'userRole' found for type 'User'
	at org.springframework.beans.factory.support.AbstractAutowireCapableBeanFactory.initializeBean(AbstractAutowireCapableBeanFactory.java:1826)
	at org.springframework.beans.factory.support.AbstractAutowireCapableBeanFactory.doCreateBean(AbstractAutowireCapableBeanFactory.java:607)
	at org.springframework.beans.factory.support.AbstractAutowireCapableBeanFactory.createBean(AbstractAutowireCapableBeanFactory.java:529)
	at org.springframework.beans.factory.support.AbstractBeanFactory.lambda$doGetBean$0(AbstractBeanFactory.java:339)
	at org.springframework.beans.factory.support.DefaultSingletonBeanRegistry.getSingleton(DefaultSingletonBeanRegistry.java:373)
	at org.springframework.beans.factory.support.AbstractBeanFactory.doGetBean(AbstractBeanFactory.java:337)
	at org.springframework.beans.factory.support.AbstractBeanFactory.getBean(AbstractBeanFactory.java:202)
	at org.springframework.beans.factory.config.DependencyDescriptor.resolveCandidate(DependencyDescriptor.java:254)
	at org.springframework.beans.factory.support.DefaultListableBeanFactory.doResolveDependency(DefaultListableBeanFactory.java:1770)
	at org.springframework.beans.factory.support.DefaultListableBeanFactory.resolveDependency(DefaultListableBeanFactory.java:1653)
	at org.springframework.beans.factory.support.ConstructorResolver.resolveAutowiredArgument(ConstructorResolver.java:913)
	at org.springframework.beans.factory.support.ConstructorResolver.createArgumentArray(ConstructorResolver.java:791)
	... 82 common frames omitted
Caused by: org.springframework.data.repository.query.QueryCreationException: Could not create query for public abstract java.util.Optional com.app.bank.web.repository.UserRepository.findByUserRole(java.lang.String); Reason: Failed to create query for method public abstract java.util.Optional com.app.bank.web.repository.UserRepository.findByUserRole(java.lang.String); No property 'userRole' found for type 'User'
	at org.springframework.data.repository.query.QueryCreationException.create(QueryCreationException.java:101)
	at org.springframework.data.repository.core.support.QueryExecutorMethodInterceptor.lookupQuery(QueryExecutorMethodInterceptor.java:120)
	at org.springframework.data.repository.core.support.QueryExecutorMethodInterceptor.mapMethodsToQuery(QueryExecutorMethodInterceptor.java:104)
	at org.springframework.data.repository.core.support.QueryExecutorMethodInterceptor.lambda$new$0(QueryExecutorMethodInterceptor.java:92)
	at java.base/java.util.Optional.map(Optional.java:260)
	at org.springframework.data.repository.core.support.QueryExecutorMethodInterceptor.<init>(QueryExecutorMethodInterceptor.java:92)
	at org.springframework.data.repository.core.support.RepositoryFactorySupport.getRepository(RepositoryFactorySupport.java:434)
	at org.springframework.data.repository.core.support.RepositoryFactoryBeanSupport.lambda$afterPropertiesSet$4(RepositoryFactoryBeanSupport.java:355)
	at org.springframework.data.util.Lazy.getNullable(Lazy.java:135)
	at org.springframework.data.util.Lazy.get(Lazy.java:113)
	at org.springframework.data.repository.core.support.RepositoryFactoryBeanSupport.afterPropertiesSet(RepositoryFactoryBeanSupport.java:361)
	at org.springframework.data.jpa.repository.support.JpaRepositoryFactoryBean.afterPropertiesSet(JpaRepositoryFactoryBean.java:132)
	at org.springframework.beans.factory.support.AbstractAutowireCapableBeanFactory.invokeInitMethods(AbstractAutowireCapableBeanFactory.java:1873)
	at org.springframework.beans.factory.support.AbstractAutowireCapableBeanFactory.initializeBean(AbstractAutowireCapableBeanFactory.java:1822)
	... 93 common frames omitted
Caused by: java.lang.IllegalArgumentException: Failed to create query for method public abstract java.util.Optional com.app.bank.web.repository.UserRepository.findByUserRole(java.lang.String); No property 'userRole' found for type 'User'
	at org.springframework.data.jpa.repository.query.PartTreeJpaQuery.<init>(PartTreeJpaQuery.java:107)
	at org.springframework.data.jpa.repository.query.JpaQueryLookupStrategy$CreateQueryLookupStrategy.resolveQuery(JpaQueryLookupStrategy.java:128)
	at org.springframework.data.jpa.repository.query.JpaQueryLookupStrategy$CreateIfNotFoundQueryLookupStrategy.resolveQuery(JpaQueryLookupStrategy.java:260)
	at org.springframework.data.jpa.repository.query.JpaQueryLookupStrategy$AbstractQueryLookupStrategy.resolveQuery(JpaQueryLookupStrategy.java:99)
	at org.springframework.data.repository.core.support.QueryExecutorMethodInterceptor.lookupQuery(QueryExecutorMethodInterceptor.java:116)
	... 105 common frames omitted
Caused by: org.springframework.data.mapping.PropertyReferenceException: No property 'userRole' found for type 'User'
	at org.springframework.data.mapping.PropertyPath.<init>(PropertyPath.java:94)
	at org.springframework.data.mapping.PropertyPath.create(PropertyPath.java:455)
	at org.springframework.data.mapping.PropertyPath.create(PropertyPath.java:431)
	at org.springframework.data.mapping.PropertyPath.lambda$from$0(PropertyPath.java:384)
	at org.springframework.util.ConcurrentReferenceHashMap$6.execute(ConcurrentReferenceHashMap.java:395)
	at org.springframework.util.ConcurrentReferenceHashMap$Segment.doTask(ConcurrentReferenceHashMap.java:688)
	at org.springframework.util.ConcurrentReferenceHashMap.doTask(ConcurrentReferenceHashMap.java:570)
	at org.springframework.util.ConcurrentReferenceHashMap.computeIfAbsent(ConcurrentReferenceHashMap.java:389)
	at org.springframework.data.mapping.PropertyPath.from(PropertyPath.java:366)
	at org.springframework.data.mapping.PropertyPath.from(PropertyPath.java:344)
	at org.springframework.data.repository.query.parser.Part.<init>(Part.java:81)
	at org.springframework.data.repository.query.parser.PartTree$OrPart.lambda$new$0(PartTree.java:259)
	at java.base/java.util.stream.ReferencePipeline$3$1.accept(ReferencePipeline.java:197)
	at java.base/java.util.stream.ReferencePipeline$2$1.accept(ReferencePipeline.java:179)
	at java.base/java.util.Spliterators$ArraySpliterator.forEachRemaining(Spliterators.java:992)
	at java.base/java.util.stream.AbstractPipeline.copyInto(AbstractPipeline.java:509)
	at java.base/java.util.stream.AbstractPipeline.wrapAndCopyInto(AbstractPipeline.java:499)
	at java.base/java.util.stream.ReduceOps$ReduceOp.evaluateSequential(ReduceOps.java:921)
	at java.base/java.util.stream.AbstractPipeline.evaluate(AbstractPipeline.java:234)
	at java.base/java.util.stream.ReferencePipeline.collect(ReferencePipeline.java:682)
	at org.springframework.data.repository.query.parser.PartTree$OrPart.<init>(PartTree.java:260)
	at org.springframework.data.repository.query.parser.PartTree$Predicate.lambda$new$0(PartTree.java:389)
	at java.base/java.util.stream.ReferencePipeline$3$1.accept(ReferencePipeline.java:197)
	at java.base/java.util.stream.ReferencePipeline$2$1.accept(ReferencePipeline.java:179)
	at java.base/java.util.Spliterators$ArraySpliterator.forEachRemaining(Spliterators.java:992)
	at java.base/java.util.stream.AbstractPipeline.copyInto(AbstractPipeline.java:509)
	at java.base/java.util.stream.AbstractPipeline.wrapAndCopyInto(AbstractPipeline.java:499)
	at java.base/java.util.stream.ReduceOps$ReduceOp.evaluateSequential(ReduceOps.java:921)
	at java.base/java.util.stream.AbstractPipeline.evaluate(AbstractPipeline.java:234)
	at java.base/java.util.stream.ReferencePipeline.collect(ReferencePipeline.java:682)
	at org.springframework.data.repository.query.parser.PartTree$Predicate.<init>(PartTree.java:390)
	at org.springframework.data.repository.query.parser.PartTree.<init>(PartTree.java:103)
	at org.springframework.data.jpa.repository.query.PartTreeJpaQuery.<init>(PartTreeJpaQuery.java:101)
	... 109 common frames omitted
2026-01-13 13:24:22 [background-preinit] INFO  o.h.validator.internal.util.Version - HV000001: Hibernate Validator 8.0.3.Final
2026-01-13 13:24:22 [restartedMain] INFO  c.app.bank.web.ZplusbankApplication - Starting ZplusbankApplication using Java 17.0.10 with PID 19372 (C:\Users\91790\Documents\workspace-spring-tools-for-eclipse-5.0.0.RELEASE\zplusbank\target\classes started by 91790 in C:\Users\91790\Documents\workspace-spring-tools-for-eclipse-5.0.0.RELEASE\zplusbank)
2026-01-13 13:24:22 [restartedMain] INFO  c.app.bank.web.ZplusbankApplication - No active profile set, falling back to 1 default profile: "default"
2026-01-13 13:24:22 [restartedMain] INFO  o.s.b.d.restart.ChangeableUrls - The Class-Path manifest attribute in C:\Users\91790\.m2\repository\org\glassfish\jaxb\jaxb-runtime\2.3.1\jaxb-runtime-2.3.1.jar referenced one or more files that do not exist: file:/C:/Users/91790/.m2/repository/org/glassfish/jaxb/jaxb-runtime/2.3.1/jaxb-api-2.3.1.jar,file:/C:/Users/91790/.m2/repository/org/glassfish/jaxb/jaxb-runtime/2.3.1/txw2-2.3.1.jar,file:/C:/Users/91790/.m2/repository/org/glassfish/jaxb/jaxb-runtime/2.3.1/istack-commons-runtime-3.0.7.jar,file:/C:/Users/91790/.m2/repository/org/glassfish/jaxb/jaxb-runtime/2.3.1/stax-ex-1.8.jar,file:/C:/Users/91790/.m2/repository/org/glassfish/jaxb/jaxb-runtime/2.3.1/FastInfoset-1.2.15.jar,file:/C:/Users/91790/.m2/repository/org/glassfish/jaxb/jaxb-runtime/2.3.1/javax.activation-api-1.2.0.jar
2026-01-13 13:24:22 [restartedMain] INFO  o.s.b.d.e.DevToolsPropertyDefaultsPostProcessor - Devtools property defaults active! Set 'spring.devtools.add-properties' to 'false' to disable
2026-01-13 13:24:22 [restartedMain] INFO  o.s.b.d.e.DevToolsPropertyDefaultsPostProcessor - For additional web related logging consider setting the 'logging.level.web' property to 'DEBUG'
2026-01-13 13:24:22 [restartedMain] INFO  o.s.d.r.c.RepositoryConfigurationDelegate - Bootstrapping Spring Data JPA repositories in DEFAULT mode.
2026-01-13 13:24:23 [restartedMain] INFO  o.s.d.r.c.RepositoryConfigurationDelegate - Finished Spring Data repository scanning in 79 ms. Found 5 JPA repository interfaces.
2026-01-13 13:24:23 [restartedMain] INFO  o.s.b.w.e.tomcat.TomcatWebServer - Tomcat initialized with port 8989 (http)
2026-01-13 13:24:23 [restartedMain] INFO  o.a.coyote.http11.Http11NioProtocol - Initializing ProtocolHandler ["http-nio-8989"]
2026-01-13 13:24:23 [restartedMain] INFO  o.a.catalina.core.StandardService - Starting service [Tomcat]
2026-01-13 13:24:23 [restartedMain] INFO  o.a.catalina.core.StandardEngine - Starting Servlet engine: [Apache Tomcat/10.1.50]
2026-01-13 13:24:23 [restartedMain] INFO  o.a.c.c.C.[Tomcat].[localhost].[/] - Initializing Spring embedded WebApplicationContext
2026-01-13 13:24:23 [restartedMain] INFO  o.s.b.w.s.c.ServletWebServerApplicationContext - Root WebApplicationContext: initialization completed in 1797 ms
2026-01-13 13:24:24 [restartedMain] INFO  o.h.jpa.internal.util.LogHelper - HHH000204: Processing PersistenceUnitInfo [name: default]
2026-01-13 13:24:24 [restartedMain] INFO  org.hibernate.Version - HHH000412: Hibernate ORM core version 6.6.39.Final
2026-01-13 13:24:24 [restartedMain] INFO  o.h.c.i.RegionFactoryInitiator - HHH000026: Second-level cache disabled
2026-01-13 13:24:24 [restartedMain] INFO  o.s.o.j.p.SpringPersistenceUnitInfo - No LoadTimeWeaver setup: ignoring JPA class transformer
2026-01-13 13:24:24 [restartedMain] INFO  com.zaxxer.hikari.HikariDataSource - HikariPool-1 - Starting...
2026-01-13 13:24:24 [restartedMain] INFO  com.zaxxer.hikari.pool.HikariPool - HikariPool-1 - Added connection com.mysql.cj.jdbc.ConnectionImpl@2a64ebca
2026-01-13 13:24:24 [restartedMain] INFO  com.zaxxer.hikari.HikariDataSource - HikariPool-1 - Start completed.
2026-01-13 13:24:24 [restartedMain] WARN  org.hibernate.orm.deprecation - HHH90000025: MySQL8Dialect does not need to be specified explicitly using 'hibernate.dialect' (remove the property setting and it will be selected by default)
2026-01-13 13:24:24 [restartedMain] WARN  org.hibernate.orm.deprecation - HHH90000026: MySQL8Dialect has been deprecated; use org.hibernate.dialect.MySQLDialect instead
2026-01-13 13:24:24 [restartedMain] INFO  o.hibernate.orm.connections.pooling - HHH10001005: Database info:
	Database JDBC URL [Connecting through datasource 'HikariDataSource (HikariPool-1)']
	Database driver: undefined/unknown
	Database version: 8.0
	Autocommit mode: undefined/unknown
	Isolation level: undefined/unknown
	Minimum pool size: undefined/unknown
	Maximum pool size: undefined/unknown
2026-01-13 13:24:26 [restartedMain] INFO  o.h.e.t.j.p.i.JtaPlatformInitiator - HHH000489: No JTA platform available (set 'hibernate.transaction.jta.platform' to enable JTA platform integration)
2026-01-13 13:24:26 [restartedMain] DEBUG org.hibernate.SQL - 
    alter table loan_repayments 
       modify column status enum ('ADVANCED_PAID','DEFAULTED','OVERDUE','PAID','PARTIALLY_PAID','PENDING','WAIVED_OFF') not null
2026-01-13 13:24:26 [restartedMain] INFO  o.s.o.j.LocalContainerEntityManagerFactoryBean - Initialized JPA EntityManagerFactory for persistence unit 'default'
2026-01-13 13:24:26 [restartedMain] DEBUG o.h.s.internal.StatisticsInitiator - Statistics initialized [enabled=false]
2026-01-13 13:24:26 [restartedMain] INFO  o.s.d.j.r.query.QueryEnhancerFactory - Hibernate is in classpath; If applicable, HQL parser will be used.
2026-01-13 13:24:27 [restartedMain] INFO  o.s.s.c.a.a.c.InitializeAuthenticationProviderBeanManagerConfigurer$InitializeAuthenticationProviderManagerConfigurer - Global AuthenticationManager configured with AuthenticationProvider bean with name authenticationProvider
2026-01-13 13:24:27 [restartedMain] WARN  o.s.s.c.a.a.c.InitializeUserDetailsBeanManagerConfigurer$InitializeUserDetailsManagerConfigurer - Global AuthenticationManager configured with an AuthenticationProvider bean. UserDetailsService beans will not be used by Spring Security for automatically configuring username/password login. Consider removing the AuthenticationProvider bean. Alternatively, consider using the UserDetailsService in a manually instantiated DaoAuthenticationProvider. If the current configuration is intentional, to turn off this warning, increase the logging level of 'org.springframework.security.config.annotation.authentication.configuration.InitializeUserDetailsBeanManagerConfigurer' to ERROR
2026-01-13 13:24:28 [restartedMain] DEBUG o.s.w.s.m.m.a.RequestMappingHandlerMapping - 26 mappings in 'requestMappingHandlerMapping'
2026-01-13 13:24:28 [restartedMain] DEBUG o.s.w.s.h.SimpleUrlHandlerMapping - Patterns [/webjars/**, /**] in 'resourceHandlerMapping'
2026-01-13 13:24:28 [restartedMain] DEBUG o.s.s.web.DefaultSecurityFilterChain - Will secure any request with filters: DisableEncodeUrlFilter, WebAsyncManagerIntegrationFilter, SecurityContextHolderFilter, HeaderWriterFilter, CorsFilter, LogoutFilter, JwtAuthenticationFilter, RequestCacheAwareFilter, SecurityContextHolderAwareRequestFilter, AnonymousAuthenticationFilter, SessionManagementFilter, ExceptionTranslationFilter, AuthorizationFilter
2026-01-13 13:24:28 [restartedMain] DEBUG o.s.w.s.m.m.a.RequestMappingHandlerAdapter - ControllerAdvice beans: 0 @ModelAttribute, 0 @InitBinder, 1 RequestBodyAdvice, 1 ResponseBodyAdvice
2026-01-13 13:24:28 [restartedMain] WARN  o.s.b.a.t.ThymeleafAutoConfiguration$DefaultTemplateResolverConfiguration - Cannot find template location: classpath:/templates/emails/ (please add some templates, check your Thymeleaf configuration, or set spring.thymeleaf.check-template-location=false)
2026-01-13 13:24:29 [restartedMain] DEBUG o.s.w.s.m.m.a.ExceptionHandlerExceptionResolver - ControllerAdvice beans: 0 @ExceptionHandler, 1 ResponseBodyAdvice
2026-01-13 13:24:29 [restartedMain] INFO  o.s.b.d.a.OptionalLiveReloadServer - LiveReload server is running on port 35729
2026-01-13 13:24:29 [restartedMain] INFO  o.a.coyote.http11.Http11NioProtocol - Starting ProtocolHandler ["http-nio-8989"]
2026-01-13 13:24:29 [restartedMain] INFO  o.s.b.w.e.tomcat.TomcatWebServer - Tomcat started on port 8989 (http) with context path '/'
2026-01-13 13:24:29 [restartedMain] INFO  c.app.bank.web.ZplusbankApplication - Started ZplusbankApplication in 7.857 seconds (process running for 8.688)
2026-01-13 13:24:54 [http-nio-8989-exec-1] INFO  o.a.c.c.C.[Tomcat].[localhost].[/] - Initializing Spring DispatcherServlet 'dispatcherServlet'
2026-01-13 13:24:54 [http-nio-8989-exec-1] INFO  o.s.web.servlet.DispatcherServlet - Initializing Servlet 'dispatcherServlet'
2026-01-13 13:24:54 [http-nio-8989-exec-1] DEBUG o.s.web.servlet.DispatcherServlet - Detected StandardServletMultipartResolver
2026-01-13 13:24:54 [http-nio-8989-exec-1] DEBUG o.s.web.servlet.DispatcherServlet - Detected AcceptHeaderLocaleResolver
2026-01-13 13:24:54 [http-nio-8989-exec-1] DEBUG o.s.web.servlet.DispatcherServlet - Detected FixedThemeResolver
2026-01-13 13:24:54 [http-nio-8989-exec-1] DEBUG o.s.web.servlet.DispatcherServlet - Detected org.springframework.web.servlet.view.DefaultRequestToViewNameTranslator@2d102cb7
2026-01-13 13:24:54 [http-nio-8989-exec-1] DEBUG o.s.web.servlet.DispatcherServlet - Detected org.springframework.web.servlet.support.SessionFlashMapManager@35a4d769
2026-01-13 13:24:54 [http-nio-8989-exec-1] DEBUG o.s.web.servlet.DispatcherServlet - enableLoggingRequestDetails='false': request parameters and headers will be masked to prevent unsafe logging of potentially sensitive data
2026-01-13 13:24:54 [http-nio-8989-exec-1] INFO  o.s.web.servlet.DispatcherServlet - Completed initialization in 0 ms
2026-01-13 13:24:54 [http-nio-8989-exec-1] DEBUG o.s.security.web.FilterChainProxy - Securing POST /api/v1/auth/login
2026-01-13 13:24:54 [http-nio-8989-exec-1] DEBUG o.s.s.w.a.AnonymousAuthenticationFilter - Set SecurityContextHolder to anonymous SecurityContext
2026-01-13 13:24:54 [http-nio-8989-exec-1] DEBUG o.s.security.web.FilterChainProxy - Secured POST /api/v1/auth/login
2026-01-13 13:24:54 [http-nio-8989-exec-1] DEBUG o.s.web.servlet.DispatcherServlet - POST "/api/v1/auth/login", parameters={}
2026-01-13 13:24:54 [http-nio-8989-exec-1] DEBUG o.s.w.s.m.m.a.RequestMappingHandlerMapping - Mapped to com.app.bank.web.controller.AuthController#loginUser(LoginRequest)
2026-01-13 13:24:55 [http-nio-8989-exec-1] DEBUG o.s.w.s.m.m.a.RequestResponseBodyMethodProcessor - Read "application/json;charset=UTF-8" to [com.app.bank.web.dto.LoginRequest@2e00c8c8]
2026-01-13 13:24:56 [http-nio-8989-exec-1] DEBUG org.hibernate.SQL - 
    select
        u1_0.id,
        u1_0.aadhar_number,
        u1_0.address,
        u1_0.created_at,
        u1_0.email,
        u1_0.failed_login_attempts,
        u1_0.first_name,
        u1_0.last_login_at,
        u1_0.last_name,
        u1_0.monthly_income,
        u1_0.pan_number,
        u1_0.password,
        u1_0.phone,
        u1_0.role,
        u1_0.status,
        u1_0.username 
    from
        users u1_0 
    where
        u1_0.username=?
2026-01-13 13:24:57 [http-nio-8989-exec-1] DEBUG o.s.s.a.d.DaoAuthenticationProvider - Authenticated user
2026-01-13 13:24:58 [http-nio-8989-exec-1] DEBUG o.s.w.s.m.m.a.HttpEntityMethodProcessor - Using 'application/json', given [*/*] and supported [application/json, application/*+json]
2026-01-13 13:24:58 [http-nio-8989-exec-1] DEBUG o.s.w.s.m.m.a.HttpEntityMethodProcessor - Writing [{tokenType=Bearer, token=eyJhbGciOiJIUzUxMiJ9.eyJzdWIiOiJqdW5lZDU2IiwiY3JlYXRlZCI6MTc2ODI5MDg5NzkyMC (truncated)...]
2026-01-13 13:24:58 [http-nio-8989-exec-1] DEBUG o.s.web.servlet.DispatcherServlet - Completed 200 OK
2026-01-13 13:25:39 [http-nio-8989-exec-3] DEBUG o.s.security.web.FilterChainProxy - Securing POST /api/v1/auth/apply-loan
2026-01-13 13:25:39 [http-nio-8989-exec-3] DEBUG org.hibernate.SQL - 
    select
        u1_0.id,
        u1_0.aadhar_number,
        u1_0.address,
        u1_0.created_at,
        u1_0.email,
        u1_0.failed_login_attempts,
        u1_0.first_name,
        u1_0.last_login_at,
        u1_0.last_name,
        u1_0.monthly_income,
        u1_0.pan_number,
        u1_0.password,
        u1_0.phone,
        u1_0.role,
        u1_0.status,
        u1_0.username 
    from
        users u1_0 
    where
        u1_0.username=?
2026-01-13 13:25:39 [http-nio-8989-exec-3] DEBUG o.s.security.web.FilterChainProxy - Secured POST /api/v1/auth/apply-loan
2026-01-13 13:25:39 [http-nio-8989-exec-3] DEBUG o.s.web.servlet.DispatcherServlet - POST "/api/v1/auth/apply-loan", parameters={}
2026-01-13 13:25:39 [http-nio-8989-exec-3] DEBUG o.s.w.s.m.m.a.RequestMappingHandlerMapping - Mapped to com.app.bank.web.controller.LoanController#applyForLoan(LoanRequest, Authentication)
2026-01-13 13:25:39 [http-nio-8989-exec-3] DEBUG o.s.w.s.m.m.a.RequestResponseBodyMethodProcessor - Read "application/json;charset=UTF-8" to [com.app.bank.web.dto.LoanRequest@51b917b8]
2026-01-13 13:25:39 [http-nio-8989-exec-3] DEBUG org.hibernate.SQL - 
    select
        u1_0.id,
        u1_0.aadhar_number,
        u1_0.address,
        u1_0.created_at,
        u1_0.email,
        u1_0.failed_login_attempts,
        u1_0.first_name,
        u1_0.last_login_at,
        u1_0.last_name,
        u1_0.monthly_income,
        u1_0.pan_number,
        u1_0.password,
        u1_0.phone,
        u1_0.role,
        u1_0.status,
        u1_0.username 
    from
        users u1_0 
    where
        u1_0.username=?
2026-01-13 13:25:39 [http-nio-8989-exec-3] DEBUG org.hibernate.SQL - 
    select
        a1_0.id,
        a1_0.account_number,
        a1_0.account_type,
        a1_0.balance,
        a1_0.created_at,
        a1_0.interest_rate,
        a1_0.last_transaction_at,
        a1_0.minimum_balance,
        a1_0.status,
        a1_0.user_id 
    from
        accounts a1_0 
    where
        a1_0.account_number=?
2026-01-13 13:25:39 [http-nio-8989-exec-3] DEBUG org.hibernate.SQL - 
    select
        count(l1_0.id) 
    from
        loans l1_0 
    left join
        users u1_0 
            on u1_0.id=l1_0.user_id 
    where
        u1_0.id=? 
        and l1_0.status=?
2026-01-13 13:25:39 [http-nio-8989-exec-3] DEBUG o.s.web.servlet.DispatcherServlet - Failed to complete request: com.app.bank.web.exception.BankException: Loan application is not eligible
2026-01-13 13:25:39 [http-nio-8989-exec-3] ERROR o.a.c.c.C.[.[.[.[dispatcherServlet] - Servlet.service() for servlet [dispatcherServlet] in context with path [] threw exception [Request processing failed: com.app.bank.web.exception.BankException: Loan application is not eligible] with root cause
com.app.bank.web.exception.BankException: Loan application is not eligible
	at com.app.bank.web.service.LoanService.applyForLoan(LoanService.java:55)
	at java.base/jdk.internal.reflect.NativeMethodAccessorImpl.invoke0(Native Method)
	at java.base/jdk.internal.reflect.NativeMethodAccessorImpl.invoke(NativeMethodAccessorImpl.java:77)
	at java.base/jdk.internal.reflect.DelegatingMethodAccessorImpl.invoke(DelegatingMethodAccessorImpl.java:43)
	at java.base/java.lang.reflect.Method.invoke(Method.java:568)
	at org.springframework.aop.support.AopUtils.invokeJoinpointUsingReflection(AopUtils.java:360)
	at org.springframework.aop.framework.ReflectiveMethodInvocation.invokeJoinpoint(ReflectiveMethodInvocation.java:196)
	at org.springframework.aop.framework.ReflectiveMethodInvocation.proceed(ReflectiveMethodInvocation.java:163)
	at org.springframework.transaction.interceptor.TransactionAspectSupport.invokeWithinTransaction(TransactionAspectSupport.java:380)
	at org.springframework.transaction.interceptor.TransactionInterceptor.invoke(TransactionInterceptor.java:119)
	at org.springframework.aop.framework.ReflectiveMethodInvocation.proceed(ReflectiveMethodInvocation.java:184)
	at org.springframework.aop.framework.CglibAopProxy$DynamicAdvisedInterceptor.intercept(CglibAopProxy.java:728)
	at com.app.bank.web.service.LoanService$$SpringCGLIB$$0.applyForLoan(<generated>)
	at com.app.bank.web.controller.LoanController.applyForLoan(LoanController.java:35)
	at java.base/jdk.internal.reflect.NativeMethodAccessorImpl.invoke0(Native Method)
	at java.base/jdk.internal.reflect.NativeMethodAccessorImpl.invoke(NativeMethodAccessorImpl.java:77)
	at java.base/jdk.internal.reflect.DelegatingMethodAccessorImpl.invoke(DelegatingMethodAccessorImpl.java:43)
	at java.base/java.lang.reflect.Method.invoke(Method.java:568)
	at org.springframework.web.method.support.InvocableHandlerMethod.doInvoke(InvocableHandlerMethod.java:258)
	at org.springframework.web.method.support.InvocableHandlerMethod.invokeForRequest(InvocableHandlerMethod.java:191)
	at org.springframework.web.servlet.mvc.method.annotation.ServletInvocableHandlerMethod.invokeAndHandle(ServletInvocableHandlerMethod.java:118)
	at org.springframework.web.servlet.mvc.method.annotation.RequestMappingHandlerAdapter.invokeHandlerMethod(RequestMappingHandlerAdapter.java:991)
	at org.springframework.web.servlet.mvc.method.annotation.RequestMappingHandlerAdapter.handleInternal(RequestMappingHandlerAdapter.java:896)
	at org.springframework.web.servlet.mvc.method.AbstractHandlerMethodAdapter.handle(AbstractHandlerMethodAdapter.java:87)
	at org.springframework.web.servlet.DispatcherServlet.doDispatch(DispatcherServlet.java:1089)
	at org.springframework.web.servlet.DispatcherServlet.doService(DispatcherServlet.java:979)
	at org.springframework.web.servlet.FrameworkServlet.processRequest(FrameworkServlet.java:1014)
	at org.springframework.web.servlet.FrameworkServlet.doPost(FrameworkServlet.java:914)
	at jakarta.servlet.http.HttpServlet.service(HttpServlet.java:590)
	at org.springframework.web.servlet.FrameworkServlet.service(FrameworkServlet.java:885)
	at jakarta.servlet.http.HttpServlet.service(HttpServlet.java:658)
	at org.apache.catalina.core.ApplicationFilterChain.internalDoFilter(ApplicationFilterChain.java:193)
	at org.apache.catalina.core.ApplicationFilterChain.doFilter(ApplicationFilterChain.java:138)
	at org.apache.tomcat.websocket.server.WsFilter.doFilter(WsFilter.java:51)
	at org.apache.catalina.core.ApplicationFilterChain.internalDoFilter(ApplicationFilterChain.java:162)
	at org.apache.catalina.core.ApplicationFilterChain.doFilter(ApplicationFilterChain.java:138)
	at org.springframework.web.filter.OncePerRequestFilter.doFilter(OncePerRequestFilter.java:110)
	at org.apache.catalina.core.ApplicationFilterChain.internalDoFilter(ApplicationFilterChain.java:162)
	at org.apache.catalina.core.ApplicationFilterChain.doFilter(ApplicationFilterChain.java:138)
	at org.springframework.web.filter.CompositeFilter$VirtualFilterChain.doFilter(CompositeFilter.java:108)
	at org.springframework.web.filter.CompositeFilter$VirtualFilterChain.doFilter(CompositeFilter.java:108)
	at org.springframework.security.web.FilterChainProxy.lambda$doFilterInternal$3(FilterChainProxy.java:231)
	at org.springframework.security.web.FilterChainProxy$VirtualFilterChain.doFilter(FilterChainProxy.java:365)
	at org.springframework.security.web.access.intercept.AuthorizationFilter.doFilter(AuthorizationFilter.java:101)
	at org.springframework.security.web.FilterChainProxy$VirtualFilterChain.doFilter(FilterChainProxy.java:374)
	at org.springframework.security.web.access.ExceptionTranslationFilter.doFilter(ExceptionTranslationFilter.java:125)
	at org.springframework.security.web.access.ExceptionTranslationFilter.doFilter(ExceptionTranslationFilter.java:119)
	at org.springframework.security.web.FilterChainProxy$VirtualFilterChain.doFilter(FilterChainProxy.java:374)
	at org.springframework.security.web.session.SessionManagementFilter.doFilter(SessionManagementFilter.java:131)
	at org.springframework.security.web.session.SessionManagementFilter.doFilter(SessionManagementFilter.java:85)
	at org.springframework.security.web.FilterChainProxy$VirtualFilterChain.doFilter(FilterChainProxy.java:374)
	at org.springframework.security.web.authentication.AnonymousAuthenticationFilter.doFilter(AnonymousAuthenticationFilter.java:100)
	at org.springframework.security.web.FilterChainProxy$VirtualFilterChain.doFilter(FilterChainProxy.java:374)
	at org.springframework.security.web.servletapi.SecurityContextHolderAwareRequestFilter.doFilter(SecurityContextHolderAwareRequestFilter.java:179)
	at org.springframework.security.web.FilterChainProxy$VirtualFilterChain.doFilter(FilterChainProxy.java:374)
	at org.springframework.security.web.savedrequest.RequestCacheAwareFilter.doFilter(RequestCacheAwareFilter.java:63)
	at org.springframework.security.web.FilterChainProxy$VirtualFilterChain.doFilter(FilterChainProxy.java:374)
	at com.app.bank.web.security.JwtAuthenticationFilter.doFilterInternal(JwtAuthenticationFilter.java:137)
	at org.springframework.web.filter.OncePerRequestFilter.doFilter(OncePerRequestFilter.java:116)
	at org.springframework.security.web.FilterChainProxy$VirtualFilterChain.doFilter(FilterChainProxy.java:374)
	at org.springframework.security.web.authentication.logout.LogoutFilter.doFilter(LogoutFilter.java:107)
	at org.springframework.security.web.authentication.logout.LogoutFilter.doFilter(LogoutFilter.java:93)
	at org.springframework.security.web.FilterChainProxy$VirtualFilterChain.doFilter(FilterChainProxy.java:374)
	at org.springframework.web.filter.CorsFilter.doFilterInternal(CorsFilter.java:91)
	at org.springframework.web.filter.OncePerRequestFilter.doFilter(OncePerRequestFilter.java:116)
	at org.springframework.security.web.FilterChainProxy$VirtualFilterChain.doFilter(FilterChainProxy.java:374)
	at org.springframework.security.web.header.HeaderWriterFilter.doHeadersAfter(HeaderWriterFilter.java:90)
	at org.springframework.security.web.header.HeaderWriterFilter.doFilterInternal(HeaderWriterFilter.java:75)
	at org.springframework.web.filter.OncePerRequestFilter.doFilter(OncePerRequestFilter.java:116)
	at org.springframework.security.web.FilterChainProxy$VirtualFilterChain.doFilter(FilterChainProxy.java:374)
	at org.springframework.security.web.context.SecurityContextHolderFilter.doFilter(SecurityContextHolderFilter.java:82)
	at org.springframework.security.web.context.SecurityContextHolderFilter.doFilter(SecurityContextHolderFilter.java:69)
	at org.springframework.security.web.FilterChainProxy$VirtualFilterChain.doFilter(FilterChainProxy.java:374)
	at org.springframework.security.web.context.request.async.WebAsyncManagerIntegrationFilter.doFilterInternal(WebAsyncManagerIntegrationFilter.java:62)
	at org.springframework.web.filter.OncePerRequestFilter.doFilter(OncePerRequestFilter.java:116)
	at org.springframework.security.web.FilterChainProxy$VirtualFilterChain.doFilter(FilterChainProxy.java:374)
	at org.springframework.security.web.session.DisableEncodeUrlFilter.doFilterInternal(DisableEncodeUrlFilter.java:42)
	at org.springframework.web.filter.OncePerRequestFilter.doFilter(OncePerRequestFilter.java:116)
	at org.springframework.security.web.FilterChainProxy$VirtualFilterChain.doFilter(FilterChainProxy.java:374)
	at org.springframework.security.web.FilterChainProxy.doFilterInternal(FilterChainProxy.java:233)
	at org.springframework.security.web.FilterChainProxy.doFilter(FilterChainProxy.java:191)
	at org.springframework.web.filter.CompositeFilter$VirtualFilterChain.doFilter(CompositeFilter.java:113)
	at org.springframework.web.filter.ServletRequestPathFilter.doFilter(ServletRequestPathFilter.java:52)
	at org.springframework.web.filter.CompositeFilter$VirtualFilterChain.doFilter(CompositeFilter.java:113)
	at org.springframework.web.filter.CompositeFilter.doFilter(CompositeFilter.java:74)
	at org.springframework.security.config.annotation.web.configuration.WebSecurityConfiguration$CompositeFilterChainProxy.doFilter(WebSecurityConfiguration.java:319)
	at org.springframework.web.filter.CompositeFilter$VirtualFilterChain.doFilter(CompositeFilter.java:113)
	at org.springframework.web.servlet.handler.HandlerMappingIntrospector.lambda$createCacheFilter$4(HandlerMappingIntrospector.java:267)
	at org.springframework.web.filter.CompositeFilter$VirtualFilterChain.doFilter(CompositeFilter.java:113)
	at org.springframework.web.filter.CompositeFilter.doFilter(CompositeFilter.java:74)
	at org.springframework.security.config.annotation.web.configuration.WebMvcSecurityConfiguration$CompositeFilterChainProxy.doFilter(WebMvcSecurityConfiguration.java:240)
	at org.springframework.web.filter.DelegatingFilterProxy.invokeDelegate(DelegatingFilterProxy.java:362)
	at org.springframework.web.filter.DelegatingFilterProxy.doFilter(DelegatingFilterProxy.java:278)
	at org.apache.catalina.core.ApplicationFilterChain.internalDoFilter(ApplicationFilterChain.java:162)
	at org.apache.catalina.core.ApplicationFilterChain.doFilter(ApplicationFilterChain.java:138)
	at org.springframework.web.filter.RequestContextFilter.doFilterInternal(RequestContextFilter.java:100)
	at org.springframework.web.filter.OncePerRequestFilter.doFilter(OncePerRequestFilter.java:116)
	at org.apache.catalina.core.ApplicationFilterChain.internalDoFilter(ApplicationFilterChain.java:162)
	at org.apache.catalina.core.ApplicationFilterChain.doFilter(ApplicationFilterChain.java:138)
	at org.springframework.web.filter.FormContentFilter.doFilterInternal(FormContentFilter.java:93)
	at org.springframework.web.filter.OncePerRequestFilter.doFilter(OncePerRequestFilter.java:116)
	at org.apache.catalina.core.ApplicationFilterChain.internalDoFilter(ApplicationFilterChain.java:162)
	at org.apache.catalina.core.ApplicationFilterChain.doFilter(ApplicationFilterChain.java:138)
	at org.springframework.web.filter.CharacterEncodingFilter.doFilterInternal(CharacterEncodingFilter.java:201)
	at org.springframework.web.filter.OncePerRequestFilter.doFilter(OncePerRequestFilter.java:116)
	at org.apache.catalina.core.ApplicationFilterChain.internalDoFilter(ApplicationFilterChain.java:162)
	at org.apache.catalina.core.ApplicationFilterChain.doFilter(ApplicationFilterChain.java:138)
	at org.apache.catalina.core.StandardWrapperValve.invoke(StandardWrapperValve.java:165)
	at org.apache.catalina.core.StandardContextValve.invoke(StandardContextValve.java:88)
	at org.apache.catalina.authenticator.AuthenticatorBase.invoke(AuthenticatorBase.java:482)
	at org.apache.catalina.core.StandardHostValve.invoke(StandardHostValve.java:113)
	at org.apache.catalina.valves.ErrorReportValve.invoke(ErrorReportValve.java:83)
	at org.apache.catalina.core.StandardEngineValve.invoke(StandardEngineValve.java:72)
	at org.apache.catalina.connector.CoyoteAdapter.service(CoyoteAdapter.java:342)
	at org.apache.coyote.http11.Http11Processor.service(Http11Processor.java:399)
	at org.apache.coyote.AbstractProcessorLight.process(AbstractProcessorLight.java:63)
	at org.apache.coyote.AbstractProtocol$ConnectionHandler.process(AbstractProtocol.java:903)
	at org.apache.tomcat.util.net.NioEndpoint$SocketProcessor.doRun(NioEndpoint.java:1774)
	at org.apache.tomcat.util.net.SocketProcessorBase.run(SocketProcessorBase.java:52)
	at org.apache.tomcat.util.threads.ThreadPoolExecutor.runWorker(ThreadPoolExecutor.java:973)
	at org.apache.tomcat.util.threads.ThreadPoolExecutor$Worker.run(ThreadPoolExecutor.java:491)
	at org.apache.tomcat.util.threads.TaskThread$WrappingRunnable.run(TaskThread.java:63)
	at java.base/java.lang.Thread.run(Thread.java:842)
2026-01-13 13:25:39 [http-nio-8989-exec-3] DEBUG o.s.security.web.FilterChainProxy - Securing POST /error
2026-01-13 13:25:39 [http-nio-8989-exec-3] DEBUG o.s.security.web.FilterChainProxy - Secured POST /error
2026-01-13 13:25:39 [http-nio-8989-exec-3] DEBUG o.s.web.servlet.DispatcherServlet - "ERROR" dispatch for POST "/error", parameters={}
2026-01-13 13:25:39 [http-nio-8989-exec-3] DEBUG o.s.w.s.m.m.a.RequestMappingHandlerMapping - Mapped to org.springframework.boot.autoconfigure.web.servlet.error.BasicErrorController#error(HttpServletRequest)
2026-01-13 13:25:39 [http-nio-8989-exec-3] DEBUG o.s.w.s.m.m.a.HttpEntityMethodProcessor - Using 'application/json', given [*/*] and supported [application/json, application/*+json]
2026-01-13 13:25:39 [http-nio-8989-exec-3] DEBUG o.s.w.s.m.m.a.HttpEntityMethodProcessor - Writing [{timestamp=Tue Jan 13 13:25:39 IST 2026, status=500, error=Internal Server Error, trace=com.app.bank (truncated)...]
2026-01-13 13:25:39 [http-nio-8989-exec-3] DEBUG o.s.web.servlet.DispatcherServlet - Exiting from "ERROR" dispatch, status 500
2026-01-13 13:25:39 [http-nio-8989-exec-3] DEBUG o.s.s.w.a.AnonymousAuthenticationFilter - Set SecurityContextHolder to anonymous SecurityContext
2026-01-13 13:26:04 [http-nio-8989-exec-5] DEBUG o.s.security.web.FilterChainProxy - Securing POST /api/v1/auth/apply-loan
2026-01-13 13:26:04 [http-nio-8989-exec-5] DEBUG org.hibernate.SQL - 
    select
        u1_0.id,
        u1_0.aadhar_number,
        u1_0.address,
        u1_0.created_at,
        u1_0.email,
        u1_0.failed_login_attempts,
        u1_0.first_name,
        u1_0.last_login_at,
        u1_0.last_name,
        u1_0.monthly_income,
        u1_0.pan_number,
        u1_0.password,
        u1_0.phone,
        u1_0.role,
        u1_0.status,
        u1_0.username 
    from
        users u1_0 
    where
        u1_0.username=?
2026-01-13 13:26:04 [http-nio-8989-exec-5] DEBUG o.s.security.web.FilterChainProxy - Secured POST /api/v1/auth/apply-loan
2026-01-13 13:26:04 [http-nio-8989-exec-5] DEBUG o.s.web.servlet.DispatcherServlet - POST "/api/v1/auth/apply-loan", parameters={}
2026-01-13 13:26:04 [http-nio-8989-exec-5] DEBUG o.s.w.s.m.m.a.RequestMappingHandlerMapping - Mapped to com.app.bank.web.controller.LoanController#applyForLoan(LoanRequest, Authentication)
2026-01-13 13:26:04 [http-nio-8989-exec-5] DEBUG o.s.w.s.m.m.a.RequestResponseBodyMethodProcessor - Read "application/json;charset=UTF-8" to [com.app.bank.web.dto.LoanRequest@49836d65]
2026-01-13 13:26:04 [http-nio-8989-exec-5] DEBUG org.hibernate.SQL - 
    select
        u1_0.id,
        u1_0.aadhar_number,
        u1_0.address,
        u1_0.created_at,
        u1_0.email,
        u1_0.failed_login_attempts,
        u1_0.first_name,
        u1_0.last_login_at,
        u1_0.last_name,
        u1_0.monthly_income,
        u1_0.pan_number,
        u1_0.password,
        u1_0.phone,
        u1_0.role,
        u1_0.status,
        u1_0.username 
    from
        users u1_0 
    where
        u1_0.username=?
2026-01-13 13:26:04 [http-nio-8989-exec-5] DEBUG org.hibernate.SQL - 
    select
        a1_0.id,
        a1_0.account_number,
        a1_0.account_type,
        a1_0.balance,
        a1_0.created_at,
        a1_0.interest_rate,
        a1_0.last_transaction_at,
        a1_0.minimum_balance,
        a1_0.status,
        a1_0.user_id 
    from
        accounts a1_0 
    where
        a1_0.account_number=?
2026-01-13 13:26:04 [http-nio-8989-exec-5] DEBUG org.hibernate.SQL - 
    select
        count(l1_0.id) 
    from
        loans l1_0 
    left join
        users u1_0 
            on u1_0.id=l1_0.user_id 
    where
        u1_0.id=? 
        and l1_0.status=?
2026-01-13 13:26:04 [http-nio-8989-exec-5] DEBUG o.s.web.servlet.DispatcherServlet - Failed to complete request: com.app.bank.web.exception.BankException: Loan application is not eligible
2026-01-13 13:26:04 [http-nio-8989-exec-5] ERROR o.a.c.c.C.[.[.[.[dispatcherServlet] - Servlet.service() for servlet [dispatcherServlet] in context with path [] threw exception [Request processing failed: com.app.bank.web.exception.BankException: Loan application is not eligible] with root cause
com.app.bank.web.exception.BankException: Loan application is not eligible
	at com.app.bank.web.service.LoanService.applyForLoan(LoanService.java:55)
	at java.base/jdk.internal.reflect.NativeMethodAccessorImpl.invoke0(Native Method)
	at java.base/jdk.internal.reflect.NativeMethodAccessorImpl.invoke(NativeMethodAccessorImpl.java:77)
	at java.base/jdk.internal.reflect.DelegatingMethodAccessorImpl.invoke(DelegatingMethodAccessorImpl.java:43)
	at java.base/java.lang.reflect.Method.invoke(Method.java:568)
	at org.springframework.aop.support.AopUtils.invokeJoinpointUsingReflection(AopUtils.java:360)
	at org.springframework.aop.framework.ReflectiveMethodInvocation.invokeJoinpoint(ReflectiveMethodInvocation.java:196)
	at org.springframework.aop.framework.ReflectiveMethodInvocation.proceed(ReflectiveMethodInvocation.java:163)
	at org.springframework.transaction.interceptor.TransactionAspectSupport.invokeWithinTransaction(TransactionAspectSupport.java:380)
	at org.springframework.transaction.interceptor.TransactionInterceptor.invoke(TransactionInterceptor.java:119)
	at org.springframework.aop.framework.ReflectiveMethodInvocation.proceed(ReflectiveMethodInvocation.java:184)
	at org.springframework.aop.framework.CglibAopProxy$DynamicAdvisedInterceptor.intercept(CglibAopProxy.java:728)
	at com.app.bank.web.service.LoanService$$SpringCGLIB$$0.applyForLoan(<generated>)
	at com.app.bank.web.controller.LoanController.applyForLoan(LoanController.java:35)
	at java.base/jdk.internal.reflect.NativeMethodAccessorImpl.invoke0(Native Method)
	at java.base/jdk.internal.reflect.NativeMethodAccessorImpl.invoke(NativeMethodAccessorImpl.java:77)
	at java.base/jdk.internal.reflect.DelegatingMethodAccessorImpl.invoke(DelegatingMethodAccessorImpl.java:43)
	at java.base/java.lang.reflect.Method.invoke(Method.java:568)
	at org.springframework.web.method.support.InvocableHandlerMethod.doInvoke(InvocableHandlerMethod.java:258)
	at org.springframework.web.method.support.InvocableHandlerMethod.invokeForRequest(InvocableHandlerMethod.java:191)
	at org.springframework.web.servlet.mvc.method.annotation.ServletInvocableHandlerMethod.invokeAndHandle(ServletInvocableHandlerMethod.java:118)
	at org.springframework.web.servlet.mvc.method.annotation.RequestMappingHandlerAdapter.invokeHandlerMethod(RequestMappingHandlerAdapter.java:991)
	at org.springframework.web.servlet.mvc.method.annotation.RequestMappingHandlerAdapter.handleInternal(RequestMappingHandlerAdapter.java:896)
	at org.springframework.web.servlet.mvc.method.AbstractHandlerMethodAdapter.handle(AbstractHandlerMethodAdapter.java:87)
	at org.springframework.web.servlet.DispatcherServlet.doDispatch(DispatcherServlet.java:1089)
	at org.springframework.web.servlet.DispatcherServlet.doService(DispatcherServlet.java:979)
	at org.springframework.web.servlet.FrameworkServlet.processRequest(FrameworkServlet.java:1014)
	at org.springframework.web.servlet.FrameworkServlet.doPost(FrameworkServlet.java:914)
	at jakarta.servlet.http.HttpServlet.service(HttpServlet.java:590)
	at org.springframework.web.servlet.FrameworkServlet.service(FrameworkServlet.java:885)
	at jakarta.servlet.http.HttpServlet.service(HttpServlet.java:658)
	at org.apache.catalina.core.ApplicationFilterChain.internalDoFilter(ApplicationFilterChain.java:193)
	at org.apache.catalina.core.ApplicationFilterChain.doFilter(ApplicationFilterChain.java:138)
	at org.apache.tomcat.websocket.server.WsFilter.doFilter(WsFilter.java:51)
	at org.apache.catalina.core.ApplicationFilterChain.internalDoFilter(ApplicationFilterChain.java:162)
	at org.apache.catalina.core.ApplicationFilterChain.doFilter(ApplicationFilterChain.java:138)
	at org.springframework.web.filter.OncePerRequestFilter.doFilter(OncePerRequestFilter.java:110)
	at org.apache.catalina.core.ApplicationFilterChain.internalDoFilter(ApplicationFilterChain.java:162)
	at org.apache.catalina.core.ApplicationFilterChain.doFilter(ApplicationFilterChain.java:138)
	at org.springframework.web.filter.CompositeFilter$VirtualFilterChain.doFilter(CompositeFilter.java:108)
	at org.springframework.web.filter.CompositeFilter$VirtualFilterChain.doFilter(CompositeFilter.java:108)
	at org.springframework.security.web.FilterChainProxy.lambda$doFilterInternal$3(FilterChainProxy.java:231)
	at org.springframework.security.web.FilterChainProxy$VirtualFilterChain.doFilter(FilterChainProxy.java:365)
	at org.springframework.security.web.access.intercept.AuthorizationFilter.doFilter(AuthorizationFilter.java:101)
	at org.springframework.security.web.FilterChainProxy$VirtualFilterChain.doFilter(FilterChainProxy.java:374)
	at org.springframework.security.web.access.ExceptionTranslationFilter.doFilter(ExceptionTranslationFilter.java:125)
	at org.springframework.security.web.access.ExceptionTranslationFilter.doFilter(ExceptionTranslationFilter.java:119)
	at org.springframework.security.web.FilterChainProxy$VirtualFilterChain.doFilter(FilterChainProxy.java:374)
	at org.springframework.security.web.session.SessionManagementFilter.doFilter(SessionManagementFilter.java:131)
	at org.springframework.security.web.session.SessionManagementFilter.doFilter(SessionManagementFilter.java:85)
	at org.springframework.security.web.FilterChainProxy$VirtualFilterChain.doFilter(FilterChainProxy.java:374)
	at org.springframework.security.web.authentication.AnonymousAuthenticationFilter.doFilter(AnonymousAuthenticationFilter.java:100)
	at org.springframework.security.web.FilterChainProxy$VirtualFilterChain.doFilter(FilterChainProxy.java:374)
	at org.springframework.security.web.servletapi.SecurityContextHolderAwareRequestFilter.doFilter(SecurityContextHolderAwareRequestFilter.java:179)
	at org.springframework.security.web.FilterChainProxy$VirtualFilterChain.doFilter(FilterChainProxy.java:374)
	at org.springframework.security.web.savedrequest.RequestCacheAwareFilter.doFilter(RequestCacheAwareFilter.java:63)
	at org.springframework.security.web.FilterChainProxy$VirtualFilterChain.doFilter(FilterChainProxy.java:374)
	at com.app.bank.web.security.JwtAuthenticationFilter.doFilterInternal(JwtAuthenticationFilter.java:137)
	at org.springframework.web.filter.OncePerRequestFilter.doFilter(OncePerRequestFilter.java:116)
	at org.springframework.security.web.FilterChainProxy$VirtualFilterChain.doFilter(FilterChainProxy.java:374)
	at org.springframework.security.web.authentication.logout.LogoutFilter.doFilter(LogoutFilter.java:107)
	at org.springframework.security.web.authentication.logout.LogoutFilter.doFilter(LogoutFilter.java:93)
	at org.springframework.security.web.FilterChainProxy$VirtualFilterChain.doFilter(FilterChainProxy.java:374)
	at org.springframework.web.filter.CorsFilter.doFilterInternal(CorsFilter.java:91)
	at org.springframework.web.filter.OncePerRequestFilter.doFilter(OncePerRequestFilter.java:116)
	at org.springframework.security.web.FilterChainProxy$VirtualFilterChain.doFilter(FilterChainProxy.java:374)
	at org.springframework.security.web.header.HeaderWriterFilter.doHeadersAfter(HeaderWriterFilter.java:90)
	at org.springframework.security.web.header.HeaderWriterFilter.doFilterInternal(HeaderWriterFilter.java:75)
	at org.springframework.web.filter.OncePerRequestFilter.doFilter(OncePerRequestFilter.java:116)
	at org.springframework.security.web.FilterChainProxy$VirtualFilterChain.doFilter(FilterChainProxy.java:374)
	at org.springframework.security.web.context.SecurityContextHolderFilter.doFilter(SecurityContextHolderFilter.java:82)
	at org.springframework.security.web.context.SecurityContextHolderFilter.doFilter(SecurityContextHolderFilter.java:69)
	at org.springframework.security.web.FilterChainProxy$VirtualFilterChain.doFilter(FilterChainProxy.java:374)
	at org.springframework.security.web.context.request.async.WebAsyncManagerIntegrationFilter.doFilterInternal(WebAsyncManagerIntegrationFilter.java:62)
	at org.springframework.web.filter.OncePerRequestFilter.doFilter(OncePerRequestFilter.java:116)
	at org.springframework.security.web.FilterChainProxy$VirtualFilterChain.doFilter(FilterChainProxy.java:374)
	at org.springframework.security.web.session.DisableEncodeUrlFilter.doFilterInternal(DisableEncodeUrlFilter.java:42)
	at org.springframework.web.filter.OncePerRequestFilter.doFilter(OncePerRequestFilter.java:116)
	at org.springframework.security.web.FilterChainProxy$VirtualFilterChain.doFilter(FilterChainProxy.java:374)
	at org.springframework.security.web.FilterChainProxy.doFilterInternal(FilterChainProxy.java:233)
	at org.springframework.security.web.FilterChainProxy.doFilter(FilterChainProxy.java:191)
	at org.springframework.web.filter.CompositeFilter$VirtualFilterChain.doFilter(CompositeFilter.java:113)
	at org.springframework.web.filter.ServletRequestPathFilter.doFilter(ServletRequestPathFilter.java:52)
	at org.springframework.web.filter.CompositeFilter$VirtualFilterChain.doFilter(CompositeFilter.java:113)
	at org.springframework.web.filter.CompositeFilter.doFilter(CompositeFilter.java:74)
	at org.springframework.security.config.annotation.web.configuration.WebSecurityConfiguration$CompositeFilterChainProxy.doFilter(WebSecurityConfiguration.java:319)
	at org.springframework.web.filter.CompositeFilter$VirtualFilterChain.doFilter(CompositeFilter.java:113)
	at org.springframework.web.servlet.handler.HandlerMappingIntrospector.lambda$createCacheFilter$4(HandlerMappingIntrospector.java:267)
	at org.springframework.web.filter.CompositeFilter$VirtualFilterChain.doFilter(CompositeFilter.java:113)
	at org.springframework.web.filter.CompositeFilter.doFilter(CompositeFilter.java:74)
	at org.springframework.security.config.annotation.web.configuration.WebMvcSecurityConfiguration$CompositeFilterChainProxy.doFilter(WebMvcSecurityConfiguration.java:240)
	at org.springframework.web.filter.DelegatingFilterProxy.invokeDelegate(DelegatingFilterProxy.java:362)
	at org.springframework.web.filter.DelegatingFilterProxy.doFilter(DelegatingFilterProxy.java:278)
	at org.apache.catalina.core.ApplicationFilterChain.internalDoFilter(ApplicationFilterChain.java:162)
	at org.apache.catalina.core.ApplicationFilterChain.doFilter(ApplicationFilterChain.java:138)
	at org.springframework.web.filter.RequestContextFilter.doFilterInternal(RequestContextFilter.java:100)
	at org.springframework.web.filter.OncePerRequestFilter.doFilter(OncePerRequestFilter.java:116)
	at org.apache.catalina.core.ApplicationFilterChain.internalDoFilter(ApplicationFilterChain.java:162)
	at org.apache.catalina.core.ApplicationFilterChain.doFilter(ApplicationFilterChain.java:138)
	at org.springframework.web.filter.FormContentFilter.doFilterInternal(FormContentFilter.java:93)
	at org.springframework.web.filter.OncePerRequestFilter.doFilter(OncePerRequestFilter.java:116)
	at org.apache.catalina.core.ApplicationFilterChain.internalDoFilter(ApplicationFilterChain.java:162)
	at org.apache.catalina.core.ApplicationFilterChain.doFilter(ApplicationFilterChain.java:138)
	at org.springframework.web.filter.CharacterEncodingFilter.doFilterInternal(CharacterEncodingFilter.java:201)
	at org.springframework.web.filter.OncePerRequestFilter.doFilter(OncePerRequestFilter.java:116)
	at org.apache.catalina.core.ApplicationFilterChain.internalDoFilter(ApplicationFilterChain.java:162)
	at org.apache.catalina.core.ApplicationFilterChain.doFilter(ApplicationFilterChain.java:138)
	at org.apache.catalina.core.StandardWrapperValve.invoke(StandardWrapperValve.java:165)
	at org.apache.catalina.core.StandardContextValve.invoke(StandardContextValve.java:88)
	at org.apache.catalina.authenticator.AuthenticatorBase.invoke(AuthenticatorBase.java:482)
	at org.apache.catalina.core.StandardHostValve.invoke(StandardHostValve.java:113)
	at org.apache.catalina.valves.ErrorReportValve.invoke(ErrorReportValve.java:83)
	at org.apache.catalina.core.StandardEngineValve.invoke(StandardEngineValve.java:72)
	at org.apache.catalina.connector.CoyoteAdapter.service(CoyoteAdapter.java:342)
	at org.apache.coyote.http11.Http11Processor.service(Http11Processor.java:399)
	at org.apache.coyote.AbstractProcessorLight.process(AbstractProcessorLight.java:63)
	at org.apache.coyote.AbstractProtocol$ConnectionHandler.process(AbstractProtocol.java:903)
	at org.apache.tomcat.util.net.NioEndpoint$SocketProcessor.doRun(NioEndpoint.java:1774)
	at org.apache.tomcat.util.net.SocketProcessorBase.run(SocketProcessorBase.java:52)
	at org.apache.tomcat.util.threads.ThreadPoolExecutor.runWorker(ThreadPoolExecutor.java:973)
	at org.apache.tomcat.util.threads.ThreadPoolExecutor$Worker.run(ThreadPoolExecutor.java:491)
	at org.apache.tomcat.util.threads.TaskThread$WrappingRunnable.run(TaskThread.java:63)
	at java.base/java.lang.Thread.run(Thread.java:842)
2026-01-13 13:26:04 [http-nio-8989-exec-5] DEBUG o.s.security.web.FilterChainProxy - Securing POST /error
2026-01-13 13:26:04 [http-nio-8989-exec-5] DEBUG o.s.security.web.FilterChainProxy - Secured POST /error
2026-01-13 13:26:04 [http-nio-8989-exec-5] DEBUG o.s.web.servlet.DispatcherServlet - "ERROR" dispatch for POST "/error", parameters={}
2026-01-13 13:26:04 [http-nio-8989-exec-5] DEBUG o.s.w.s.m.m.a.RequestMappingHandlerMapping - Mapped to org.springframework.boot.autoconfigure.web.servlet.error.BasicErrorController#error(HttpServletRequest)
2026-01-13 13:26:04 [http-nio-8989-exec-5] DEBUG o.s.w.s.m.m.a.HttpEntityMethodProcessor - Using 'application/json', given [*/*] and supported [application/json, application/*+json]
2026-01-13 13:26:04 [http-nio-8989-exec-5] DEBUG o.s.w.s.m.m.a.HttpEntityMethodProcessor - Writing [{timestamp=Tue Jan 13 13:26:04 IST 2026, status=500, error=Internal Server Error, trace=com.app.bank (truncated)...]
2026-01-13 13:26:04 [http-nio-8989-exec-5] DEBUG o.s.web.servlet.DispatcherServlet - Exiting from "ERROR" dispatch, status 500
2026-01-13 13:26:04 [http-nio-8989-exec-5] DEBUG o.s.s.w.a.AnonymousAuthenticationFilter - Set SecurityContextHolder to anonymous SecurityContext
2026-01-13 13:26:15 [http-nio-8989-exec-6] DEBUG o.s.security.web.FilterChainProxy - Securing POST /api/v1/auth/apply-loan
2026-01-13 13:26:15 [http-nio-8989-exec-6] DEBUG org.hibernate.SQL - 
    select
        u1_0.id,
        u1_0.aadhar_number,
        u1_0.address,
        u1_0.created_at,
        u1_0.email,
        u1_0.failed_login_attempts,
        u1_0.first_name,
        u1_0.last_login_at,
        u1_0.last_name,
        u1_0.monthly_income,
        u1_0.pan_number,
        u1_0.password,
        u1_0.phone,
        u1_0.role,
        u1_0.status,
        u1_0.username 
    from
        users u1_0 
    where
        u1_0.username=?
2026-01-13 13:26:15 [http-nio-8989-exec-6] DEBUG o.s.security.web.FilterChainProxy - Secured POST /api/v1/auth/apply-loan
2026-01-13 13:26:15 [http-nio-8989-exec-6] DEBUG o.s.web.servlet.DispatcherServlet - POST "/api/v1/auth/apply-loan", parameters={}
2026-01-13 13:26:15 [http-nio-8989-exec-6] DEBUG o.s.w.s.m.m.a.RequestMappingHandlerMapping - Mapped to com.app.bank.web.controller.LoanController#applyForLoan(LoanRequest, Authentication)
2026-01-13 13:26:15 [http-nio-8989-exec-6] DEBUG o.s.w.s.m.m.a.RequestResponseBodyMethodProcessor - Read "application/json;charset=UTF-8" to [com.app.bank.web.dto.LoanRequest@ee8afa0]
2026-01-13 13:26:15 [http-nio-8989-exec-6] DEBUG org.hibernate.SQL - 
    select
        u1_0.id,
        u1_0.aadhar_number,
        u1_0.address,
        u1_0.created_at,
        u1_0.email,
        u1_0.failed_login_attempts,
        u1_0.first_name,
        u1_0.last_login_at,
        u1_0.last_name,
        u1_0.monthly_income,
        u1_0.pan_number,
        u1_0.password,
        u1_0.phone,
        u1_0.role,
        u1_0.status,
        u1_0.username 
    from
        users u1_0 
    where
        u1_0.username=?
2026-01-13 13:26:15 [http-nio-8989-exec-6] DEBUG org.hibernate.SQL - 
    select
        a1_0.id,
        a1_0.account_number,
        a1_0.account_type,
        a1_0.balance,
        a1_0.created_at,
        a1_0.interest_rate,
        a1_0.last_transaction_at,
        a1_0.minimum_balance,
        a1_0.status,
        a1_0.user_id 
    from
        accounts a1_0 
    where
        a1_0.account_number=?
2026-01-13 13:26:15 [http-nio-8989-exec-6] DEBUG org.hibernate.SQL - 
    select
        count(l1_0.id) 
    from
        loans l1_0 
    left join
        users u1_0 
            on u1_0.id=l1_0.user_id 
    where
        u1_0.id=? 
        and l1_0.status=?
2026-01-13 13:26:15 [http-nio-8989-exec-6] DEBUG o.s.web.servlet.DispatcherServlet - Failed to complete request: com.app.bank.web.exception.BankException: Loan application is not eligible
2026-01-13 13:26:15 [http-nio-8989-exec-6] ERROR o.a.c.c.C.[.[.[.[dispatcherServlet] - Servlet.service() for servlet [dispatcherServlet] in context with path [] threw exception [Request processing failed: com.app.bank.web.exception.BankException: Loan application is not eligible] with root cause
com.app.bank.web.exception.BankException: Loan application is not eligible
	at com.app.bank.web.service.LoanService.applyForLoan(LoanService.java:55)
	at java.base/jdk.internal.reflect.NativeMethodAccessorImpl.invoke0(Native Method)
	at java.base/jdk.internal.reflect.NativeMethodAccessorImpl.invoke(NativeMethodAccessorImpl.java:77)
	at java.base/jdk.internal.reflect.DelegatingMethodAccessorImpl.invoke(DelegatingMethodAccessorImpl.java:43)
	at java.base/java.lang.reflect.Method.invoke(Method.java:568)
	at org.springframework.aop.support.AopUtils.invokeJoinpointUsingReflection(AopUtils.java:360)
	at org.springframework.aop.framework.ReflectiveMethodInvocation.invokeJoinpoint(ReflectiveMethodInvocation.java:196)
	at org.springframework.aop.framework.ReflectiveMethodInvocation.proceed(ReflectiveMethodInvocation.java:163)
	at org.springframework.transaction.interceptor.TransactionAspectSupport.invokeWithinTransaction(TransactionAspectSupport.java:380)
	at org.springframework.transaction.interceptor.TransactionInterceptor.invoke(TransactionInterceptor.java:119)
	at org.springframework.aop.framework.ReflectiveMethodInvocation.proceed(ReflectiveMethodInvocation.java:184)
	at org.springframework.aop.framework.CglibAopProxy$DynamicAdvisedInterceptor.intercept(CglibAopProxy.java:728)
	at com.app.bank.web.service.LoanService$$SpringCGLIB$$0.applyForLoan(<generated>)
	at com.app.bank.web.controller.LoanController.applyForLoan(LoanController.java:35)
	at java.base/jdk.internal.reflect.NativeMethodAccessorImpl.invoke0(Native Method)
	at java.base/jdk.internal.reflect.NativeMethodAccessorImpl.invoke(NativeMethodAccessorImpl.java:77)
	at java.base/jdk.internal.reflect.DelegatingMethodAccessorImpl.invoke(DelegatingMethodAccessorImpl.java:43)
	at java.base/java.lang.reflect.Method.invoke(Method.java:568)
	at org.springframework.web.method.support.InvocableHandlerMethod.doInvoke(InvocableHandlerMethod.java:258)
	at org.springframework.web.method.support.InvocableHandlerMethod.invokeForRequest(InvocableHandlerMethod.java:191)
	at org.springframework.web.servlet.mvc.method.annotation.ServletInvocableHandlerMethod.invokeAndHandle(ServletInvocableHandlerMethod.java:118)
	at org.springframework.web.servlet.mvc.method.annotation.RequestMappingHandlerAdapter.invokeHandlerMethod(RequestMappingHandlerAdapter.java:991)
	at org.springframework.web.servlet.mvc.method.annotation.RequestMappingHandlerAdapter.handleInternal(RequestMappingHandlerAdapter.java:896)
	at org.springframework.web.servlet.mvc.method.AbstractHandlerMethodAdapter.handle(AbstractHandlerMethodAdapter.java:87)
	at org.springframework.web.servlet.DispatcherServlet.doDispatch(DispatcherServlet.java:1089)
	at org.springframework.web.servlet.DispatcherServlet.doService(DispatcherServlet.java:979)
	at org.springframework.web.servlet.FrameworkServlet.processRequest(FrameworkServlet.java:1014)
	at org.springframework.web.servlet.FrameworkServlet.doPost(FrameworkServlet.java:914)
	at jakarta.servlet.http.HttpServlet.service(HttpServlet.java:590)
	at org.springframework.web.servlet.FrameworkServlet.service(FrameworkServlet.java:885)
	at jakarta.servlet.http.HttpServlet.service(HttpServlet.java:658)
	at org.apache.catalina.core.ApplicationFilterChain.internalDoFilter(ApplicationFilterChain.java:193)
	at org.apache.catalina.core.ApplicationFilterChain.doFilter(ApplicationFilterChain.java:138)
	at org.apache.tomcat.websocket.server.WsFilter.doFilter(WsFilter.java:51)
	at org.apache.catalina.core.ApplicationFilterChain.internalDoFilter(ApplicationFilterChain.java:162)
	at org.apache.catalina.core.ApplicationFilterChain.doFilter(ApplicationFilterChain.java:138)
	at org.springframework.web.filter.OncePerRequestFilter.doFilter(OncePerRequestFilter.java:110)
	at org.apache.catalina.core.ApplicationFilterChain.internalDoFilter(ApplicationFilterChain.java:162)
	at org.apache.catalina.core.ApplicationFilterChain.doFilter(ApplicationFilterChain.java:138)
	at org.springframework.web.filter.CompositeFilter$VirtualFilterChain.doFilter(CompositeFilter.java:108)
	at org.springframework.web.filter.CompositeFilter$VirtualFilterChain.doFilter(CompositeFilter.java:108)
	at org.springframework.security.web.FilterChainProxy.lambda$doFilterInternal$3(FilterChainProxy.java:231)
	at org.springframework.security.web.FilterChainProxy$VirtualFilterChain.doFilter(FilterChainProxy.java:365)
	at org.springframework.security.web.access.intercept.AuthorizationFilter.doFilter(AuthorizationFilter.java:101)
	at org.springframework.security.web.FilterChainProxy$VirtualFilterChain.doFilter(FilterChainProxy.java:374)
	at org.springframework.security.web.access.ExceptionTranslationFilter.doFilter(ExceptionTranslationFilter.java:125)
	at org.springframework.security.web.access.ExceptionTranslationFilter.doFilter(ExceptionTranslationFilter.java:119)
	at org.springframework.security.web.FilterChainProxy$VirtualFilterChain.doFilter(FilterChainProxy.java:374)
	at org.springframework.security.web.session.SessionManagementFilter.doFilter(SessionManagementFilter.java:131)
	at org.springframework.security.web.session.SessionManagementFilter.doFilter(SessionManagementFilter.java:85)
	at org.springframework.security.web.FilterChainProxy$VirtualFilterChain.doFilter(FilterChainProxy.java:374)
	at org.springframework.security.web.authentication.AnonymousAuthenticationFilter.doFilter(AnonymousAuthenticationFilter.java:100)
	at org.springframework.security.web.FilterChainProxy$VirtualFilterChain.doFilter(FilterChainProxy.java:374)
	at org.springframework.security.web.servletapi.SecurityContextHolderAwareRequestFilter.doFilter(SecurityContextHolderAwareRequestFilter.java:179)
	at org.springframework.security.web.FilterChainProxy$VirtualFilterChain.doFilter(FilterChainProxy.java:374)
	at org.springframework.security.web.savedrequest.RequestCacheAwareFilter.doFilter(RequestCacheAwareFilter.java:63)
	at org.springframework.security.web.FilterChainProxy$VirtualFilterChain.doFilter(FilterChainProxy.java:374)
	at com.app.bank.web.security.JwtAuthenticationFilter.doFilterInternal(JwtAuthenticationFilter.java:137)
	at org.springframework.web.filter.OncePerRequestFilter.doFilter(OncePerRequestFilter.java:116)
	at org.springframework.security.web.FilterChainProxy$VirtualFilterChain.doFilter(FilterChainProxy.java:374)
	at org.springframework.security.web.authentication.logout.LogoutFilter.doFilter(LogoutFilter.java:107)
	at org.springframework.security.web.authentication.logout.LogoutFilter.doFilter(LogoutFilter.java:93)
	at org.springframework.security.web.FilterChainProxy$VirtualFilterChain.doFilter(FilterChainProxy.java:374)
	at org.springframework.web.filter.CorsFilter.doFilterInternal(CorsFilter.java:91)
	at org.springframework.web.filter.OncePerRequestFilter.doFilter(OncePerRequestFilter.java:116)
	at org.springframework.security.web.FilterChainProxy$VirtualFilterChain.doFilter(FilterChainProxy.java:374)
	at org.springframework.security.web.header.HeaderWriterFilter.doHeadersAfter(HeaderWriterFilter.java:90)
	at org.springframework.security.web.header.HeaderWriterFilter.doFilterInternal(HeaderWriterFilter.java:75)
	at org.springframework.web.filter.OncePerRequestFilter.doFilter(OncePerRequestFilter.java:116)
	at org.springframework.security.web.FilterChainProxy$VirtualFilterChain.doFilter(FilterChainProxy.java:374)
	at org.springframework.security.web.context.SecurityContextHolderFilter.doFilter(SecurityContextHolderFilter.java:82)
	at org.springframework.security.web.context.SecurityContextHolderFilter.doFilter(SecurityContextHolderFilter.java:69)
	at org.springframework.security.web.FilterChainProxy$VirtualFilterChain.doFilter(FilterChainProxy.java:374)
	at org.springframework.security.web.context.request.async.WebAsyncManagerIntegrationFilter.doFilterInternal(WebAsyncManagerIntegrationFilter.java:62)
	at org.springframework.web.filter.OncePerRequestFilter.doFilter(OncePerRequestFilter.java:116)
	at org.springframework.security.web.FilterChainProxy$VirtualFilterChain.doFilter(FilterChainProxy.java:374)
	at org.springframework.security.web.session.DisableEncodeUrlFilter.doFilterInternal(DisableEncodeUrlFilter.java:42)
	at org.springframework.web.filter.OncePerRequestFilter.doFilter(OncePerRequestFilter.java:116)
	at org.springframework.security.web.FilterChainProxy$VirtualFilterChain.doFilter(FilterChainProxy.java:374)
	at org.springframework.security.web.FilterChainProxy.doFilterInternal(FilterChainProxy.java:233)
	at org.springframework.security.web.FilterChainProxy.doFilter(FilterChainProxy.java:191)
	at org.springframework.web.filter.CompositeFilter$VirtualFilterChain.doFilter(CompositeFilter.java:113)
	at org.springframework.web.filter.ServletRequestPathFilter.doFilter(ServletRequestPathFilter.java:52)
	at org.springframework.web.filter.CompositeFilter$VirtualFilterChain.doFilter(CompositeFilter.java:113)
	at org.springframework.web.filter.CompositeFilter.doFilter(CompositeFilter.java:74)
	at org.springframework.security.config.annotation.web.configuration.WebSecurityConfiguration$CompositeFilterChainProxy.doFilter(WebSecurityConfiguration.java:319)
	at org.springframework.web.filter.CompositeFilter$VirtualFilterChain.doFilter(CompositeFilter.java:113)
	at org.springframework.web.servlet.handler.HandlerMappingIntrospector.lambda$createCacheFilter$4(HandlerMappingIntrospector.java:267)
	at org.springframework.web.filter.CompositeFilter$VirtualFilterChain.doFilter(CompositeFilter.java:113)
	at org.springframework.web.filter.CompositeFilter.doFilter(CompositeFilter.java:74)
	at org.springframework.security.config.annotation.web.configuration.WebMvcSecurityConfiguration$CompositeFilterChainProxy.doFilter(WebMvcSecurityConfiguration.java:240)
	at org.springframework.web.filter.DelegatingFilterProxy.invokeDelegate(DelegatingFilterProxy.java:362)
	at org.springframework.web.filter.DelegatingFilterProxy.doFilter(DelegatingFilterProxy.java:278)
	at org.apache.catalina.core.ApplicationFilterChain.internalDoFilter(ApplicationFilterChain.java:162)
	at org.apache.catalina.core.ApplicationFilterChain.doFilter(ApplicationFilterChain.java:138)
	at org.springframework.web.filter.RequestContextFilter.doFilterInternal(RequestContextFilter.java:100)
	at org.springframework.web.filter.OncePerRequestFilter.doFilter(OncePerRequestFilter.java:116)
	at org.apache.catalina.core.ApplicationFilterChain.internalDoFilter(ApplicationFilterChain.java:162)
	at org.apache.catalina.core.ApplicationFilterChain.doFilter(ApplicationFilterChain.java:138)
	at org.springframework.web.filter.FormContentFilter.doFilterInternal(FormContentFilter.java:93)
	at org.springframework.web.filter.OncePerRequestFilter.doFilter(OncePerRequestFilter.java:116)
	at org.apache.catalina.core.ApplicationFilterChain.internalDoFilter(ApplicationFilterChain.java:162)
	at org.apache.catalina.core.ApplicationFilterChain.doFilter(ApplicationFilterChain.java:138)
	at org.springframework.web.filter.CharacterEncodingFilter.doFilterInternal(CharacterEncodingFilter.java:201)
	at org.springframework.web.filter.OncePerRequestFilter.doFilter(OncePerRequestFilter.java:116)
	at org.apache.catalina.core.ApplicationFilterChain.internalDoFilter(ApplicationFilterChain.java:162)
	at org.apache.catalina.core.ApplicationFilterChain.doFilter(ApplicationFilterChain.java:138)
	at org.apache.catalina.core.StandardWrapperValve.invoke(StandardWrapperValve.java:165)
	at org.apache.catalina.core.StandardContextValve.invoke(StandardContextValve.java:88)
	at org.apache.catalina.authenticator.AuthenticatorBase.invoke(AuthenticatorBase.java:482)
	at org.apache.catalina.core.StandardHostValve.invoke(StandardHostValve.java:113)
	at org.apache.catalina.valves.ErrorReportValve.invoke(ErrorReportValve.java:83)
	at org.apache.catalina.core.StandardEngineValve.invoke(StandardEngineValve.java:72)
	at org.apache.catalina.connector.CoyoteAdapter.service(CoyoteAdapter.java:342)
	at org.apache.coyote.http11.Http11Processor.service(Http11Processor.java:399)
	at org.apache.coyote.AbstractProcessorLight.process(AbstractProcessorLight.java:63)
	at org.apache.coyote.AbstractProtocol$ConnectionHandler.process(AbstractProtocol.java:903)
	at org.apache.tomcat.util.net.NioEndpoint$SocketProcessor.doRun(NioEndpoint.java:1774)
	at org.apache.tomcat.util.net.SocketProcessorBase.run(SocketProcessorBase.java:52)
	at org.apache.tomcat.util.threads.ThreadPoolExecutor.runWorker(ThreadPoolExecutor.java:973)
	at org.apache.tomcat.util.threads.ThreadPoolExecutor$Worker.run(ThreadPoolExecutor.java:491)
	at org.apache.tomcat.util.threads.TaskThread$WrappingRunnable.run(TaskThread.java:63)
	at java.base/java.lang.Thread.run(Thread.java:842)
2026-01-13 13:26:15 [http-nio-8989-exec-6] DEBUG o.s.security.web.FilterChainProxy - Securing POST /error
2026-01-13 13:26:15 [http-nio-8989-exec-6] DEBUG o.s.security.web.FilterChainProxy - Secured POST /error
2026-01-13 13:26:15 [http-nio-8989-exec-6] DEBUG o.s.web.servlet.DispatcherServlet - "ERROR" dispatch for POST "/error", parameters={}
2026-01-13 13:26:15 [http-nio-8989-exec-6] DEBUG o.s.w.s.m.m.a.RequestMappingHandlerMapping - Mapped to org.springframework.boot.autoconfigure.web.servlet.error.BasicErrorController#error(HttpServletRequest)
2026-01-13 13:26:15 [http-nio-8989-exec-6] DEBUG o.s.w.s.m.m.a.HttpEntityMethodProcessor - Using 'application/json', given [*/*] and supported [application/json, application/*+json]
2026-01-13 13:26:15 [http-nio-8989-exec-6] DEBUG o.s.w.s.m.m.a.HttpEntityMethodProcessor - Writing [{timestamp=Tue Jan 13 13:26:15 IST 2026, status=500, error=Internal Server Error, trace=com.app.bank (truncated)...]
2026-01-13 13:26:15 [http-nio-8989-exec-6] DEBUG o.s.web.servlet.DispatcherServlet - Exiting from "ERROR" dispatch, status 500
2026-01-13 13:26:15 [http-nio-8989-exec-6] DEBUG o.s.s.w.a.AnonymousAuthenticationFilter - Set SecurityContextHolder to anonymous SecurityContext
2026-01-13 13:27:11 [http-nio-8989-exec-7] DEBUG o.s.security.web.FilterChainProxy - Securing POST /api/v1/auth/login
2026-01-13 13:27:11 [http-nio-8989-exec-7] DEBUG o.s.s.w.a.AnonymousAuthenticationFilter - Set SecurityContextHolder to anonymous SecurityContext
2026-01-13 13:27:11 [http-nio-8989-exec-7] DEBUG o.s.security.web.FilterChainProxy - Secured POST /api/v1/auth/login
2026-01-13 13:27:11 [http-nio-8989-exec-7] DEBUG o.s.web.servlet.DispatcherServlet - POST "/api/v1/auth/login", parameters={}
2026-01-13 13:27:11 [http-nio-8989-exec-7] DEBUG o.s.w.s.m.m.a.RequestMappingHandlerMapping - Mapped to com.app.bank.web.controller.AuthController#loginUser(LoginRequest)
2026-01-13 13:27:11 [http-nio-8989-exec-7] DEBUG o.s.w.s.m.m.a.RequestResponseBodyMethodProcessor - Read "application/json;charset=UTF-8" to [com.app.bank.web.dto.LoginRequest@75387930]
2026-01-13 13:27:11 [http-nio-8989-exec-7] DEBUG org.hibernate.SQL - 
    select
        u1_0.id,
        u1_0.aadhar_number,
        u1_0.address,
        u1_0.created_at,
        u1_0.email,
        u1_0.failed_login_attempts,
        u1_0.first_name,
        u1_0.last_login_at,
        u1_0.last_name,
        u1_0.monthly_income,
        u1_0.pan_number,
        u1_0.password,
        u1_0.phone,
        u1_0.role,
        u1_0.status,
        u1_0.username 
    from
        users u1_0 
    where
        u1_0.username=?
2026-01-13 13:27:12 [http-nio-8989-exec-7] DEBUG o.s.s.a.d.DaoAuthenticationProvider - Authenticated user
2026-01-13 13:27:12 [http-nio-8989-exec-7] DEBUG o.s.w.s.m.m.a.HttpEntityMethodProcessor - Using 'application/json', given [*/*] and supported [application/json, application/*+json]
2026-01-13 13:27:12 [http-nio-8989-exec-7] DEBUG o.s.w.s.m.m.a.HttpEntityMethodProcessor - Writing [{tokenType=Bearer, token=eyJhbGciOiJIUzUxMiJ9.eyJzdWIiOiJ3YWhpZDY3IiwiY3JlYXRlZCI6MTc2ODI5MTAzMjM4NC (truncated)...]
2026-01-13 13:27:12 [http-nio-8989-exec-7] DEBUG o.s.web.servlet.DispatcherServlet - Completed 200 OK
2026-01-13 13:27:56 [http-nio-8989-exec-10] DEBUG o.s.security.web.FilterChainProxy - Securing POST /api/v1/auth/apply-loan
2026-01-13 13:27:56 [http-nio-8989-exec-10] DEBUG org.hibernate.SQL - 
    select
        u1_0.id,
        u1_0.aadhar_number,
        u1_0.address,
        u1_0.created_at,
        u1_0.email,
        u1_0.failed_login_attempts,
        u1_0.first_name,
        u1_0.last_login_at,
        u1_0.last_name,
        u1_0.monthly_income,
        u1_0.pan_number,
        u1_0.password,
        u1_0.phone,
        u1_0.role,
        u1_0.status,
        u1_0.username 
    from
        users u1_0 
    where
        u1_0.username=?
2026-01-13 13:27:56 [http-nio-8989-exec-10] DEBUG o.s.security.web.FilterChainProxy - Secured POST /api/v1/auth/apply-loan
2026-01-13 13:27:56 [http-nio-8989-exec-10] DEBUG o.s.web.servlet.DispatcherServlet - POST "/api/v1/auth/apply-loan", parameters={}
2026-01-13 13:27:56 [http-nio-8989-exec-10] DEBUG o.s.w.s.m.m.a.RequestMappingHandlerMapping - Mapped to com.app.bank.web.controller.LoanController#applyForLoan(LoanRequest, Authentication)
2026-01-13 13:27:56 [http-nio-8989-exec-10] DEBUG o.s.w.s.m.m.a.RequestResponseBodyMethodProcessor - Read "application/json;charset=UTF-8" to [com.app.bank.web.dto.LoanRequest@3ae58551]
2026-01-13 13:27:56 [http-nio-8989-exec-10] DEBUG org.hibernate.SQL - 
    select
        u1_0.id,
        u1_0.aadhar_number,
        u1_0.address,
        u1_0.created_at,
        u1_0.email,
        u1_0.failed_login_attempts,
        u1_0.first_name,
        u1_0.last_login_at,
        u1_0.last_name,
        u1_0.monthly_income,
        u1_0.pan_number,
        u1_0.password,
        u1_0.phone,
        u1_0.role,
        u1_0.status,
        u1_0.username 
    from
        users u1_0 
    where
        u1_0.username=?
2026-01-13 13:27:56 [http-nio-8989-exec-10] DEBUG org.hibernate.SQL - 
    select
        a1_0.id,
        a1_0.account_number,
        a1_0.account_type,
        a1_0.balance,
        a1_0.created_at,
        a1_0.interest_rate,
        a1_0.last_transaction_at,
        a1_0.minimum_balance,
        a1_0.status,
        a1_0.user_id 
    from
        accounts a1_0 
    where
        a1_0.account_number=?
2026-01-13 13:27:56 [http-nio-8989-exec-10] DEBUG org.hibernate.SQL - 
    select
        u1_0.id,
        u1_0.aadhar_number,
        u1_0.address,
        u1_0.created_at,
        u1_0.email,
        u1_0.failed_login_attempts,
        u1_0.first_name,
        u1_0.last_login_at,
        u1_0.last_name,
        u1_0.monthly_income,
        u1_0.pan_number,
        u1_0.password,
        u1_0.phone,
        u1_0.role,
        u1_0.status,
        u1_0.username 
    from
        users u1_0 
    where
        u1_0.id=?
2026-01-13 13:27:56 [http-nio-8989-exec-10] DEBUG o.s.web.servlet.DispatcherServlet - Failed to complete request: com.app.bank.web.exception.BankException: Account not belong's to you
2026-01-13 13:27:56 [http-nio-8989-exec-10] ERROR o.a.c.c.C.[.[.[.[dispatcherServlet] - Servlet.service() for servlet [dispatcherServlet] in context with path [] threw exception [Request processing failed: com.app.bank.web.exception.BankException: Account not belong's to you] with root cause
com.app.bank.web.exception.BankException: Account not belong's to you
	at com.app.bank.web.service.LoanService.applyForLoan(LoanService.java:51)
	at java.base/jdk.internal.reflect.NativeMethodAccessorImpl.invoke0(Native Method)
	at java.base/jdk.internal.reflect.NativeMethodAccessorImpl.invoke(NativeMethodAccessorImpl.java:77)
	at java.base/jdk.internal.reflect.DelegatingMethodAccessorImpl.invoke(DelegatingMethodAccessorImpl.java:43)
	at java.base/java.lang.reflect.Method.invoke(Method.java:568)
	at org.springframework.aop.support.AopUtils.invokeJoinpointUsingReflection(AopUtils.java:360)
	at org.springframework.aop.framework.ReflectiveMethodInvocation.invokeJoinpoint(ReflectiveMethodInvocation.java:196)
	at org.springframework.aop.framework.ReflectiveMethodInvocation.proceed(ReflectiveMethodInvocation.java:163)
	at org.springframework.transaction.interceptor.TransactionAspectSupport.invokeWithinTransaction(TransactionAspectSupport.java:380)
	at org.springframework.transaction.interceptor.TransactionInterceptor.invoke(TransactionInterceptor.java:119)
	at org.springframework.aop.framework.ReflectiveMethodInvocation.proceed(ReflectiveMethodInvocation.java:184)
	at org.springframework.aop.framework.CglibAopProxy$DynamicAdvisedInterceptor.intercept(CglibAopProxy.java:728)
	at com.app.bank.web.service.LoanService$$SpringCGLIB$$0.applyForLoan(<generated>)
	at com.app.bank.web.controller.LoanController.applyForLoan(LoanController.java:35)
	at java.base/jdk.internal.reflect.NativeMethodAccessorImpl.invoke0(Native Method)
	at java.base/jdk.internal.reflect.NativeMethodAccessorImpl.invoke(NativeMethodAccessorImpl.java:77)
	at java.base/jdk.internal.reflect.DelegatingMethodAccessorImpl.invoke(DelegatingMethodAccessorImpl.java:43)
	at java.base/java.lang.reflect.Method.invoke(Method.java:568)
	at org.springframework.web.method.support.InvocableHandlerMethod.doInvoke(InvocableHandlerMethod.java:258)
	at org.springframework.web.method.support.InvocableHandlerMethod.invokeForRequest(InvocableHandlerMethod.java:191)
	at org.springframework.web.servlet.mvc.method.annotation.ServletInvocableHandlerMethod.invokeAndHandle(ServletInvocableHandlerMethod.java:118)
	at org.springframework.web.servlet.mvc.method.annotation.RequestMappingHandlerAdapter.invokeHandlerMethod(RequestMappingHandlerAdapter.java:991)
	at org.springframework.web.servlet.mvc.method.annotation.RequestMappingHandlerAdapter.handleInternal(RequestMappingHandlerAdapter.java:896)
	at org.springframework.web.servlet.mvc.method.AbstractHandlerMethodAdapter.handle(AbstractHandlerMethodAdapter.java:87)
	at org.springframework.web.servlet.DispatcherServlet.doDispatch(DispatcherServlet.java:1089)
	at org.springframework.web.servlet.DispatcherServlet.doService(DispatcherServlet.java:979)
	at org.springframework.web.servlet.FrameworkServlet.processRequest(FrameworkServlet.java:1014)
	at org.springframework.web.servlet.FrameworkServlet.doPost(FrameworkServlet.java:914)
	at jakarta.servlet.http.HttpServlet.service(HttpServlet.java:590)
	at org.springframework.web.servlet.FrameworkServlet.service(FrameworkServlet.java:885)
	at jakarta.servlet.http.HttpServlet.service(HttpServlet.java:658)
	at org.apache.catalina.core.ApplicationFilterChain.internalDoFilter(ApplicationFilterChain.java:193)
	at org.apache.catalina.core.ApplicationFilterChain.doFilter(ApplicationFilterChain.java:138)
	at org.apache.tomcat.websocket.server.WsFilter.doFilter(WsFilter.java:51)
	at org.apache.catalina.core.ApplicationFilterChain.internalDoFilter(ApplicationFilterChain.java:162)
	at org.apache.catalina.core.ApplicationFilterChain.doFilter(ApplicationFilterChain.java:138)
	at org.springframework.web.filter.OncePerRequestFilter.doFilter(OncePerRequestFilter.java:110)
	at org.apache.catalina.core.ApplicationFilterChain.internalDoFilter(ApplicationFilterChain.java:162)
	at org.apache.catalina.core.ApplicationFilterChain.doFilter(ApplicationFilterChain.java:138)
	at org.springframework.web.filter.CompositeFilter$VirtualFilterChain.doFilter(CompositeFilter.java:108)
	at org.springframework.web.filter.CompositeFilter$VirtualFilterChain.doFilter(CompositeFilter.java:108)
	at org.springframework.security.web.FilterChainProxy.lambda$doFilterInternal$3(FilterChainProxy.java:231)
	at org.springframework.security.web.FilterChainProxy$VirtualFilterChain.doFilter(FilterChainProxy.java:365)
	at org.springframework.security.web.access.intercept.AuthorizationFilter.doFilter(AuthorizationFilter.java:101)
	at org.springframework.security.web.FilterChainProxy$VirtualFilterChain.doFilter(FilterChainProxy.java:374)
	at org.springframework.security.web.access.ExceptionTranslationFilter.doFilter(ExceptionTranslationFilter.java:125)
	at org.springframework.security.web.access.ExceptionTranslationFilter.doFilter(ExceptionTranslationFilter.java:119)
	at org.springframework.security.web.FilterChainProxy$VirtualFilterChain.doFilter(FilterChainProxy.java:374)
	at org.springframework.security.web.session.SessionManagementFilter.doFilter(SessionManagementFilter.java:131)
	at org.springframework.security.web.session.SessionManagementFilter.doFilter(SessionManagementFilter.java:85)
	at org.springframework.security.web.FilterChainProxy$VirtualFilterChain.doFilter(FilterChainProxy.java:374)
	at org.springframework.security.web.authentication.AnonymousAuthenticationFilter.doFilter(AnonymousAuthenticationFilter.java:100)
	at org.springframework.security.web.FilterChainProxy$VirtualFilterChain.doFilter(FilterChainProxy.java:374)
	at org.springframework.security.web.servletapi.SecurityContextHolderAwareRequestFilter.doFilter(SecurityContextHolderAwareRequestFilter.java:179)
	at org.springframework.security.web.FilterChainProxy$VirtualFilterChain.doFilter(FilterChainProxy.java:374)
	at org.springframework.security.web.savedrequest.RequestCacheAwareFilter.doFilter(RequestCacheAwareFilter.java:63)
	at org.springframework.security.web.FilterChainProxy$VirtualFilterChain.doFilter(FilterChainProxy.java:374)
	at com.app.bank.web.security.JwtAuthenticationFilter.doFilterInternal(JwtAuthenticationFilter.java:137)
	at org.springframework.web.filter.OncePerRequestFilter.doFilter(OncePerRequestFilter.java:116)
	at org.springframework.security.web.FilterChainProxy$VirtualFilterChain.doFilter(FilterChainProxy.java:374)
	at org.springframework.security.web.authentication.logout.LogoutFilter.doFilter(LogoutFilter.java:107)
	at org.springframework.security.web.authentication.logout.LogoutFilter.doFilter(LogoutFilter.java:93)
	at org.springframework.security.web.FilterChainProxy$VirtualFilterChain.doFilter(FilterChainProxy.java:374)
	at org.springframework.web.filter.CorsFilter.doFilterInternal(CorsFilter.java:91)
	at org.springframework.web.filter.OncePerRequestFilter.doFilter(OncePerRequestFilter.java:116)
	at org.springframework.security.web.FilterChainProxy$VirtualFilterChain.doFilter(FilterChainProxy.java:374)
	at org.springframework.security.web.header.HeaderWriterFilter.doHeadersAfter(HeaderWriterFilter.java:90)
	at org.springframework.security.web.header.HeaderWriterFilter.doFilterInternal(HeaderWriterFilter.java:75)
	at org.springframework.web.filter.OncePerRequestFilter.doFilter(OncePerRequestFilter.java:116)
	at org.springframework.security.web.FilterChainProxy$VirtualFilterChain.doFilter(FilterChainProxy.java:374)
	at org.springframework.security.web.context.SecurityContextHolderFilter.doFilter(SecurityContextHolderFilter.java:82)
	at org.springframework.security.web.context.SecurityContextHolderFilter.doFilter(SecurityContextHolderFilter.java:69)
	at org.springframework.security.web.FilterChainProxy$VirtualFilterChain.doFilter(FilterChainProxy.java:374)
	at org.springframework.security.web.context.request.async.WebAsyncManagerIntegrationFilter.doFilterInternal(WebAsyncManagerIntegrationFilter.java:62)
	at org.springframework.web.filter.OncePerRequestFilter.doFilter(OncePerRequestFilter.java:116)
	at org.springframework.security.web.FilterChainProxy$VirtualFilterChain.doFilter(FilterChainProxy.java:374)
	at org.springframework.security.web.session.DisableEncodeUrlFilter.doFilterInternal(DisableEncodeUrlFilter.java:42)
	at org.springframework.web.filter.OncePerRequestFilter.doFilter(OncePerRequestFilter.java:116)
	at org.springframework.security.web.FilterChainProxy$VirtualFilterChain.doFilter(FilterChainProxy.java:374)
	at org.springframework.security.web.FilterChainProxy.doFilterInternal(FilterChainProxy.java:233)
	at org.springframework.security.web.FilterChainProxy.doFilter(FilterChainProxy.java:191)
	at org.springframework.web.filter.CompositeFilter$VirtualFilterChain.doFilter(CompositeFilter.java:113)
	at org.springframework.web.filter.ServletRequestPathFilter.doFilter(ServletRequestPathFilter.java:52)
	at org.springframework.web.filter.CompositeFilter$VirtualFilterChain.doFilter(CompositeFilter.java:113)
	at org.springframework.web.filter.CompositeFilter.doFilter(CompositeFilter.java:74)
	at org.springframework.security.config.annotation.web.configuration.WebSecurityConfiguration$CompositeFilterChainProxy.doFilter(WebSecurityConfiguration.java:319)
	at org.springframework.web.filter.CompositeFilter$VirtualFilterChain.doFilter(CompositeFilter.java:113)
	at org.springframework.web.servlet.handler.HandlerMappingIntrospector.lambda$createCacheFilter$4(HandlerMappingIntrospector.java:267)
	at org.springframework.web.filter.CompositeFilter$VirtualFilterChain.doFilter(CompositeFilter.java:113)
	at org.springframework.web.filter.CompositeFilter.doFilter(CompositeFilter.java:74)
	at org.springframework.security.config.annotation.web.configuration.WebMvcSecurityConfiguration$CompositeFilterChainProxy.doFilter(WebMvcSecurityConfiguration.java:240)
	at org.springframework.web.filter.DelegatingFilterProxy.invokeDelegate(DelegatingFilterProxy.java:362)
	at org.springframework.web.filter.DelegatingFilterProxy.doFilter(DelegatingFilterProxy.java:278)
	at org.apache.catalina.core.ApplicationFilterChain.internalDoFilter(ApplicationFilterChain.java:162)
	at org.apache.catalina.core.ApplicationFilterChain.doFilter(ApplicationFilterChain.java:138)
	at org.springframework.web.filter.RequestContextFilter.doFilterInternal(RequestContextFilter.java:100)
	at org.springframework.web.filter.OncePerRequestFilter.doFilter(OncePerRequestFilter.java:116)
	at org.apache.catalina.core.ApplicationFilterChain.internalDoFilter(ApplicationFilterChain.java:162)
	at org.apache.catalina.core.ApplicationFilterChain.doFilter(ApplicationFilterChain.java:138)
	at org.springframework.web.filter.FormContentFilter.doFilterInternal(FormContentFilter.java:93)
	at org.springframework.web.filter.OncePerRequestFilter.doFilter(OncePerRequestFilter.java:116)
	at org.apache.catalina.core.ApplicationFilterChain.internalDoFilter(ApplicationFilterChain.java:162)
	at org.apache.catalina.core.ApplicationFilterChain.doFilter(ApplicationFilterChain.java:138)
	at org.springframework.web.filter.CharacterEncodingFilter.doFilterInternal(CharacterEncodingFilter.java:201)
	at org.springframework.web.filter.OncePerRequestFilter.doFilter(OncePerRequestFilter.java:116)
	at org.apache.catalina.core.ApplicationFilterChain.internalDoFilter(ApplicationFilterChain.java:162)
	at org.apache.catalina.core.ApplicationFilterChain.doFilter(ApplicationFilterChain.java:138)
	at org.apache.catalina.core.StandardWrapperValve.invoke(StandardWrapperValve.java:165)
	at org.apache.catalina.core.StandardContextValve.invoke(StandardContextValve.java:88)
	at org.apache.catalina.authenticator.AuthenticatorBase.invoke(AuthenticatorBase.java:482)
	at org.apache.catalina.core.StandardHostValve.invoke(StandardHostValve.java:113)
	at org.apache.catalina.valves.ErrorReportValve.invoke(ErrorReportValve.java:83)
	at org.apache.catalina.core.StandardEngineValve.invoke(StandardEngineValve.java:72)
	at org.apache.catalina.connector.CoyoteAdapter.service(CoyoteAdapter.java:342)
	at org.apache.coyote.http11.Http11Processor.service(Http11Processor.java:399)
	at org.apache.coyote.AbstractProcessorLight.process(AbstractProcessorLight.java:63)
	at org.apache.coyote.AbstractProtocol$ConnectionHandler.process(AbstractProtocol.java:903)
	at org.apache.tomcat.util.net.NioEndpoint$SocketProcessor.doRun(NioEndpoint.java:1774)
	at org.apache.tomcat.util.net.SocketProcessorBase.run(SocketProcessorBase.java:52)
	at org.apache.tomcat.util.threads.ThreadPoolExecutor.runWorker(ThreadPoolExecutor.java:973)
	at org.apache.tomcat.util.threads.ThreadPoolExecutor$Worker.run(ThreadPoolExecutor.java:491)
	at org.apache.tomcat.util.threads.TaskThread$WrappingRunnable.run(TaskThread.java:63)
	at java.base/java.lang.Thread.run(Thread.java:842)
2026-01-13 13:27:56 [http-nio-8989-exec-10] DEBUG o.s.security.web.FilterChainProxy - Securing POST /error
2026-01-13 13:27:56 [http-nio-8989-exec-10] DEBUG o.s.security.web.FilterChainProxy - Secured POST /error
2026-01-13 13:27:56 [http-nio-8989-exec-10] DEBUG o.s.web.servlet.DispatcherServlet - "ERROR" dispatch for POST "/error", parameters={}
2026-01-13 13:27:56 [http-nio-8989-exec-10] DEBUG o.s.w.s.m.m.a.RequestMappingHandlerMapping - Mapped to org.springframework.boot.autoconfigure.web.servlet.error.BasicErrorController#error(HttpServletRequest)
2026-01-13 13:27:56 [http-nio-8989-exec-10] DEBUG o.s.w.s.m.m.a.HttpEntityMethodProcessor - Using 'application/json', given [*/*] and supported [application/json, application/*+json]
2026-01-13 13:27:56 [http-nio-8989-exec-10] DEBUG o.s.w.s.m.m.a.HttpEntityMethodProcessor - Writing [{timestamp=Tue Jan 13 13:27:56 IST 2026, status=500, error=Internal Server Error, trace=com.app.bank (truncated)...]
2026-01-13 13:27:56 [http-nio-8989-exec-10] DEBUG o.s.web.servlet.DispatcherServlet - Exiting from "ERROR" dispatch, status 500
2026-01-13 13:27:56 [http-nio-8989-exec-10] DEBUG o.s.s.w.a.AnonymousAuthenticationFilter - Set SecurityContextHolder to anonymous SecurityContext
2026-01-13 13:28:24 [http-nio-8989-exec-1] DEBUG o.s.security.web.FilterChainProxy - Securing POST /api/v1/auth/apply-loan
2026-01-13 13:28:24 [http-nio-8989-exec-1] DEBUG org.hibernate.SQL - 
    select
        u1_0.id,
        u1_0.aadhar_number,
        u1_0.address,
        u1_0.created_at,
        u1_0.email,
        u1_0.failed_login_attempts,
        u1_0.first_name,
        u1_0.last_login_at,
        u1_0.last_name,
        u1_0.monthly_income,
        u1_0.pan_number,
        u1_0.password,
        u1_0.phone,
        u1_0.role,
        u1_0.status,
        u1_0.username 
    from
        users u1_0 
    where
        u1_0.username=?
2026-01-13 13:28:24 [http-nio-8989-exec-1] DEBUG o.s.security.web.FilterChainProxy - Secured POST /api/v1/auth/apply-loan
2026-01-13 13:28:24 [http-nio-8989-exec-1] DEBUG o.s.web.servlet.DispatcherServlet - POST "/api/v1/auth/apply-loan", parameters={}
2026-01-13 13:28:24 [http-nio-8989-exec-1] DEBUG o.s.w.s.m.m.a.RequestMappingHandlerMapping - Mapped to com.app.bank.web.controller.LoanController#applyForLoan(LoanRequest, Authentication)
2026-01-13 13:28:24 [http-nio-8989-exec-1] DEBUG o.s.w.s.m.m.a.RequestResponseBodyMethodProcessor - Read "application/json;charset=UTF-8" to [com.app.bank.web.dto.LoanRequest@ab78805]
2026-01-13 13:28:24 [http-nio-8989-exec-1] DEBUG org.hibernate.SQL - 
    select
        u1_0.id,
        u1_0.aadhar_number,
        u1_0.address,
        u1_0.created_at,
        u1_0.email,
        u1_0.failed_login_attempts,
        u1_0.first_name,
        u1_0.last_login_at,
        u1_0.last_name,
        u1_0.monthly_income,
        u1_0.pan_number,
        u1_0.password,
        u1_0.phone,
        u1_0.role,
        u1_0.status,
        u1_0.username 
    from
        users u1_0 
    where
        u1_0.username=?
2026-01-13 13:28:24 [http-nio-8989-exec-1] DEBUG org.hibernate.SQL - 
    select
        a1_0.id,
        a1_0.account_number,
        a1_0.account_type,
        a1_0.balance,
        a1_0.created_at,
        a1_0.interest_rate,
        a1_0.last_transaction_at,
        a1_0.minimum_balance,
        a1_0.status,
        a1_0.user_id 
    from
        accounts a1_0 
    where
        a1_0.account_number=?
2026-01-13 13:28:24 [http-nio-8989-exec-1] DEBUG org.hibernate.SQL - 
    select
        count(l1_0.id) 
    from
        loans l1_0 
    left join
        users u1_0 
            on u1_0.id=l1_0.user_id 
    where
        u1_0.id=? 
        and l1_0.status=?
2026-01-13 13:28:24 [http-nio-8989-exec-1] DEBUG org.hibernate.SQL - 
    insert 
    into
        loans
        (applied_date, approved_by, approved_date, disbursement_date, emi_amount, interest_rate, account_id, loan_account_number, loan_type, maturity_date, principal_amount, status, tenure_months, total_amount, user_id) 
    values
        (?, ?, ?, ?, ?, ?, ?, ?, ?, ?, ?, ?, ?, ?, ?)
2026-01-13 13:28:25 [http-nio-8989-exec-1] DEBUG o.s.w.s.m.m.a.HttpEntityMethodProcessor - Using 'application/json', given [*/*] and supported [application/json, application/*+json]
2026-01-13 13:28:25 [http-nio-8989-exec-1] DEBUG o.s.w.s.m.m.a.HttpEntityMethodProcessor - Writing [com.app.bank.web.dto.LoanResponse@586da3de]
2026-01-13 13:28:25 [http-nio-8989-exec-1] DEBUG o.s.web.servlet.DispatcherServlet - Completed 200 OK
2026-01-13 13:29:20 [http-nio-8989-exec-3] DEBUG o.s.security.web.FilterChainProxy - Securing POST /api/v1/auth/login
2026-01-13 13:29:20 [http-nio-8989-exec-3] DEBUG o.s.s.w.a.AnonymousAuthenticationFilter - Set SecurityContextHolder to anonymous SecurityContext
2026-01-13 13:29:20 [http-nio-8989-exec-3] DEBUG o.s.security.web.FilterChainProxy - Secured POST /api/v1/auth/login
2026-01-13 13:29:20 [http-nio-8989-exec-3] DEBUG o.s.web.servlet.DispatcherServlet - POST "/api/v1/auth/login", parameters={}
2026-01-13 13:29:20 [http-nio-8989-exec-3] DEBUG o.s.w.s.m.m.a.RequestMappingHandlerMapping - Mapped to com.app.bank.web.controller.AuthController#loginUser(LoginRequest)
2026-01-13 13:29:20 [http-nio-8989-exec-3] DEBUG o.s.w.s.m.m.a.RequestResponseBodyMethodProcessor - Read "application/json;charset=UTF-8" to [com.app.bank.web.dto.LoginRequest@61627559]
2026-01-13 13:29:20 [http-nio-8989-exec-3] DEBUG org.hibernate.SQL - 
    select
        u1_0.id,
        u1_0.aadhar_number,
        u1_0.address,
        u1_0.created_at,
        u1_0.email,
        u1_0.failed_login_attempts,
        u1_0.first_name,
        u1_0.last_login_at,
        u1_0.last_name,
        u1_0.monthly_income,
        u1_0.pan_number,
        u1_0.password,
        u1_0.phone,
        u1_0.role,
        u1_0.status,
        u1_0.username 
    from
        users u1_0 
    where
        u1_0.username=?
2026-01-13 13:29:21 [http-nio-8989-exec-3] DEBUG o.s.s.a.d.DaoAuthenticationProvider - Authenticated user
2026-01-13 13:29:21 [http-nio-8989-exec-3] DEBUG o.s.w.s.m.m.a.HttpEntityMethodProcessor - Using 'application/json', given [*/*] and supported [application/json, application/*+json]
2026-01-13 13:29:21 [http-nio-8989-exec-3] DEBUG o.s.w.s.m.m.a.HttpEntityMethodProcessor - Writing [{tokenType=Bearer, token=eyJhbGciOiJIUzUxMiJ9.eyJzdWIiOiJhZG1pbjAxIiwiY3JlYXRlZCI6MTc2ODI5MTE2MTE1NS (truncated)...]
2026-01-13 13:29:21 [http-nio-8989-exec-3] DEBUG o.s.web.servlet.DispatcherServlet - Completed 200 OK
2026-01-13 13:29:37 [http-nio-8989-exec-4] DEBUG o.s.security.web.FilterChainProxy - Securing POST /api/v1/auth/8/approve-loan
2026-01-13 13:29:37 [http-nio-8989-exec-4] DEBUG org.hibernate.SQL - 
    select
        u1_0.id,
        u1_0.aadhar_number,
        u1_0.address,
        u1_0.created_at,
        u1_0.email,
        u1_0.failed_login_attempts,
        u1_0.first_name,
        u1_0.last_login_at,
        u1_0.last_name,
        u1_0.monthly_income,
        u1_0.pan_number,
        u1_0.password,
        u1_0.phone,
        u1_0.role,
        u1_0.status,
        u1_0.username 
    from
        users u1_0 
    where
        u1_0.username=?
2026-01-13 13:29:37 [http-nio-8989-exec-4] DEBUG o.s.security.web.FilterChainProxy - Secured POST /api/v1/auth/8/approve-loan
2026-01-13 13:29:37 [http-nio-8989-exec-4] DEBUG o.s.web.servlet.DispatcherServlet - POST "/api/v1/auth/8/approve-loan", parameters={}
2026-01-13 13:29:37 [http-nio-8989-exec-4] DEBUG o.s.w.s.m.m.a.RequestMappingHandlerMapping - Mapped to com.app.bank.web.controller.LoanController#approveLoan(Long, Authentication)
2026-01-13 13:29:37 [http-nio-8989-exec-4] DEBUG org.hibernate.SQL - 
    select
        l1_0.id,
        l1_0.applied_date,
        l1_0.approved_by,
        l1_0.approved_date,
        l1_0.disbursement_date,
        l1_0.emi_amount,
        l1_0.interest_rate,
        l1_0.account_id,
        la1_0.id,
        la1_0.account_number,
        la1_0.account_type,
        la1_0.balance,
        la1_0.created_at,
        la1_0.interest_rate,
        la1_0.last_transaction_at,
        la1_0.minimum_balance,
        la1_0.status,
        la1_0.user_id,
        u1_0.id,
        u1_0.aadhar_number,
        u1_0.address,
        u1_0.created_at,
        u1_0.email,
        u1_0.failed_login_attempts,
        u1_0.first_name,
        u1_0.last_login_at,
        u1_0.last_name,
        u1_0.monthly_income,
        u1_0.pan_number,
        u1_0.password,
        u1_0.phone,
        u1_0.role,
        u1_0.status,
        u1_0.username,
        l1_0.loan_account_number,
        l1_0.loan_type,
        l1_0.maturity_date,
        l1_0.principal_amount,
        l1_0.status,
        l1_0.tenure_months,
        l1_0.total_amount,
        l1_0.user_id,
        u2_0.id,
        u2_0.aadhar_number,
        u2_0.address,
        u2_0.created_at,
        u2_0.email,
        u2_0.failed_login_attempts,
        u2_0.first_name,
        u2_0.last_login_at,
        u2_0.last_name,
        u2_0.monthly_income,
        u2_0.pan_number,
        u2_0.password,
        u2_0.phone,
        u2_0.role,
        u2_0.status,
        u2_0.username 
    from
        loans l1_0 
    join
        accounts la1_0 
            on la1_0.id=l1_0.account_id 
    join
        users u1_0 
            on u1_0.id=la1_0.user_id 
    join
        users u2_0 
            on u2_0.id=l1_0.user_id 
    where
        l1_0.id=?
2026-01-13 13:29:37 [http-nio-8989-exec-4] DEBUG org.hibernate.SQL - 
    insert 
    into
        loan_repayments
        (created_at, created_by, due_amount, due_date, grace_period_end_date, installment_number, interest_amount, late_payment_fee, loan_id, paid_amount, payment_date, payment_mode, payment_reference, penalty_rate, principal_amount, remaining_principal, remarks, status, total_outstanding, transaction_id, updated_at, updated_by) 
    values
        (?, ?, ?, ?, ?, ?, ?, ?, ?, ?, ?, ?, ?, ?, ?, ?, ?, ?, ?, ?, ?, ?)
2026-01-13 13:29:37 [http-nio-8989-exec-4] DEBUG org.hibernate.SQL - 
    insert 
    into
        loan_repayments
        (created_at, created_by, due_amount, due_date, grace_period_end_date, installment_number, interest_amount, late_payment_fee, loan_id, paid_amount, payment_date, payment_mode, payment_reference, penalty_rate, principal_amount, remaining_principal, remarks, status, total_outstanding, transaction_id, updated_at, updated_by) 
    values
        (?, ?, ?, ?, ?, ?, ?, ?, ?, ?, ?, ?, ?, ?, ?, ?, ?, ?, ?, ?, ?, ?)
2026-01-13 13:29:37 [http-nio-8989-exec-4] DEBUG org.hibernate.SQL - 
    insert 
    into
        loan_repayments
        (created_at, created_by, due_amount, due_date, grace_period_end_date, installment_number, interest_amount, late_payment_fee, loan_id, paid_amount, payment_date, payment_mode, payment_reference, penalty_rate, principal_amount, remaining_principal, remarks, status, total_outstanding, transaction_id, updated_at, updated_by) 
    values
        (?, ?, ?, ?, ?, ?, ?, ?, ?, ?, ?, ?, ?, ?, ?, ?, ?, ?, ?, ?, ?, ?)
2026-01-13 13:29:37 [http-nio-8989-exec-4] DEBUG org.hibernate.SQL - 
    insert 
    into
        loan_repayments
        (created_at, created_by, due_amount, due_date, grace_period_end_date, installment_number, interest_amount, late_payment_fee, loan_id, paid_amount, payment_date, payment_mode, payment_reference, penalty_rate, principal_amount, remaining_principal, remarks, status, total_outstanding, transaction_id, updated_at, updated_by) 
    values
        (?, ?, ?, ?, ?, ?, ?, ?, ?, ?, ?, ?, ?, ?, ?, ?, ?, ?, ?, ?, ?, ?)
2026-01-13 13:29:37 [http-nio-8989-exec-4] DEBUG org.hibernate.SQL - 
    insert 
    into
        loan_repayments
        (created_at, created_by, due_amount, due_date, grace_period_end_date, installment_number, interest_amount, late_payment_fee, loan_id, paid_amount, payment_date, payment_mode, payment_reference, penalty_rate, principal_amount, remaining_principal, remarks, status, total_outstanding, transaction_id, updated_at, updated_by) 
    values
        (?, ?, ?, ?, ?, ?, ?, ?, ?, ?, ?, ?, ?, ?, ?, ?, ?, ?, ?, ?, ?, ?)
2026-01-13 13:29:37 [http-nio-8989-exec-4] DEBUG org.hibernate.SQL - 
    insert 
    into
        loan_repayments
        (created_at, created_by, due_amount, due_date, grace_period_end_date, installment_number, interest_amount, late_payment_fee, loan_id, paid_amount, payment_date, payment_mode, payment_reference, penalty_rate, principal_amount, remaining_principal, remarks, status, total_outstanding, transaction_id, updated_at, updated_by) 
    values
        (?, ?, ?, ?, ?, ?, ?, ?, ?, ?, ?, ?, ?, ?, ?, ?, ?, ?, ?, ?, ?, ?)
2026-01-13 13:29:37 [http-nio-8989-exec-4] DEBUG org.hibernate.SQL - 
    insert 
    into
        loan_repayments
        (created_at, created_by, due_amount, due_date, grace_period_end_date, installment_number, interest_amount, late_payment_fee, loan_id, paid_amount, payment_date, payment_mode, payment_reference, penalty_rate, principal_amount, remaining_principal, remarks, status, total_outstanding, transaction_id, updated_at, updated_by) 
    values
        (?, ?, ?, ?, ?, ?, ?, ?, ?, ?, ?, ?, ?, ?, ?, ?, ?, ?, ?, ?, ?, ?)
2026-01-13 13:29:37 [http-nio-8989-exec-4] DEBUG org.hibernate.SQL - 
    insert 
    into
        loan_repayments
        (created_at, created_by, due_amount, due_date, grace_period_end_date, installment_number, interest_amount, late_payment_fee, loan_id, paid_amount, payment_date, payment_mode, payment_reference, penalty_rate, principal_amount, remaining_principal, remarks, status, total_outstanding, transaction_id, updated_at, updated_by) 
    values
        (?, ?, ?, ?, ?, ?, ?, ?, ?, ?, ?, ?, ?, ?, ?, ?, ?, ?, ?, ?, ?, ?)
2026-01-13 13:29:37 [http-nio-8989-exec-4] DEBUG org.hibernate.SQL - 
    insert 
    into
        loan_repayments
        (created_at, created_by, due_amount, due_date, grace_period_end_date, installment_number, interest_amount, late_payment_fee, loan_id, paid_amount, payment_date, payment_mode, payment_reference, penalty_rate, principal_amount, remaining_principal, remarks, status, total_outstanding, transaction_id, updated_at, updated_by) 
    values
        (?, ?, ?, ?, ?, ?, ?, ?, ?, ?, ?, ?, ?, ?, ?, ?, ?, ?, ?, ?, ?, ?)
2026-01-13 13:29:37 [http-nio-8989-exec-4] DEBUG org.hibernate.SQL - 
    insert 
    into
        loan_repayments
        (created_at, created_by, due_amount, due_date, grace_period_end_date, installment_number, interest_amount, late_payment_fee, loan_id, paid_amount, payment_date, payment_mode, payment_reference, penalty_rate, principal_amount, remaining_principal, remarks, status, total_outstanding, transaction_id, updated_at, updated_by) 
    values
        (?, ?, ?, ?, ?, ?, ?, ?, ?, ?, ?, ?, ?, ?, ?, ?, ?, ?, ?, ?, ?, ?)
2026-01-13 13:29:37 [http-nio-8989-exec-4] DEBUG org.hibernate.SQL - 
    insert 
    into
        loan_repayments
        (created_at, created_by, due_amount, due_date, grace_period_end_date, installment_number, interest_amount, late_payment_fee, loan_id, paid_amount, payment_date, payment_mode, payment_reference, penalty_rate, principal_amount, remaining_principal, remarks, status, total_outstanding, transaction_id, updated_at, updated_by) 
    values
        (?, ?, ?, ?, ?, ?, ?, ?, ?, ?, ?, ?, ?, ?, ?, ?, ?, ?, ?, ?, ?, ?)
2026-01-13 13:29:37 [http-nio-8989-exec-4] DEBUG org.hibernate.SQL - 
    insert 
    into
        loan_repayments
        (created_at, created_by, due_amount, due_date, grace_period_end_date, installment_number, interest_amount, late_payment_fee, loan_id, paid_amount, payment_date, payment_mode, payment_reference, penalty_rate, principal_amount, remaining_principal, remarks, status, total_outstanding, transaction_id, updated_at, updated_by) 
    values
        (?, ?, ?, ?, ?, ?, ?, ?, ?, ?, ?, ?, ?, ?, ?, ?, ?, ?, ?, ?, ?, ?)
2026-01-13 13:29:37 [http-nio-8989-exec-4] DEBUG org.hibernate.SQL - 
    update
        accounts 
    set
        account_number=?,
        account_type=?,
        balance=?,
        created_at=?,
        interest_rate=?,
        last_transaction_at=?,
        minimum_balance=?,
        status=?,
        user_id=? 
    where
        id=?
2026-01-13 13:29:37 [http-nio-8989-exec-4] DEBUG org.hibernate.SQL - 
    update
        loans 
    set
        applied_date=?,
        approved_by=?,
        approved_date=?,
        disbursement_date=?,
        emi_amount=?,
        interest_rate=?,
        account_id=?,
        loan_account_number=?,
        loan_type=?,
        maturity_date=?,
        principal_amount=?,
        status=?,
        tenure_months=?,
        total_amount=?,
        user_id=? 
    where
        id=?
2026-01-13 13:29:37 [http-nio-8989-exec-4] DEBUG o.s.w.s.m.m.a.HttpEntityMethodProcessor - Using 'application/json', given [*/*] and supported [application/json, application/*+json]
2026-01-13 13:29:37 [http-nio-8989-exec-4] DEBUG o.s.w.s.m.m.a.HttpEntityMethodProcessor - Writing [com.app.bank.web.dto.LoanResponse@3c5f9166]
2026-01-13 13:29:37 [http-nio-8989-exec-4] DEBUG o.s.web.servlet.DispatcherServlet - Completed 200 OK
2026-01-13 13:49:57 [HikariPool-1:housekeeper] WARN  com.zaxxer.hikari.pool.HikariPool - HikariPool-1 - Thread starvation or clock leap detected (housekeeper delta=10m2s417ms600ns).
2026-01-13 14:03:23 [HikariPool-1:housekeeper] WARN  com.zaxxer.hikari.pool.HikariPool - HikariPool-1 - Thread starvation or clock leap detected (housekeeper delta=13m25s762ms840µs800ns).
2026-01-13 14:11:05 [RMI TCP Connection(33)-127.0.0.1] INFO  o.s.b.a.SpringApplicationAdminMXBeanRegistrar$SpringApplicationAdmin - Application shutdown requested.
2026-01-13 14:11:05 [RMI TCP Connection(33)-127.0.0.1] INFO  o.s.b.w.e.tomcat.GracefulShutdown - Commencing graceful shutdown. Waiting for active requests to complete
2026-01-13 14:11:05 [tomcat-shutdown] INFO  o.a.coyote.http11.Http11NioProtocol - Pausing ProtocolHandler ["http-nio-8989"]
2026-01-13 14:11:05 [tomcat-shutdown] INFO  o.s.b.w.e.tomcat.GracefulShutdown - Graceful shutdown complete
2026-01-13 14:11:05 [RMI TCP Connection(33)-127.0.0.1] INFO  o.a.coyote.http11.Http11NioProtocol - Stopping ProtocolHandler ["http-nio-8989"]
2026-01-13 14:11:05 [RMI TCP Connection(33)-127.0.0.1] INFO  o.s.o.j.LocalContainerEntityManagerFactoryBean - Closing JPA EntityManagerFactory for persistence unit 'default'
2026-01-13 14:11:05 [RMI TCP Connection(33)-127.0.0.1] INFO  com.zaxxer.hikari.HikariDataSource - HikariPool-1 - Shutdown initiated...
2026-01-13 14:11:05 [RMI TCP Connection(33)-127.0.0.1] INFO  com.zaxxer.hikari.HikariDataSource - HikariPool-1 - Shutdown completed.
2026-01-13 14:32:02 [background-preinit] INFO  o.h.validator.internal.util.Version - HV000001: Hibernate Validator 8.0.3.Final
2026-01-13 14:32:02 [restartedMain] INFO  c.app.bank.web.ZplusbankApplication - Starting ZplusbankApplication using Java 17.0.10 with PID 39560 (C:\Users\91790\Documents\workspace-spring-tools-for-eclipse-5.0.0.RELEASE\zplusbank\target\classes started by 91790 in C:\Users\91790\Documents\workspace-spring-tools-for-eclipse-5.0.0.RELEASE\zplusbank)
2026-01-13 14:32:02 [restartedMain] INFO  c.app.bank.web.ZplusbankApplication - No active profile set, falling back to 1 default profile: "default"
2026-01-13 14:32:02 [restartedMain] INFO  o.s.b.d.restart.ChangeableUrls - The Class-Path manifest attribute in C:\Users\91790\.m2\repository\org\glassfish\jaxb\jaxb-runtime\2.3.1\jaxb-runtime-2.3.1.jar referenced one or more files that do not exist: file:/C:/Users/91790/.m2/repository/org/glassfish/jaxb/jaxb-runtime/2.3.1/jaxb-api-2.3.1.jar,file:/C:/Users/91790/.m2/repository/org/glassfish/jaxb/jaxb-runtime/2.3.1/txw2-2.3.1.jar,file:/C:/Users/91790/.m2/repository/org/glassfish/jaxb/jaxb-runtime/2.3.1/istack-commons-runtime-3.0.7.jar,file:/C:/Users/91790/.m2/repository/org/glassfish/jaxb/jaxb-runtime/2.3.1/stax-ex-1.8.jar,file:/C:/Users/91790/.m2/repository/org/glassfish/jaxb/jaxb-runtime/2.3.1/FastInfoset-1.2.15.jar,file:/C:/Users/91790/.m2/repository/org/glassfish/jaxb/jaxb-runtime/2.3.1/javax.activation-api-1.2.0.jar
2026-01-13 14:32:02 [restartedMain] INFO  o.s.b.d.e.DevToolsPropertyDefaultsPostProcessor - Devtools property defaults active! Set 'spring.devtools.add-properties' to 'false' to disable
2026-01-13 14:32:02 [restartedMain] INFO  o.s.b.d.e.DevToolsPropertyDefaultsPostProcessor - For additional web related logging consider setting the 'logging.level.web' property to 'DEBUG'
2026-01-13 14:32:03 [restartedMain] INFO  o.s.d.r.c.RepositoryConfigurationDelegate - Bootstrapping Spring Data JPA repositories in DEFAULT mode.
2026-01-13 14:32:03 [restartedMain] INFO  o.s.d.r.c.RepositoryConfigurationDelegate - Finished Spring Data repository scanning in 67 ms. Found 5 JPA repository interfaces.
2026-01-13 14:32:03 [restartedMain] INFO  o.s.b.w.e.tomcat.TomcatWebServer - Tomcat initialized with port 8989 (http)
2026-01-13 14:32:03 [restartedMain] INFO  o.a.coyote.http11.Http11NioProtocol - Initializing ProtocolHandler ["http-nio-8989"]
2026-01-13 14:32:03 [restartedMain] INFO  o.a.catalina.core.StandardService - Starting service [Tomcat]
2026-01-13 14:32:03 [restartedMain] INFO  o.a.catalina.core.StandardEngine - Starting Servlet engine: [Apache Tomcat/10.1.50]
2026-01-13 14:32:03 [restartedMain] INFO  o.a.c.c.C.[Tomcat].[localhost].[/] - Initializing Spring embedded WebApplicationContext
2026-01-13 14:32:03 [restartedMain] INFO  o.s.b.w.s.c.ServletWebServerApplicationContext - Root WebApplicationContext: initialization completed in 1703 ms
2026-01-13 14:32:04 [restartedMain] INFO  o.h.jpa.internal.util.LogHelper - HHH000204: Processing PersistenceUnitInfo [name: default]
2026-01-13 14:32:04 [restartedMain] INFO  org.hibernate.Version - HHH000412: Hibernate ORM core version 6.6.39.Final
2026-01-13 14:32:04 [restartedMain] INFO  o.h.c.i.RegionFactoryInitiator - HHH000026: Second-level cache disabled
2026-01-13 14:32:04 [restartedMain] INFO  o.s.o.j.p.SpringPersistenceUnitInfo - No LoadTimeWeaver setup: ignoring JPA class transformer
2026-01-13 14:32:04 [restartedMain] INFO  com.zaxxer.hikari.HikariDataSource - HikariPool-1 - Starting...
2026-01-13 14:32:04 [restartedMain] INFO  com.zaxxer.hikari.pool.HikariPool - HikariPool-1 - Added connection com.mysql.cj.jdbc.ConnectionImpl@4914dbea
2026-01-13 14:32:04 [restartedMain] INFO  com.zaxxer.hikari.HikariDataSource - HikariPool-1 - Start completed.
2026-01-13 14:32:04 [restartedMain] WARN  org.hibernate.orm.deprecation - HHH90000025: MySQL8Dialect does not need to be specified explicitly using 'hibernate.dialect' (remove the property setting and it will be selected by default)
2026-01-13 14:32:04 [restartedMain] WARN  org.hibernate.orm.deprecation - HHH90000026: MySQL8Dialect has been deprecated; use org.hibernate.dialect.MySQLDialect instead
2026-01-13 14:32:04 [restartedMain] INFO  o.hibernate.orm.connections.pooling - HHH10001005: Database info:
	Database JDBC URL [Connecting through datasource 'HikariDataSource (HikariPool-1)']
	Database driver: undefined/unknown
	Database version: 8.0
	Autocommit mode: undefined/unknown
	Isolation level: undefined/unknown
	Minimum pool size: undefined/unknown
	Maximum pool size: undefined/unknown
2026-01-13 14:32:05 [restartedMain] INFO  o.h.e.t.j.p.i.JtaPlatformInitiator - HHH000489: No JTA platform available (set 'hibernate.transaction.jta.platform' to enable JTA platform integration)
2026-01-13 14:32:05 [restartedMain] DEBUG org.hibernate.SQL - 
    alter table loan_repayments 
       modify column status enum ('ADVANCED_PAID','DEFAULTED','OVERDUE','PAID','PARTIALLY_PAID','PENDING','WAIVED_OFF') not null
2026-01-13 14:32:05 [restartedMain] INFO  o.s.o.j.LocalContainerEntityManagerFactoryBean - Initialized JPA EntityManagerFactory for persistence unit 'default'
2026-01-13 14:32:06 [restartedMain] DEBUG o.h.s.internal.StatisticsInitiator - Statistics initialized [enabled=false]
2026-01-13 14:32:06 [restartedMain] INFO  o.s.d.j.r.query.QueryEnhancerFactory - Hibernate is in classpath; If applicable, HQL parser will be used.
2026-01-13 14:32:06 [restartedMain] INFO  o.s.s.c.a.a.c.InitializeAuthenticationProviderBeanManagerConfigurer$InitializeAuthenticationProviderManagerConfigurer - Global AuthenticationManager configured with AuthenticationProvider bean with name authenticationProvider
2026-01-13 14:32:06 [restartedMain] WARN  o.s.s.c.a.a.c.InitializeUserDetailsBeanManagerConfigurer$InitializeUserDetailsManagerConfigurer - Global AuthenticationManager configured with an AuthenticationProvider bean. UserDetailsService beans will not be used by Spring Security for automatically configuring username/password login. Consider removing the AuthenticationProvider bean. Alternatively, consider using the UserDetailsService in a manually instantiated DaoAuthenticationProvider. If the current configuration is intentional, to turn off this warning, increase the logging level of 'org.springframework.security.config.annotation.authentication.configuration.InitializeUserDetailsBeanManagerConfigurer' to ERROR
2026-01-13 14:32:07 [restartedMain] DEBUG o.s.w.s.m.m.a.RequestMappingHandlerMapping - 26 mappings in 'requestMappingHandlerMapping'
2026-01-13 14:32:07 [restartedMain] DEBUG o.s.w.s.h.SimpleUrlHandlerMapping - Patterns [/webjars/**, /**] in 'resourceHandlerMapping'
2026-01-13 14:32:07 [restartedMain] DEBUG o.s.s.web.DefaultSecurityFilterChain - Will secure any request with filters: DisableEncodeUrlFilter, WebAsyncManagerIntegrationFilter, SecurityContextHolderFilter, HeaderWriterFilter, CorsFilter, LogoutFilter, JwtAuthenticationFilter, RequestCacheAwareFilter, SecurityContextHolderAwareRequestFilter, AnonymousAuthenticationFilter, SessionManagementFilter, ExceptionTranslationFilter, AuthorizationFilter
2026-01-13 14:32:07 [restartedMain] DEBUG o.s.w.s.m.m.a.RequestMappingHandlerAdapter - ControllerAdvice beans: 0 @ModelAttribute, 0 @InitBinder, 1 RequestBodyAdvice, 1 ResponseBodyAdvice
2026-01-13 14:32:07 [restartedMain] WARN  o.s.b.a.t.ThymeleafAutoConfiguration$DefaultTemplateResolverConfiguration - Cannot find template location: classpath:/templates/emails/ (please add some templates, check your Thymeleaf configuration, or set spring.thymeleaf.check-template-location=false)
2026-01-13 14:32:07 [restartedMain] DEBUG o.s.w.s.m.m.a.ExceptionHandlerExceptionResolver - ControllerAdvice beans: 0 @ExceptionHandler, 1 ResponseBodyAdvice
2026-01-13 14:32:08 [restartedMain] INFO  o.s.b.d.a.OptionalLiveReloadServer - LiveReload server is running on port 35729
2026-01-13 14:32:08 [restartedMain] INFO  o.a.coyote.http11.Http11NioProtocol - Starting ProtocolHandler ["http-nio-8989"]
2026-01-13 14:32:08 [restartedMain] INFO  o.s.b.w.e.tomcat.TomcatWebServer - Tomcat started on port 8989 (http) with context path '/'
2026-01-13 14:32:08 [restartedMain] INFO  c.app.bank.web.ZplusbankApplication - Started ZplusbankApplication in 6.731 seconds (process running for 7.394)
2026-01-13 14:33:11 [http-nio-8989-exec-2] INFO  o.a.c.c.C.[Tomcat].[localhost].[/] - Initializing Spring DispatcherServlet 'dispatcherServlet'
2026-01-13 14:33:11 [http-nio-8989-exec-2] INFO  o.s.web.servlet.DispatcherServlet - Initializing Servlet 'dispatcherServlet'
2026-01-13 14:33:11 [http-nio-8989-exec-2] DEBUG o.s.web.servlet.DispatcherServlet - Detected StandardServletMultipartResolver
2026-01-13 14:33:11 [http-nio-8989-exec-2] DEBUG o.s.web.servlet.DispatcherServlet - Detected AcceptHeaderLocaleResolver
2026-01-13 14:33:11 [http-nio-8989-exec-2] DEBUG o.s.web.servlet.DispatcherServlet - Detected FixedThemeResolver
2026-01-13 14:33:11 [http-nio-8989-exec-2] DEBUG o.s.web.servlet.DispatcherServlet - Detected org.springframework.web.servlet.view.DefaultRequestToViewNameTranslator@2e52e9d6
2026-01-13 14:33:11 [http-nio-8989-exec-2] DEBUG o.s.web.servlet.DispatcherServlet - Detected org.springframework.web.servlet.support.SessionFlashMapManager@6aa90f64
2026-01-13 14:33:11 [http-nio-8989-exec-2] DEBUG o.s.web.servlet.DispatcherServlet - enableLoggingRequestDetails='false': request parameters and headers will be masked to prevent unsafe logging of potentially sensitive data
2026-01-13 14:33:11 [http-nio-8989-exec-2] INFO  o.s.web.servlet.DispatcherServlet - Completed initialization in 0 ms
2026-01-13 14:33:11 [http-nio-8989-exec-2] DEBUG o.s.security.web.FilterChainProxy - Securing GET /api/v1/auth/my-loans
2026-01-13 14:33:11 [http-nio-8989-exec-2] DEBUG org.hibernate.SQL - 
    select
        u1_0.id,
        u1_0.aadhar_number,
        u1_0.address,
        u1_0.created_at,
        u1_0.email,
        u1_0.failed_login_attempts,
        u1_0.first_name,
        u1_0.last_login_at,
        u1_0.last_name,
        u1_0.monthly_income,
        u1_0.pan_number,
        u1_0.password,
        u1_0.phone,
        u1_0.role,
        u1_0.status,
        u1_0.username 
    from
        users u1_0 
    where
        u1_0.username=?
2026-01-13 14:33:11 [http-nio-8989-exec-2] DEBUG o.s.security.web.FilterChainProxy - Secured GET /api/v1/auth/my-loans
2026-01-13 14:33:11 [http-nio-8989-exec-2] DEBUG o.s.web.servlet.DispatcherServlet - GET "/api/v1/auth/my-loans", parameters={}
2026-01-13 14:33:11 [http-nio-8989-exec-2] DEBUG o.s.w.s.m.m.a.RequestMappingHandlerMapping - Mapped to com.app.bank.web.controller.LoanController#getMyLoans(Authentication)
2026-01-13 14:33:11 [http-nio-8989-exec-2] DEBUG org.hibernate.SQL - 
    select
        u1_0.id,
        u1_0.aadhar_number,
        u1_0.address,
        u1_0.created_at,
        u1_0.email,
        u1_0.failed_login_attempts,
        u1_0.first_name,
        u1_0.last_login_at,
        u1_0.last_name,
        u1_0.monthly_income,
        u1_0.pan_number,
        u1_0.password,
        u1_0.phone,
        u1_0.role,
        u1_0.status,
        u1_0.username 
    from
        users u1_0 
    where
        u1_0.username=?
2026-01-13 14:33:11 [http-nio-8989-exec-2] DEBUG org.hibernate.SQL - 
    select
        l1_0.id,
        l1_0.applied_date,
        l1_0.approved_by,
        l1_0.approved_date,
        l1_0.disbursement_date,
        l1_0.emi_amount,
        l1_0.interest_rate,
        l1_0.account_id,
        l1_0.loan_account_number,
        l1_0.loan_type,
        l1_0.maturity_date,
        l1_0.principal_amount,
        l1_0.status,
        l1_0.tenure_months,
        l1_0.total_amount,
        l1_0.user_id 
    from
        loans l1_0 
    left join
        users u1_0 
            on u1_0.id=l1_0.user_id 
    where
        u1_0.id=?
2026-01-13 14:33:11 [http-nio-8989-exec-2] DEBUG org.hibernate.SQL - 
    select
        a1_0.id,
        a1_0.account_number,
        a1_0.account_type,
        a1_0.balance,
        a1_0.created_at,
        a1_0.interest_rate,
        a1_0.last_transaction_at,
        a1_0.minimum_balance,
        a1_0.status,
        a1_0.user_id,
        u1_0.id,
        u1_0.aadhar_number,
        u1_0.address,
        u1_0.created_at,
        u1_0.email,
        u1_0.failed_login_attempts,
        u1_0.first_name,
        u1_0.last_login_at,
        u1_0.last_name,
        u1_0.monthly_income,
        u1_0.pan_number,
        u1_0.password,
        u1_0.phone,
        u1_0.role,
        u1_0.status,
        u1_0.username 
    from
        accounts a1_0 
    join
        users u1_0 
            on u1_0.id=a1_0.user_id 
    where
        a1_0.id=?
2026-01-13 14:33:11 [http-nio-8989-exec-2] DEBUG o.s.w.s.m.m.a.HttpEntityMethodProcessor - Using 'application/json', given [*/*] and supported [application/json, application/*+json]
2026-01-13 14:33:11 [http-nio-8989-exec-2] DEBUG o.s.w.s.m.m.a.HttpEntityMethodProcessor - Writing [[com.app.bank.web.dto.LoanResponse@1af0b685, com.app.bank.web.dto.LoanResponse@56895a8a]]
2026-01-13 14:33:11 [http-nio-8989-exec-2] DEBUG o.s.web.servlet.DispatcherServlet - Completed 200 OK
2026-01-13 14:34:49 [http-nio-8989-exec-4] DEBUG o.s.security.web.FilterChainProxy - Securing GET /api/v1/auth/repayments/schedule/7
2026-01-13 14:34:49 [http-nio-8989-exec-4] DEBUG org.hibernate.SQL - 
    select
        u1_0.id,
        u1_0.aadhar_number,
        u1_0.address,
        u1_0.created_at,
        u1_0.email,
        u1_0.failed_login_attempts,
        u1_0.first_name,
        u1_0.last_login_at,
        u1_0.last_name,
        u1_0.monthly_income,
        u1_0.pan_number,
        u1_0.password,
        u1_0.phone,
        u1_0.role,
        u1_0.status,
        u1_0.username 
    from
        users u1_0 
    where
        u1_0.username=?
2026-01-13 14:34:49 [http-nio-8989-exec-4] DEBUG o.s.security.web.FilterChainProxy - Secured GET /api/v1/auth/repayments/schedule/7
2026-01-13 14:34:49 [http-nio-8989-exec-4] DEBUG o.s.web.servlet.DispatcherServlet - GET "/api/v1/auth/repayments/schedule/7", parameters={}
2026-01-13 14:34:49 [http-nio-8989-exec-4] DEBUG o.s.w.s.m.m.a.RequestMappingHandlerMapping - Mapped to com.app.bank.web.controller.LoanRepaymentController#getSchedule(Long)
2026-01-13 14:34:49 [http-nio-8989-exec-4] DEBUG org.hibernate.SQL - 
    select
        lr1_0.id,
        lr1_0.created_at,
        lr1_0.created_by,
        lr1_0.due_amount,
        lr1_0.due_date,
        lr1_0.grace_period_end_date,
        lr1_0.installment_number,
        lr1_0.interest_amount,
        lr1_0.late_payment_fee,
        lr1_0.loan_id,
        lr1_0.paid_amount,
        lr1_0.payment_date,
        lr1_0.payment_mode,
        lr1_0.payment_reference,
        lr1_0.penalty_rate,
        lr1_0.principal_amount,
        lr1_0.remaining_principal,
        lr1_0.remarks,
        lr1_0.status,
        lr1_0.total_outstanding,
        lr1_0.transaction_id,
        lr1_0.updated_at,
        lr1_0.updated_by 
    from
        loan_repayments lr1_0 
    left join
        loans l1_0 
            on l1_0.id=lr1_0.loan_id 
    where
        l1_0.id=?
2026-01-13 14:34:50 [http-nio-8989-exec-4] DEBUG o.s.w.s.m.m.a.HttpEntityMethodProcessor - Using 'application/json', given [*/*] and supported [application/json, application/*+json]
2026-01-13 14:34:50 [http-nio-8989-exec-4] DEBUG o.s.w.s.m.m.a.HttpEntityMethodProcessor - Writing [[com.app.bank.web.model.LoanRepayment@794f9417, com.app.bank.web.model.LoanRepayment@40631b9d, com.a (truncated)...]
2026-01-13 14:34:50 [http-nio-8989-exec-4] DEBUG o.s.web.servlet.DispatcherServlet - Completed 200 OK
2026-01-13 14:36:04 [http-nio-8989-exec-8] DEBUG o.s.security.web.FilterChainProxy - Securing GET /api/v1/auth/repayments/schedule/7
2026-01-13 14:36:04 [http-nio-8989-exec-8] DEBUG org.hibernate.SQL - 
    select
        u1_0.id,
        u1_0.aadhar_number,
        u1_0.address,
        u1_0.created_at,
        u1_0.email,
        u1_0.failed_login_attempts,
        u1_0.first_name,
        u1_0.last_login_at,
        u1_0.last_name,
        u1_0.monthly_income,
        u1_0.pan_number,
        u1_0.password,
        u1_0.phone,
        u1_0.role,
        u1_0.status,
        u1_0.username 
    from
        users u1_0 
    where
        u1_0.username=?
2026-01-13 14:36:04 [http-nio-8989-exec-8] DEBUG o.s.security.web.FilterChainProxy - Secured GET /api/v1/auth/repayments/schedule/7
2026-01-13 14:36:04 [http-nio-8989-exec-8] DEBUG o.s.web.servlet.DispatcherServlet - GET "/api/v1/auth/repayments/schedule/7", parameters={}
2026-01-13 14:36:04 [http-nio-8989-exec-8] DEBUG o.s.w.s.m.m.a.RequestMappingHandlerMapping - Mapped to com.app.bank.web.controller.LoanRepaymentController#getSchedule(Long)
2026-01-13 14:36:04 [http-nio-8989-exec-8] DEBUG org.hibernate.SQL - 
    select
        lr1_0.id,
        lr1_0.created_at,
        lr1_0.created_by,
        lr1_0.due_amount,
        lr1_0.due_date,
        lr1_0.grace_period_end_date,
        lr1_0.installment_number,
        lr1_0.interest_amount,
        lr1_0.late_payment_fee,
        lr1_0.loan_id,
        lr1_0.paid_amount,
        lr1_0.payment_date,
        lr1_0.payment_mode,
        lr1_0.payment_reference,
        lr1_0.penalty_rate,
        lr1_0.principal_amount,
        lr1_0.remaining_principal,
        lr1_0.remarks,
        lr1_0.status,
        lr1_0.total_outstanding,
        lr1_0.transaction_id,
        lr1_0.updated_at,
        lr1_0.updated_by 
    from
        loan_repayments lr1_0 
    left join
        loans l1_0 
            on l1_0.id=lr1_0.loan_id 
    where
        l1_0.id=?
2026-01-13 14:36:04 [http-nio-8989-exec-8] DEBUG o.s.w.s.m.m.a.HttpEntityMethodProcessor - Using 'application/json', given [*/*] and supported [application/json, application/*+json]
2026-01-13 14:36:04 [http-nio-8989-exec-8] DEBUG o.s.w.s.m.m.a.HttpEntityMethodProcessor - Writing [[com.app.bank.web.model.LoanRepayment@10c77dad, com.app.bank.web.model.LoanRepayment@4dbf4d23, com.a (truncated)...]
2026-01-13 14:36:04 [http-nio-8989-exec-8] DEBUG o.s.web.servlet.DispatcherServlet - Completed 200 OK
2026-01-13 14:36:58 [http-nio-8989-exec-9] DEBUG o.s.security.web.FilterChainProxy - Securing POST /api/v1/auth/login
2026-01-13 14:36:58 [http-nio-8989-exec-9] DEBUG o.s.s.w.a.AnonymousAuthenticationFilter - Set SecurityContextHolder to anonymous SecurityContext
2026-01-13 14:36:58 [http-nio-8989-exec-9] DEBUG o.s.security.web.FilterChainProxy - Secured POST /api/v1/auth/login
2026-01-13 14:36:58 [http-nio-8989-exec-9] DEBUG o.s.web.servlet.DispatcherServlet - POST "/api/v1/auth/login", parameters={}
2026-01-13 14:36:58 [http-nio-8989-exec-9] DEBUG o.s.w.s.m.m.a.RequestMappingHandlerMapping - Mapped to com.app.bank.web.controller.AuthController#loginUser(LoginRequest)
2026-01-13 14:36:58 [http-nio-8989-exec-9] DEBUG o.s.w.s.m.m.a.RequestResponseBodyMethodProcessor - Read "application/json;charset=UTF-8" to [com.app.bank.web.dto.LoginRequest@52a48e99]
2026-01-13 14:36:59 [http-nio-8989-exec-9] DEBUG org.hibernate.SQL - 
    select
        u1_0.id,
        u1_0.aadhar_number,
        u1_0.address,
        u1_0.created_at,
        u1_0.email,
        u1_0.failed_login_attempts,
        u1_0.first_name,
        u1_0.last_login_at,
        u1_0.last_name,
        u1_0.monthly_income,
        u1_0.pan_number,
        u1_0.password,
        u1_0.phone,
        u1_0.role,
        u1_0.status,
        u1_0.username 
    from
        users u1_0 
    where
        u1_0.username=?
2026-01-13 14:37:01 [http-nio-8989-exec-9] DEBUG o.s.s.a.d.DaoAuthenticationProvider - Authenticated user
2026-01-13 14:37:01 [http-nio-8989-exec-9] DEBUG o.s.w.s.m.m.a.HttpEntityMethodProcessor - Using 'application/json', given [*/*] and supported [application/json, application/*+json]
2026-01-13 14:37:01 [http-nio-8989-exec-9] DEBUG o.s.w.s.m.m.a.HttpEntityMethodProcessor - Writing [{tokenType=Bearer, token=eyJhbGciOiJIUzUxMiJ9.eyJzdWIiOiJ3YWhpZDY3IiwiY3JlYXRlZCI6MTc2ODI5NTIyMTAyMy (truncated)...]
2026-01-13 14:37:01 [http-nio-8989-exec-9] DEBUG o.s.web.servlet.DispatcherServlet - Completed 200 OK
2026-01-13 14:37:20 [http-nio-8989-exec-10] DEBUG o.s.security.web.FilterChainProxy - Securing GET /api/v1/auth/my-loans
2026-01-13 14:37:20 [http-nio-8989-exec-10] DEBUG org.hibernate.SQL - 
    select
        u1_0.id,
        u1_0.aadhar_number,
        u1_0.address,
        u1_0.created_at,
        u1_0.email,
        u1_0.failed_login_attempts,
        u1_0.first_name,
        u1_0.last_login_at,
        u1_0.last_name,
        u1_0.monthly_income,
        u1_0.pan_number,
        u1_0.password,
        u1_0.phone,
        u1_0.role,
        u1_0.status,
        u1_0.username 
    from
        users u1_0 
    where
        u1_0.username=?
2026-01-13 14:37:20 [http-nio-8989-exec-10] DEBUG o.s.security.web.FilterChainProxy - Secured GET /api/v1/auth/my-loans
2026-01-13 14:37:20 [http-nio-8989-exec-10] DEBUG o.s.web.servlet.DispatcherServlet - GET "/api/v1/auth/my-loans", parameters={}
2026-01-13 14:37:20 [http-nio-8989-exec-10] DEBUG o.s.w.s.m.m.a.RequestMappingHandlerMapping - Mapped to com.app.bank.web.controller.LoanController#getMyLoans(Authentication)
2026-01-13 14:37:20 [http-nio-8989-exec-10] DEBUG org.hibernate.SQL - 
    select
        u1_0.id,
        u1_0.aadhar_number,
        u1_0.address,
        u1_0.created_at,
        u1_0.email,
        u1_0.failed_login_attempts,
        u1_0.first_name,
        u1_0.last_login_at,
        u1_0.last_name,
        u1_0.monthly_income,
        u1_0.pan_number,
        u1_0.password,
        u1_0.phone,
        u1_0.role,
        u1_0.status,
        u1_0.username 
    from
        users u1_0 
    where
        u1_0.username=?
2026-01-13 14:37:20 [http-nio-8989-exec-10] DEBUG org.hibernate.SQL - 
    select
        l1_0.id,
        l1_0.applied_date,
        l1_0.approved_by,
        l1_0.approved_date,
        l1_0.disbursement_date,
        l1_0.emi_amount,
        l1_0.interest_rate,
        l1_0.account_id,
        l1_0.loan_account_number,
        l1_0.loan_type,
        l1_0.maturity_date,
        l1_0.principal_amount,
        l1_0.status,
        l1_0.tenure_months,
        l1_0.total_amount,
        l1_0.user_id 
    from
        loans l1_0 
    left join
        users u1_0 
            on u1_0.id=l1_0.user_id 
    where
        u1_0.id=?
2026-01-13 14:37:20 [http-nio-8989-exec-10] DEBUG org.hibernate.SQL - 
    select
        a1_0.id,
        a1_0.account_number,
        a1_0.account_type,
        a1_0.balance,
        a1_0.created_at,
        a1_0.interest_rate,
        a1_0.last_transaction_at,
        a1_0.minimum_balance,
        a1_0.status,
        a1_0.user_id,
        u1_0.id,
        u1_0.aadhar_number,
        u1_0.address,
        u1_0.created_at,
        u1_0.email,
        u1_0.failed_login_attempts,
        u1_0.first_name,
        u1_0.last_login_at,
        u1_0.last_name,
        u1_0.monthly_income,
        u1_0.pan_number,
        u1_0.password,
        u1_0.phone,
        u1_0.role,
        u1_0.status,
        u1_0.username 
    from
        accounts a1_0 
    join
        users u1_0 
            on u1_0.id=a1_0.user_id 
    where
        a1_0.id=?
2026-01-13 14:37:20 [http-nio-8989-exec-10] DEBUG o.s.w.s.m.m.a.HttpEntityMethodProcessor - Using 'application/json', given [*/*] and supported [application/json, application/*+json]
2026-01-13 14:37:20 [http-nio-8989-exec-10] DEBUG o.s.w.s.m.m.a.HttpEntityMethodProcessor - Writing [[com.app.bank.web.dto.LoanResponse@3fa12d5, com.app.bank.web.dto.LoanResponse@65a571e5]]
2026-01-13 14:37:20 [http-nio-8989-exec-10] DEBUG o.s.web.servlet.DispatcherServlet - Completed 200 OK
2026-01-13 14:37:57 [http-nio-8989-exec-5] DEBUG o.s.security.web.FilterChainProxy - Securing GET /api/v1/auth/repayments/schedule/8
2026-01-13 14:37:57 [http-nio-8989-exec-5] DEBUG org.hibernate.SQL - 
    select
        u1_0.id,
        u1_0.aadhar_number,
        u1_0.address,
        u1_0.created_at,
        u1_0.email,
        u1_0.failed_login_attempts,
        u1_0.first_name,
        u1_0.last_login_at,
        u1_0.last_name,
        u1_0.monthly_income,
        u1_0.pan_number,
        u1_0.password,
        u1_0.phone,
        u1_0.role,
        u1_0.status,
        u1_0.username 
    from
        users u1_0 
    where
        u1_0.username=?
2026-01-13 14:37:57 [http-nio-8989-exec-5] DEBUG o.s.security.web.FilterChainProxy - Secured GET /api/v1/auth/repayments/schedule/8
2026-01-13 14:37:57 [http-nio-8989-exec-5] DEBUG o.s.web.servlet.DispatcherServlet - GET "/api/v1/auth/repayments/schedule/8", parameters={}
2026-01-13 14:37:57 [http-nio-8989-exec-5] DEBUG o.s.w.s.m.m.a.RequestMappingHandlerMapping - Mapped to com.app.bank.web.controller.LoanRepaymentController#getSchedule(Long)
2026-01-13 14:37:57 [http-nio-8989-exec-5] DEBUG org.hibernate.SQL - 
    select
        lr1_0.id,
        lr1_0.created_at,
        lr1_0.created_by,
        lr1_0.due_amount,
        lr1_0.due_date,
        lr1_0.grace_period_end_date,
        lr1_0.installment_number,
        lr1_0.interest_amount,
        lr1_0.late_payment_fee,
        lr1_0.loan_id,
        lr1_0.paid_amount,
        lr1_0.payment_date,
        lr1_0.payment_mode,
        lr1_0.payment_reference,
        lr1_0.penalty_rate,
        lr1_0.principal_amount,
        lr1_0.remaining_principal,
        lr1_0.remarks,
        lr1_0.status,
        lr1_0.total_outstanding,
        lr1_0.transaction_id,
        lr1_0.updated_at,
        lr1_0.updated_by 
    from
        loan_repayments lr1_0 
    left join
        loans l1_0 
            on l1_0.id=lr1_0.loan_id 
    where
        l1_0.id=?
2026-01-13 14:37:57 [http-nio-8989-exec-5] DEBUG o.s.w.s.m.m.a.HttpEntityMethodProcessor - Using 'application/json', given [*/*] and supported [application/json, application/*+json]
2026-01-13 14:37:57 [http-nio-8989-exec-5] DEBUG o.s.w.s.m.m.a.HttpEntityMethodProcessor - Writing [[com.app.bank.web.model.LoanRepayment@1e5aafca, com.app.bank.web.model.LoanRepayment@b031704, com.ap (truncated)...]
2026-01-13 14:37:57 [http-nio-8989-exec-5] DEBUG o.s.web.servlet.DispatcherServlet - Completed 200 OK
2026-01-13 14:39:36 [http-nio-8989-exec-3] DEBUG o.s.security.web.FilterChainProxy - Securing POST /api/v1/auth/repayments/pay-emi/8?amount=612.50
2026-01-13 14:39:36 [http-nio-8989-exec-3] DEBUG org.hibernate.SQL - 
    select
        u1_0.id,
        u1_0.aadhar_number,
        u1_0.address,
        u1_0.created_at,
        u1_0.email,
        u1_0.failed_login_attempts,
        u1_0.first_name,
        u1_0.last_login_at,
        u1_0.last_name,
        u1_0.monthly_income,
        u1_0.pan_number,
        u1_0.password,
        u1_0.phone,
        u1_0.role,
        u1_0.status,
        u1_0.username 
    from
        users u1_0 
    where
        u1_0.username=?
2026-01-13 14:39:36 [http-nio-8989-exec-3] DEBUG o.s.security.web.FilterChainProxy - Secured POST /api/v1/auth/repayments/pay-emi/8?amount=612.50
2026-01-13 14:39:36 [http-nio-8989-exec-3] DEBUG o.s.web.servlet.DispatcherServlet - POST "/api/v1/auth/repayments/pay-emi/8?amount=612.50", parameters={masked}
2026-01-13 14:39:36 [http-nio-8989-exec-3] DEBUG o.s.w.s.m.m.a.RequestMappingHandlerMapping - Mapped to com.app.bank.web.controller.LoanRepaymentController#payEmi(Long, BigDecimal, Authentication)
2026-01-13 14:39:36 [http-nio-8989-exec-3] DEBUG org.hibernate.SQL - 
    select
        l1_0.id,
        l1_0.applied_date,
        l1_0.approved_by,
        l1_0.approved_date,
        l1_0.disbursement_date,
        l1_0.emi_amount,
        l1_0.interest_rate,
        l1_0.account_id,
        la1_0.id,
        la1_0.account_number,
        la1_0.account_type,
        la1_0.balance,
        la1_0.created_at,
        la1_0.interest_rate,
        la1_0.last_transaction_at,
        la1_0.minimum_balance,
        la1_0.status,
        la1_0.user_id,
        u1_0.id,
        u1_0.aadhar_number,
        u1_0.address,
        u1_0.created_at,
        u1_0.email,
        u1_0.failed_login_attempts,
        u1_0.first_name,
        u1_0.last_login_at,
        u1_0.last_name,
        u1_0.monthly_income,
        u1_0.pan_number,
        u1_0.password,
        u1_0.phone,
        u1_0.role,
        u1_0.status,
        u1_0.username,
        l1_0.loan_account_number,
        l1_0.loan_type,
        l1_0.maturity_date,
        l1_0.principal_amount,
        l1_0.status,
        l1_0.tenure_months,
        l1_0.total_amount,
        l1_0.user_id,
        u2_0.id,
        u2_0.aadhar_number,
        u2_0.address,
        u2_0.created_at,
        u2_0.email,
        u2_0.failed_login_attempts,
        u2_0.first_name,
        u2_0.last_login_at,
        u2_0.last_name,
        u2_0.monthly_income,
        u2_0.pan_number,
        u2_0.password,
        u2_0.phone,
        u2_0.role,
        u2_0.status,
        u2_0.username 
    from
        loans l1_0 
    join
        accounts la1_0 
            on la1_0.id=l1_0.account_id 
    join
        users u1_0 
            on u1_0.id=la1_0.user_id 
    join
        users u2_0 
            on u2_0.id=l1_0.user_id 
    where
        l1_0.id=?
2026-01-13 14:39:36 [http-nio-8989-exec-3] DEBUG org.hibernate.SQL - 
    select
        u1_0.id,
        u1_0.aadhar_number,
        u1_0.address,
        u1_0.created_at,
        u1_0.email,
        u1_0.failed_login_attempts,
        u1_0.first_name,
        u1_0.last_login_at,
        u1_0.last_name,
        u1_0.monthly_income,
        u1_0.pan_number,
        u1_0.password,
        u1_0.phone,
        u1_0.role,
        u1_0.status,
        u1_0.username 
    from
        users u1_0 
    where
        u1_0.username=?
2026-01-13 14:39:36 [http-nio-8989-exec-3] DEBUG org.hibernate.SQL - 
    SELECT
        * 
    FROM
        loan_repayments 
    WHERE
        loan_id = ? 
        AND status = 'PENDING' 
    ORDER BY
        due_date ASC 
    LIMIT
        1
2026-01-13 14:39:36 [http-nio-8989-exec-3] DEBUG o.s.web.servlet.DispatcherServlet - Failed to complete request: com.app.bank.web.exception.BankException: Partial EMI payment not allowed
2026-01-13 14:39:36 [http-nio-8989-exec-3] ERROR o.a.c.c.C.[.[.[.[dispatcherServlet] - Servlet.service() for servlet [dispatcherServlet] in context with path [] threw exception [Request processing failed: com.app.bank.web.exception.BankException: Partial EMI payment not allowed] with root cause
com.app.bank.web.exception.BankException: Partial EMI payment not allowed
	at com.app.bank.web.service.LoanRepaymentService.payEmi(LoanRepaymentService.java:171)
	at java.base/jdk.internal.reflect.NativeMethodAccessorImpl.invoke0(Native Method)
	at java.base/jdk.internal.reflect.NativeMethodAccessorImpl.invoke(NativeMethodAccessorImpl.java:77)
	at java.base/jdk.internal.reflect.DelegatingMethodAccessorImpl.invoke(DelegatingMethodAccessorImpl.java:43)
	at java.base/java.lang.reflect.Method.invoke(Method.java:568)
	at org.springframework.aop.support.AopUtils.invokeJoinpointUsingReflection(AopUtils.java:360)
	at org.springframework.aop.framework.ReflectiveMethodInvocation.invokeJoinpoint(ReflectiveMethodInvocation.java:196)
	at org.springframework.aop.framework.ReflectiveMethodInvocation.proceed(ReflectiveMethodInvocation.java:163)
	at org.springframework.transaction.interceptor.TransactionAspectSupport.invokeWithinTransaction(TransactionAspectSupport.java:380)
	at org.springframework.transaction.interceptor.TransactionInterceptor.invoke(TransactionInterceptor.java:119)
	at org.springframework.aop.framework.ReflectiveMethodInvocation.proceed(ReflectiveMethodInvocation.java:184)
	at org.springframework.aop.framework.CglibAopProxy$DynamicAdvisedInterceptor.intercept(CglibAopProxy.java:728)
	at com.app.bank.web.service.LoanRepaymentService$$SpringCGLIB$$0.payEmi(<generated>)
	at com.app.bank.web.controller.LoanRepaymentController.payEmi(LoanRepaymentController.java:45)
	at java.base/jdk.internal.reflect.NativeMethodAccessorImpl.invoke0(Native Method)
	at java.base/jdk.internal.reflect.NativeMethodAccessorImpl.invoke(NativeMethodAccessorImpl.java:77)
	at java.base/jdk.internal.reflect.DelegatingMethodAccessorImpl.invoke(DelegatingMethodAccessorImpl.java:43)
	at java.base/java.lang.reflect.Method.invoke(Method.java:568)
	at org.springframework.web.method.support.InvocableHandlerMethod.doInvoke(InvocableHandlerMethod.java:258)
	at org.springframework.web.method.support.InvocableHandlerMethod.invokeForRequest(InvocableHandlerMethod.java:191)
	at org.springframework.web.servlet.mvc.method.annotation.ServletInvocableHandlerMethod.invokeAndHandle(ServletInvocableHandlerMethod.java:118)
	at org.springframework.web.servlet.mvc.method.annotation.RequestMappingHandlerAdapter.invokeHandlerMethod(RequestMappingHandlerAdapter.java:991)
	at org.springframework.web.servlet.mvc.method.annotation.RequestMappingHandlerAdapter.handleInternal(RequestMappingHandlerAdapter.java:896)
	at org.springframework.web.servlet.mvc.method.AbstractHandlerMethodAdapter.handle(AbstractHandlerMethodAdapter.java:87)
	at org.springframework.web.servlet.DispatcherServlet.doDispatch(DispatcherServlet.java:1089)
	at org.springframework.web.servlet.DispatcherServlet.doService(DispatcherServlet.java:979)
	at org.springframework.web.servlet.FrameworkServlet.processRequest(FrameworkServlet.java:1014)
	at org.springframework.web.servlet.FrameworkServlet.doPost(FrameworkServlet.java:914)
	at jakarta.servlet.http.HttpServlet.service(HttpServlet.java:590)
	at org.springframework.web.servlet.FrameworkServlet.service(FrameworkServlet.java:885)
	at jakarta.servlet.http.HttpServlet.service(HttpServlet.java:658)
	at org.apache.catalina.core.ApplicationFilterChain.internalDoFilter(ApplicationFilterChain.java:193)
	at org.apache.catalina.core.ApplicationFilterChain.doFilter(ApplicationFilterChain.java:138)
	at org.apache.tomcat.websocket.server.WsFilter.doFilter(WsFilter.java:51)
	at org.apache.catalina.core.ApplicationFilterChain.internalDoFilter(ApplicationFilterChain.java:162)
	at org.apache.catalina.core.ApplicationFilterChain.doFilter(ApplicationFilterChain.java:138)
	at org.springframework.web.filter.OncePerRequestFilter.doFilter(OncePerRequestFilter.java:110)
	at org.apache.catalina.core.ApplicationFilterChain.internalDoFilter(ApplicationFilterChain.java:162)
	at org.apache.catalina.core.ApplicationFilterChain.doFilter(ApplicationFilterChain.java:138)
	at org.springframework.web.filter.CompositeFilter$VirtualFilterChain.doFilter(CompositeFilter.java:108)
	at org.springframework.web.filter.CompositeFilter$VirtualFilterChain.doFilter(CompositeFilter.java:108)
	at org.springframework.security.web.FilterChainProxy.lambda$doFilterInternal$3(FilterChainProxy.java:231)
	at org.springframework.security.web.FilterChainProxy$VirtualFilterChain.doFilter(FilterChainProxy.java:365)
	at org.springframework.security.web.access.intercept.AuthorizationFilter.doFilter(AuthorizationFilter.java:101)
	at org.springframework.security.web.FilterChainProxy$VirtualFilterChain.doFilter(FilterChainProxy.java:374)
	at org.springframework.security.web.access.ExceptionTranslationFilter.doFilter(ExceptionTranslationFilter.java:125)
	at org.springframework.security.web.access.ExceptionTranslationFilter.doFilter(ExceptionTranslationFilter.java:119)
	at org.springframework.security.web.FilterChainProxy$VirtualFilterChain.doFilter(FilterChainProxy.java:374)
	at org.springframework.security.web.session.SessionManagementFilter.doFilter(SessionManagementFilter.java:131)
	at org.springframework.security.web.session.SessionManagementFilter.doFilter(SessionManagementFilter.java:85)
	at org.springframework.security.web.FilterChainProxy$VirtualFilterChain.doFilter(FilterChainProxy.java:374)
	at org.springframework.security.web.authentication.AnonymousAuthenticationFilter.doFilter(AnonymousAuthenticationFilter.java:100)
	at org.springframework.security.web.FilterChainProxy$VirtualFilterChain.doFilter(FilterChainProxy.java:374)
	at org.springframework.security.web.servletapi.SecurityContextHolderAwareRequestFilter.doFilter(SecurityContextHolderAwareRequestFilter.java:179)
	at org.springframework.security.web.FilterChainProxy$VirtualFilterChain.doFilter(FilterChainProxy.java:374)
	at org.springframework.security.web.savedrequest.RequestCacheAwareFilter.doFilter(RequestCacheAwareFilter.java:63)
	at org.springframework.security.web.FilterChainProxy$VirtualFilterChain.doFilter(FilterChainProxy.java:374)
	at com.app.bank.web.security.JwtAuthenticationFilter.doFilterInternal(JwtAuthenticationFilter.java:137)
	at org.springframework.web.filter.OncePerRequestFilter.doFilter(OncePerRequestFilter.java:116)
	at org.springframework.security.web.FilterChainProxy$VirtualFilterChain.doFilter(FilterChainProxy.java:374)
	at org.springframework.security.web.authentication.logout.LogoutFilter.doFilter(LogoutFilter.java:107)
	at org.springframework.security.web.authentication.logout.LogoutFilter.doFilter(LogoutFilter.java:93)
	at org.springframework.security.web.FilterChainProxy$VirtualFilterChain.doFilter(FilterChainProxy.java:374)
	at org.springframework.web.filter.CorsFilter.doFilterInternal(CorsFilter.java:91)
	at org.springframework.web.filter.OncePerRequestFilter.doFilter(OncePerRequestFilter.java:116)
	at org.springframework.security.web.FilterChainProxy$VirtualFilterChain.doFilter(FilterChainProxy.java:374)
	at org.springframework.security.web.header.HeaderWriterFilter.doHeadersAfter(HeaderWriterFilter.java:90)
	at org.springframework.security.web.header.HeaderWriterFilter.doFilterInternal(HeaderWriterFilter.java:75)
	at org.springframework.web.filter.OncePerRequestFilter.doFilter(OncePerRequestFilter.java:116)
	at org.springframework.security.web.FilterChainProxy$VirtualFilterChain.doFilter(FilterChainProxy.java:374)
	at org.springframework.security.web.context.SecurityContextHolderFilter.doFilter(SecurityContextHolderFilter.java:82)
	at org.springframework.security.web.context.SecurityContextHolderFilter.doFilter(SecurityContextHolderFilter.java:69)
	at org.springframework.security.web.FilterChainProxy$VirtualFilterChain.doFilter(FilterChainProxy.java:374)
	at org.springframework.security.web.context.request.async.WebAsyncManagerIntegrationFilter.doFilterInternal(WebAsyncManagerIntegrationFilter.java:62)
	at org.springframework.web.filter.OncePerRequestFilter.doFilter(OncePerRequestFilter.java:116)
	at org.springframework.security.web.FilterChainProxy$VirtualFilterChain.doFilter(FilterChainProxy.java:374)
	at org.springframework.security.web.session.DisableEncodeUrlFilter.doFilterInternal(DisableEncodeUrlFilter.java:42)
	at org.springframework.web.filter.OncePerRequestFilter.doFilter(OncePerRequestFilter.java:116)
	at org.springframework.security.web.FilterChainProxy$VirtualFilterChain.doFilter(FilterChainProxy.java:374)
	at org.springframework.security.web.FilterChainProxy.doFilterInternal(FilterChainProxy.java:233)
	at org.springframework.security.web.FilterChainProxy.doFilter(FilterChainProxy.java:191)
	at org.springframework.web.filter.CompositeFilter$VirtualFilterChain.doFilter(CompositeFilter.java:113)
	at org.springframework.web.filter.ServletRequestPathFilter.doFilter(ServletRequestPathFilter.java:52)
	at org.springframework.web.filter.CompositeFilter$VirtualFilterChain.doFilter(CompositeFilter.java:113)
	at org.springframework.web.filter.CompositeFilter.doFilter(CompositeFilter.java:74)
	at org.springframework.security.config.annotation.web.configuration.WebSecurityConfiguration$CompositeFilterChainProxy.doFilter(WebSecurityConfiguration.java:319)
	at org.springframework.web.filter.CompositeFilter$VirtualFilterChain.doFilter(CompositeFilter.java:113)
	at org.springframework.web.servlet.handler.HandlerMappingIntrospector.lambda$createCacheFilter$4(HandlerMappingIntrospector.java:267)
	at org.springframework.web.filter.CompositeFilter$VirtualFilterChain.doFilter(CompositeFilter.java:113)
	at org.springframework.web.filter.CompositeFilter.doFilter(CompositeFilter.java:74)
	at org.springframework.security.config.annotation.web.configuration.WebMvcSecurityConfiguration$CompositeFilterChainProxy.doFilter(WebMvcSecurityConfiguration.java:240)
	at org.springframework.web.filter.DelegatingFilterProxy.invokeDelegate(DelegatingFilterProxy.java:362)
	at org.springframework.web.filter.DelegatingFilterProxy.doFilter(DelegatingFilterProxy.java:278)
	at org.apache.catalina.core.ApplicationFilterChain.internalDoFilter(ApplicationFilterChain.java:162)
	at org.apache.catalina.core.ApplicationFilterChain.doFilter(ApplicationFilterChain.java:138)
	at org.springframework.web.filter.RequestContextFilter.doFilterInternal(RequestContextFilter.java:100)
	at org.springframework.web.filter.OncePerRequestFilter.doFilter(OncePerRequestFilter.java:116)
	at org.apache.catalina.core.ApplicationFilterChain.internalDoFilter(ApplicationFilterChain.java:162)
	at org.apache.catalina.core.ApplicationFilterChain.doFilter(ApplicationFilterChain.java:138)
	at org.springframework.web.filter.FormContentFilter.doFilterInternal(FormContentFilter.java:93)
	at org.springframework.web.filter.OncePerRequestFilter.doFilter(OncePerRequestFilter.java:116)
	at org.apache.catalina.core.ApplicationFilterChain.internalDoFilter(ApplicationFilterChain.java:162)
	at org.apache.catalina.core.ApplicationFilterChain.doFilter(ApplicationFilterChain.java:138)
	at org.springframework.web.filter.CharacterEncodingFilter.doFilterInternal(CharacterEncodingFilter.java:201)
	at org.springframework.web.filter.OncePerRequestFilter.doFilter(OncePerRequestFilter.java:116)
	at org.apache.catalina.core.ApplicationFilterChain.internalDoFilter(ApplicationFilterChain.java:162)
	at org.apache.catalina.core.ApplicationFilterChain.doFilter(ApplicationFilterChain.java:138)
	at org.apache.catalina.core.StandardWrapperValve.invoke(StandardWrapperValve.java:165)
	at org.apache.catalina.core.StandardContextValve.invoke(StandardContextValve.java:88)
	at org.apache.catalina.authenticator.AuthenticatorBase.invoke(AuthenticatorBase.java:482)
	at org.apache.catalina.core.StandardHostValve.invoke(StandardHostValve.java:113)
	at org.apache.catalina.valves.ErrorReportValve.invoke(ErrorReportValve.java:83)
	at org.apache.catalina.core.StandardEngineValve.invoke(StandardEngineValve.java:72)
	at org.apache.catalina.connector.CoyoteAdapter.service(CoyoteAdapter.java:342)
	at org.apache.coyote.http11.Http11Processor.service(Http11Processor.java:399)
	at org.apache.coyote.AbstractProcessorLight.process(AbstractProcessorLight.java:63)
	at org.apache.coyote.AbstractProtocol$ConnectionHandler.process(AbstractProtocol.java:903)
	at org.apache.tomcat.util.net.NioEndpoint$SocketProcessor.doRun(NioEndpoint.java:1774)
	at org.apache.tomcat.util.net.SocketProcessorBase.run(SocketProcessorBase.java:52)
	at org.apache.tomcat.util.threads.ThreadPoolExecutor.runWorker(ThreadPoolExecutor.java:973)
	at org.apache.tomcat.util.threads.ThreadPoolExecutor$Worker.run(ThreadPoolExecutor.java:491)
	at org.apache.tomcat.util.threads.TaskThread$WrappingRunnable.run(TaskThread.java:63)
	at java.base/java.lang.Thread.run(Thread.java:842)
2026-01-13 14:39:36 [http-nio-8989-exec-3] DEBUG o.s.security.web.FilterChainProxy - Securing POST /error?amount=612.50
2026-01-13 14:39:36 [http-nio-8989-exec-3] DEBUG o.s.security.web.FilterChainProxy - Secured POST /error?amount=612.50
2026-01-13 14:39:36 [http-nio-8989-exec-3] DEBUG o.s.web.servlet.DispatcherServlet - "ERROR" dispatch for POST "/error?amount=612.50", parameters={masked}
2026-01-13 14:39:36 [http-nio-8989-exec-3] DEBUG o.s.w.s.m.m.a.RequestMappingHandlerMapping - Mapped to org.springframework.boot.autoconfigure.web.servlet.error.BasicErrorController#error(HttpServletRequest)
2026-01-13 14:39:36 [http-nio-8989-exec-3] DEBUG o.s.w.s.m.m.a.HttpEntityMethodProcessor - Using 'application/json', given [*/*] and supported [application/json, application/*+json]
2026-01-13 14:39:36 [http-nio-8989-exec-3] DEBUG o.s.w.s.m.m.a.HttpEntityMethodProcessor - Writing [{timestamp=Tue Jan 13 14:39:36 IST 2026, status=500, error=Internal Server Error, trace=com.app.bank (truncated)...]
2026-01-13 14:39:36 [http-nio-8989-exec-3] DEBUG o.s.web.servlet.DispatcherServlet - Exiting from "ERROR" dispatch, status 500
2026-01-13 14:39:36 [http-nio-8989-exec-3] DEBUG o.s.s.w.a.AnonymousAuthenticationFilter - Set SecurityContextHolder to anonymous SecurityContext
2026-01-13 14:40:55 [http-nio-8989-exec-6] DEBUG o.s.security.web.FilterChainProxy - Securing POST /api/v1/auth/repayments/pay-emi/8?amount=6170.40
2026-01-13 14:40:55 [http-nio-8989-exec-6] DEBUG org.hibernate.SQL - 
    select
        u1_0.id,
        u1_0.aadhar_number,
        u1_0.address,
        u1_0.created_at,
        u1_0.email,
        u1_0.failed_login_attempts,
        u1_0.first_name,
        u1_0.last_login_at,
        u1_0.last_name,
        u1_0.monthly_income,
        u1_0.pan_number,
        u1_0.password,
        u1_0.phone,
        u1_0.role,
        u1_0.status,
        u1_0.username 
    from
        users u1_0 
    where
        u1_0.username=?
2026-01-13 14:40:55 [http-nio-8989-exec-6] DEBUG o.s.security.web.FilterChainProxy - Secured POST /api/v1/auth/repayments/pay-emi/8?amount=6170.40
2026-01-13 14:40:55 [http-nio-8989-exec-6] DEBUG o.s.web.servlet.DispatcherServlet - POST "/api/v1/auth/repayments/pay-emi/8?amount=6170.40", parameters={masked}
2026-01-13 14:40:55 [http-nio-8989-exec-6] DEBUG o.s.w.s.m.m.a.RequestMappingHandlerMapping - Mapped to com.app.bank.web.controller.LoanRepaymentController#payEmi(Long, BigDecimal, Authentication)
2026-01-13 14:40:55 [http-nio-8989-exec-6] DEBUG org.hibernate.SQL - 
    select
        l1_0.id,
        l1_0.applied_date,
        l1_0.approved_by,
        l1_0.approved_date,
        l1_0.disbursement_date,
        l1_0.emi_amount,
        l1_0.interest_rate,
        l1_0.account_id,
        la1_0.id,
        la1_0.account_number,
        la1_0.account_type,
        la1_0.balance,
        la1_0.created_at,
        la1_0.interest_rate,
        la1_0.last_transaction_at,
        la1_0.minimum_balance,
        la1_0.status,
        la1_0.user_id,
        u1_0.id,
        u1_0.aadhar_number,
        u1_0.address,
        u1_0.created_at,
        u1_0.email,
        u1_0.failed_login_attempts,
        u1_0.first_name,
        u1_0.last_login_at,
        u1_0.last_name,
        u1_0.monthly_income,
        u1_0.pan_number,
        u1_0.password,
        u1_0.phone,
        u1_0.role,
        u1_0.status,
        u1_0.username,
        l1_0.loan_account_number,
        l1_0.loan_type,
        l1_0.maturity_date,
        l1_0.principal_amount,
        l1_0.status,
        l1_0.tenure_months,
        l1_0.total_amount,
        l1_0.user_id,
        u2_0.id,
        u2_0.aadhar_number,
        u2_0.address,
        u2_0.created_at,
        u2_0.email,
        u2_0.failed_login_attempts,
        u2_0.first_name,
        u2_0.last_login_at,
        u2_0.last_name,
        u2_0.monthly_income,
        u2_0.pan_number,
        u2_0.password,
        u2_0.phone,
        u2_0.role,
        u2_0.status,
        u2_0.username 
    from
        loans l1_0 
    join
        accounts la1_0 
            on la1_0.id=l1_0.account_id 
    join
        users u1_0 
            on u1_0.id=la1_0.user_id 
    join
        users u2_0 
            on u2_0.id=l1_0.user_id 
    where
        l1_0.id=?
2026-01-13 14:40:55 [http-nio-8989-exec-6] DEBUG org.hibernate.SQL - 
    select
        u1_0.id,
        u1_0.aadhar_number,
        u1_0.address,
        u1_0.created_at,
        u1_0.email,
        u1_0.failed_login_attempts,
        u1_0.first_name,
        u1_0.last_login_at,
        u1_0.last_name,
        u1_0.monthly_income,
        u1_0.pan_number,
        u1_0.password,
        u1_0.phone,
        u1_0.role,
        u1_0.status,
        u1_0.username 
    from
        users u1_0 
    where
        u1_0.username=?
2026-01-13 14:40:55 [http-nio-8989-exec-6] DEBUG org.hibernate.SQL - 
    SELECT
        * 
    FROM
        loan_repayments 
    WHERE
        loan_id = ? 
        AND status = 'PENDING' 
    ORDER BY
        due_date ASC 
    LIMIT
        1
2026-01-13 14:40:55 [http-nio-8989-exec-6] DEBUG org.hibernate.SQL - 
    insert 
    into
        transactions
        (amount, balance_after_transaction, description, from_account_id, reference_number, remarks, status, to_account_id, transaction_date, transaction_id, transaction_type) 
    values
        (?, ?, ?, ?, ?, ?, ?, ?, ?, ?, ?)
2026-01-13 14:40:55 [http-nio-8989-exec-6] DEBUG org.hibernate.SQL - 
    update
        accounts 
    set
        account_number=?,
        account_type=?,
        balance=?,
        created_at=?,
        interest_rate=?,
        last_transaction_at=?,
        minimum_balance=?,
        status=?,
        user_id=? 
    where
        id=?
2026-01-13 14:40:55 [http-nio-8989-exec-6] DEBUG org.hibernate.SQL - 
    update
        loan_repayments 
    set
        created_at=?,
        created_by=?,
        due_amount=?,
        due_date=?,
        grace_period_end_date=?,
        installment_number=?,
        interest_amount=?,
        late_payment_fee=?,
        loan_id=?,
        paid_amount=?,
        payment_date=?,
        payment_mode=?,
        payment_reference=?,
        penalty_rate=?,
        principal_amount=?,
        remaining_principal=?,
        remarks=?,
        status=?,
        total_outstanding=?,
        transaction_id=?,
        updated_at=?,
        updated_by=? 
    where
        id=?
2026-01-13 14:40:55 [http-nio-8989-exec-6] DEBUG org.hibernate.SQL - 
    select
        lr1_0.id,
        lr1_0.created_at,
        lr1_0.created_by,
        lr1_0.due_amount,
        lr1_0.due_date,
        lr1_0.grace_period_end_date,
        lr1_0.installment_number,
        lr1_0.interest_amount,
        lr1_0.late_payment_fee,
        lr1_0.loan_id,
        lr1_0.paid_amount,
        lr1_0.payment_date,
        lr1_0.payment_mode,
        lr1_0.payment_reference,
        lr1_0.penalty_rate,
        lr1_0.principal_amount,
        lr1_0.remaining_principal,
        lr1_0.remarks,
        lr1_0.status,
        lr1_0.total_outstanding,
        lr1_0.transaction_id,
        lr1_0.updated_at,
        lr1_0.updated_by 
    from
        loan_repayments lr1_0 
    left join
        loans l1_0 
            on l1_0.id=lr1_0.loan_id 
    where
        l1_0.id=? 
        and lr1_0.status=?
2026-01-13 14:40:55 [http-nio-8989-exec-6] DEBUG o.s.w.s.m.m.a.HttpEntityMethodProcessor - Using 'application/json', given [*/*] and supported [application/json, application/*+json]
2026-01-13 14:40:55 [http-nio-8989-exec-6] DEBUG o.s.w.s.m.m.a.HttpEntityMethodProcessor - Writing [{paid amount=6170.40, installment=1, message=EMI Payment successful, remaining due=0.00, status=PAID (truncated)...]
2026-01-13 14:40:55 [http-nio-8989-exec-6] DEBUG o.s.web.servlet.DispatcherServlet - Completed 200 OK
2026-01-13 14:52:13 [HikariPool-1:housekeeper] WARN  com.zaxxer.hikari.pool.HikariPool - HikariPool-1 - Thread starvation or clock leap detected (housekeeper delta=5m38s919ms147µs600ns).
2026-01-13 14:54:04 [http-nio-8989-exec-9] DEBUG o.s.security.web.FilterChainProxy - Securing POST /api/v1/auth/repayments/pay-emi/8?amount=6170.40
2026-01-13 14:54:04 [http-nio-8989-exec-9] DEBUG org.hibernate.SQL - 
    select
        u1_0.id,
        u1_0.aadhar_number,
        u1_0.address,
        u1_0.created_at,
        u1_0.email,
        u1_0.failed_login_attempts,
        u1_0.first_name,
        u1_0.last_login_at,
        u1_0.last_name,
        u1_0.monthly_income,
        u1_0.pan_number,
        u1_0.password,
        u1_0.phone,
        u1_0.role,
        u1_0.status,
        u1_0.username 
    from
        users u1_0 
    where
        u1_0.username=?
2026-01-13 14:54:04 [http-nio-8989-exec-9] DEBUG o.s.security.web.FilterChainProxy - Secured POST /api/v1/auth/repayments/pay-emi/8?amount=6170.40
2026-01-13 14:54:04 [http-nio-8989-exec-9] DEBUG o.s.web.servlet.DispatcherServlet - POST "/api/v1/auth/repayments/pay-emi/8?amount=6170.40", parameters={masked}
2026-01-13 14:54:04 [http-nio-8989-exec-9] DEBUG o.s.w.s.m.m.a.RequestMappingHandlerMapping - Mapped to com.app.bank.web.controller.LoanRepaymentController#payEmi(Long, BigDecimal, Authentication)
2026-01-13 14:54:04 [http-nio-8989-exec-9] DEBUG org.hibernate.SQL - 
    select
        l1_0.id,
        l1_0.applied_date,
        l1_0.approved_by,
        l1_0.approved_date,
        l1_0.disbursement_date,
        l1_0.emi_amount,
        l1_0.interest_rate,
        l1_0.account_id,
        la1_0.id,
        la1_0.account_number,
        la1_0.account_type,
        la1_0.balance,
        la1_0.created_at,
        la1_0.interest_rate,
        la1_0.last_transaction_at,
        la1_0.minimum_balance,
        la1_0.status,
        la1_0.user_id,
        u1_0.id,
        u1_0.aadhar_number,
        u1_0.address,
        u1_0.created_at,
        u1_0.email,
        u1_0.failed_login_attempts,
        u1_0.first_name,
        u1_0.last_login_at,
        u1_0.last_name,
        u1_0.monthly_income,
        u1_0.pan_number,
        u1_0.password,
        u1_0.phone,
        u1_0.role,
        u1_0.status,
        u1_0.username,
        l1_0.loan_account_number,
        l1_0.loan_type,
        l1_0.maturity_date,
        l1_0.principal_amount,
        l1_0.status,
        l1_0.tenure_months,
        l1_0.total_amount,
        l1_0.user_id,
        u2_0.id,
        u2_0.aadhar_number,
        u2_0.address,
        u2_0.created_at,
        u2_0.email,
        u2_0.failed_login_attempts,
        u2_0.first_name,
        u2_0.last_login_at,
        u2_0.last_name,
        u2_0.monthly_income,
        u2_0.pan_number,
        u2_0.password,
        u2_0.phone,
        u2_0.role,
        u2_0.status,
        u2_0.username 
    from
        loans l1_0 
    join
        accounts la1_0 
            on la1_0.id=l1_0.account_id 
    join
        users u1_0 
            on u1_0.id=la1_0.user_id 
    join
        users u2_0 
            on u2_0.id=l1_0.user_id 
    where
        l1_0.id=?
2026-01-13 14:54:04 [http-nio-8989-exec-9] DEBUG org.hibernate.SQL - 
    select
        u1_0.id,
        u1_0.aadhar_number,
        u1_0.address,
        u1_0.created_at,
        u1_0.email,
        u1_0.failed_login_attempts,
        u1_0.first_name,
        u1_0.last_login_at,
        u1_0.last_name,
        u1_0.monthly_income,
        u1_0.pan_number,
        u1_0.password,
        u1_0.phone,
        u1_0.role,
        u1_0.status,
        u1_0.username 
    from
        users u1_0 
    where
        u1_0.username=?
2026-01-13 14:54:04 [http-nio-8989-exec-9] DEBUG org.hibernate.SQL - 
    SELECT
        * 
    FROM
        loan_repayments 
    WHERE
        loan_id = ? 
        AND status = 'PENDING' 
    ORDER BY
        due_date ASC 
    LIMIT
        1
2026-01-13 14:54:04 [http-nio-8989-exec-9] DEBUG org.hibernate.SQL - 
    insert 
    into
        transactions
        (amount, balance_after_transaction, description, from_account_id, reference_number, remarks, status, to_account_id, transaction_date, transaction_id, transaction_type) 
    values
        (?, ?, ?, ?, ?, ?, ?, ?, ?, ?, ?)
2026-01-13 14:54:04 [http-nio-8989-exec-9] DEBUG org.hibernate.SQL - 
    update
        accounts 
    set
        account_number=?,
        account_type=?,
        balance=?,
        created_at=?,
        interest_rate=?,
        last_transaction_at=?,
        minimum_balance=?,
        status=?,
        user_id=? 
    where
        id=?
2026-01-13 14:54:04 [http-nio-8989-exec-9] DEBUG org.hibernate.SQL - 
    update
        loan_repayments 
    set
        created_at=?,
        created_by=?,
        due_amount=?,
        due_date=?,
        grace_period_end_date=?,
        installment_number=?,
        interest_amount=?,
        late_payment_fee=?,
        loan_id=?,
        paid_amount=?,
        payment_date=?,
        payment_mode=?,
        payment_reference=?,
        penalty_rate=?,
        principal_amount=?,
        remaining_principal=?,
        remarks=?,
        status=?,
        total_outstanding=?,
        transaction_id=?,
        updated_at=?,
        updated_by=? 
    where
        id=?
2026-01-13 14:54:04 [http-nio-8989-exec-9] DEBUG org.hibernate.SQL - 
    select
        lr1_0.id,
        lr1_0.created_at,
        lr1_0.created_by,
        lr1_0.due_amount,
        lr1_0.due_date,
        lr1_0.grace_period_end_date,
        lr1_0.installment_number,
        lr1_0.interest_amount,
        lr1_0.late_payment_fee,
        lr1_0.loan_id,
        lr1_0.paid_amount,
        lr1_0.payment_date,
        lr1_0.payment_mode,
        lr1_0.payment_reference,
        lr1_0.penalty_rate,
        lr1_0.principal_amount,
        lr1_0.remaining_principal,
        lr1_0.remarks,
        lr1_0.status,
        lr1_0.total_outstanding,
        lr1_0.transaction_id,
        lr1_0.updated_at,
        lr1_0.updated_by 
    from
        loan_repayments lr1_0 
    left join
        loans l1_0 
            on l1_0.id=lr1_0.loan_id 
    where
        l1_0.id=? 
        and lr1_0.status=?
2026-01-13 14:54:04 [http-nio-8989-exec-9] DEBUG o.s.w.s.m.m.a.HttpEntityMethodProcessor - Using 'application/json', given [*/*] and supported [application/json, application/*+json]
2026-01-13 14:54:04 [http-nio-8989-exec-9] DEBUG o.s.w.s.m.m.a.HttpEntityMethodProcessor - Writing [{paid amount=6170.40, installment=2, message=EMI Payment successful, remaining due=0.00, status=PAID (truncated)...]
2026-01-13 14:54:04 [http-nio-8989-exec-9] DEBUG o.s.web.servlet.DispatcherServlet - Completed 200 OK
2026-01-13 16:22:31 [HikariPool-1:housekeeper] WARN  com.zaxxer.hikari.pool.HikariPool - HikariPool-1 - Thread starvation or clock leap detected (housekeeper delta=1h16m17s562ms343µs500ns).
2026-01-13 18:41:00 [HikariPool-1:housekeeper] WARN  com.zaxxer.hikari.pool.HikariPool - HikariPool-1 - Thread starvation or clock leap detected (housekeeper delta=2h13m28s404ms712µs600ns).
2026-01-13 20:14:46 [HikariPool-1:housekeeper] WARN  com.zaxxer.hikari.pool.HikariPool - HikariPool-1 - Thread starvation or clock leap detected (housekeeper delta=1h13m45s569ms39µs200ns).
2026-01-13 20:16:59 [RMI TCP Connection(73)-127.0.0.1] INFO  o.s.b.a.SpringApplicationAdminMXBeanRegistrar$SpringApplicationAdmin - Application shutdown requested.
2026-01-13 20:16:59 [RMI TCP Connection(73)-127.0.0.1] INFO  o.s.b.w.e.tomcat.GracefulShutdown - Commencing graceful shutdown. Waiting for active requests to complete
2026-01-13 20:16:59 [tomcat-shutdown] INFO  o.a.coyote.http11.Http11NioProtocol - Pausing ProtocolHandler ["http-nio-8989"]
2026-01-13 20:16:59 [tomcat-shutdown] INFO  o.s.b.w.e.tomcat.GracefulShutdown - Graceful shutdown complete
2026-01-13 20:16:59 [RMI TCP Connection(73)-127.0.0.1] INFO  o.a.coyote.http11.Http11NioProtocol - Stopping ProtocolHandler ["http-nio-8989"]
2026-01-13 20:16:59 [RMI TCP Connection(73)-127.0.0.1] INFO  o.s.o.j.LocalContainerEntityManagerFactoryBean - Closing JPA EntityManagerFactory for persistence unit 'default'
2026-01-13 20:16:59 [RMI TCP Connection(73)-127.0.0.1] INFO  com.zaxxer.hikari.HikariDataSource - HikariPool-1 - Shutdown initiated...
2026-01-13 20:16:59 [RMI TCP Connection(73)-127.0.0.1] INFO  com.zaxxer.hikari.HikariDataSource - HikariPool-1 - Shutdown completed.
