2026-01-11 17:05:17 [background-preinit] INFO  o.h.validator.internal.util.Version - HV000001: Hibernate Validator 8.0.3.Final
2026-01-11 17:05:17 [restartedMain] INFO  c.app.bank.web.ZplusbankApplication - Starting ZplusbankApplication using Java 17.0.10 with PID 38700 (C:\Users\91790\Documents\workspace-spring-tools-for-eclipse-5.0.0.RELEASE\zplusbank\target\classes started by 91790 in C:\Users\91790\Documents\workspace-spring-tools-for-eclipse-5.0.0.RELEASE\zplusbank)
2026-01-11 17:05:17 [restartedMain] INFO  c.app.bank.web.ZplusbankApplication - No active profile set, falling back to 1 default profile: "default"
2026-01-11 17:05:17 [restartedMain] INFO  o.s.b.d.restart.ChangeableUrls - The Class-Path manifest attribute in C:\Users\91790\.m2\repository\org\glassfish\jaxb\jaxb-runtime\2.3.1\jaxb-runtime-2.3.1.jar referenced one or more files that do not exist: file:/C:/Users/91790/.m2/repository/org/glassfish/jaxb/jaxb-runtime/2.3.1/jaxb-api-2.3.1.jar,file:/C:/Users/91790/.m2/repository/org/glassfish/jaxb/jaxb-runtime/2.3.1/txw2-2.3.1.jar,file:/C:/Users/91790/.m2/repository/org/glassfish/jaxb/jaxb-runtime/2.3.1/istack-commons-runtime-3.0.7.jar,file:/C:/Users/91790/.m2/repository/org/glassfish/jaxb/jaxb-runtime/2.3.1/stax-ex-1.8.jar,file:/C:/Users/91790/.m2/repository/org/glassfish/jaxb/jaxb-runtime/2.3.1/FastInfoset-1.2.15.jar,file:/C:/Users/91790/.m2/repository/org/glassfish/jaxb/jaxb-runtime/2.3.1/javax.activation-api-1.2.0.jar
2026-01-11 17:05:17 [restartedMain] INFO  o.s.b.d.e.DevToolsPropertyDefaultsPostProcessor - Devtools property defaults active! Set 'spring.devtools.add-properties' to 'false' to disable
2026-01-11 17:05:17 [restartedMain] INFO  o.s.b.d.e.DevToolsPropertyDefaultsPostProcessor - For additional web related logging consider setting the 'logging.level.web' property to 'DEBUG'
2026-01-11 17:05:18 [restartedMain] INFO  o.s.d.r.c.RepositoryConfigurationDelegate - Bootstrapping Spring Data JPA repositories in DEFAULT mode.
2026-01-11 17:05:18 [restartedMain] INFO  o.s.d.r.c.RepositoryConfigurationDelegate - Finished Spring Data repository scanning in 67 ms. Found 5 JPA repository interfaces.
2026-01-11 17:05:18 [restartedMain] INFO  o.s.b.w.e.tomcat.TomcatWebServer - Tomcat initialized with port 8989 (http)
2026-01-11 17:05:18 [restartedMain] INFO  o.a.coyote.http11.Http11NioProtocol - Initializing ProtocolHandler ["http-nio-8989"]
2026-01-11 17:05:18 [restartedMain] INFO  o.a.catalina.core.StandardService - Starting service [Tomcat]
2026-01-11 17:05:18 [restartedMain] INFO  o.a.catalina.core.StandardEngine - Starting Servlet engine: [Apache Tomcat/10.1.50]
2026-01-11 17:05:19 [restartedMain] INFO  o.a.c.c.C.[Tomcat].[localhost].[/] - Initializing Spring embedded WebApplicationContext
2026-01-11 17:05:19 [restartedMain] INFO  o.s.b.w.s.c.ServletWebServerApplicationContext - Root WebApplicationContext: initialization completed in 1751 ms
2026-01-11 17:05:19 [restartedMain] INFO  o.h.jpa.internal.util.LogHelper - HHH000204: Processing PersistenceUnitInfo [name: default]
2026-01-11 17:05:19 [restartedMain] INFO  org.hibernate.Version - HHH000412: Hibernate ORM core version 6.6.39.Final
2026-01-11 17:05:19 [restartedMain] INFO  o.h.c.i.RegionFactoryInitiator - HHH000026: Second-level cache disabled
2026-01-11 17:05:19 [restartedMain] INFO  o.s.o.j.p.SpringPersistenceUnitInfo - No LoadTimeWeaver setup: ignoring JPA class transformer
2026-01-11 17:05:19 [restartedMain] INFO  com.zaxxer.hikari.HikariDataSource - HikariPool-1 - Starting...
2026-01-11 17:05:19 [restartedMain] INFO  com.zaxxer.hikari.pool.HikariPool - HikariPool-1 - Added connection com.mysql.cj.jdbc.ConnectionImpl@6165da21
2026-01-11 17:05:19 [restartedMain] INFO  com.zaxxer.hikari.HikariDataSource - HikariPool-1 - Start completed.
2026-01-11 17:05:20 [restartedMain] WARN  org.hibernate.orm.deprecation - HHH90000025: MySQL8Dialect does not need to be specified explicitly using 'hibernate.dialect' (remove the property setting and it will be selected by default)
2026-01-11 17:05:20 [restartedMain] WARN  org.hibernate.orm.deprecation - HHH90000026: MySQL8Dialect has been deprecated; use org.hibernate.dialect.MySQLDialect instead
2026-01-11 17:05:20 [restartedMain] INFO  o.hibernate.orm.connections.pooling - HHH10001005: Database info:
	Database JDBC URL [Connecting through datasource 'HikariDataSource (HikariPool-1)']
	Database driver: undefined/unknown
	Database version: 8.0
	Autocommit mode: undefined/unknown
	Isolation level: undefined/unknown
	Minimum pool size: undefined/unknown
	Maximum pool size: undefined/unknown
2026-01-11 17:05:21 [restartedMain] INFO  o.h.e.t.j.p.i.JtaPlatformInitiator - HHH000489: No JTA platform available (set 'hibernate.transaction.jta.platform' to enable JTA platform integration)
2026-01-11 17:05:21 [restartedMain] DEBUG org.hibernate.SQL - 
    alter table loan_repayments 
       modify column status enum ('ADVANCED_PAID','DEFAULTED','OVERDUE','PAID','PARTIALLY_PAID','PENDING','WAIVED_OFF') not null
2026-01-11 17:05:21 [restartedMain] INFO  o.s.o.j.LocalContainerEntityManagerFactoryBean - Initialized JPA EntityManagerFactory for persistence unit 'default'
2026-01-11 17:05:21 [restartedMain] DEBUG o.h.s.internal.StatisticsInitiator - Statistics initialized [enabled=false]
2026-01-11 17:05:22 [restartedMain] INFO  o.s.d.j.r.query.QueryEnhancerFactory - Hibernate is in classpath; If applicable, HQL parser will be used.
2026-01-11 17:05:22 [restartedMain] INFO  o.s.s.c.a.a.c.InitializeAuthenticationProviderBeanManagerConfigurer$InitializeAuthenticationProviderManagerConfigurer - Global AuthenticationManager configured with AuthenticationProvider bean with name authenticationProvider
2026-01-11 17:05:22 [restartedMain] WARN  o.s.s.c.a.a.c.InitializeUserDetailsBeanManagerConfigurer$InitializeUserDetailsManagerConfigurer - Global AuthenticationManager configured with an AuthenticationProvider bean. UserDetailsService beans will not be used by Spring Security for automatically configuring username/password login. Consider removing the AuthenticationProvider bean. Alternatively, consider using the UserDetailsService in a manually instantiated DaoAuthenticationProvider. If the current configuration is intentional, to turn off this warning, increase the logging level of 'org.springframework.security.config.annotation.authentication.configuration.InitializeUserDetailsBeanManagerConfigurer' to ERROR
2026-01-11 17:05:23 [restartedMain] DEBUG o.s.w.s.m.m.a.RequestMappingHandlerMapping - 20 mappings in 'requestMappingHandlerMapping'
2026-01-11 17:05:23 [restartedMain] DEBUG o.s.w.s.h.SimpleUrlHandlerMapping - Patterns [/webjars/**, /**] in 'resourceHandlerMapping'
2026-01-11 17:05:23 [restartedMain] DEBUG o.s.s.web.DefaultSecurityFilterChain - Will secure any request with filters: DisableEncodeUrlFilter, WebAsyncManagerIntegrationFilter, SecurityContextHolderFilter, HeaderWriterFilter, CorsFilter, LogoutFilter, JwtAuthenticationFilter, RequestCacheAwareFilter, SecurityContextHolderAwareRequestFilter, AnonymousAuthenticationFilter, SessionManagementFilter, ExceptionTranslationFilter, AuthorizationFilter
2026-01-11 17:05:23 [restartedMain] DEBUG o.s.w.s.m.m.a.RequestMappingHandlerAdapter - ControllerAdvice beans: 0 @ModelAttribute, 0 @InitBinder, 1 RequestBodyAdvice, 1 ResponseBodyAdvice
2026-01-11 17:05:23 [restartedMain] WARN  o.s.b.a.t.ThymeleafAutoConfiguration$DefaultTemplateResolverConfiguration - Cannot find template location: classpath:/templates/emails/ (please add some templates, check your Thymeleaf configuration, or set spring.thymeleaf.check-template-location=false)
2026-01-11 17:05:23 [restartedMain] DEBUG o.s.w.s.m.m.a.ExceptionHandlerExceptionResolver - ControllerAdvice beans: 0 @ExceptionHandler, 1 ResponseBodyAdvice
2026-01-11 17:05:24 [restartedMain] INFO  o.s.b.d.a.OptionalLiveReloadServer - LiveReload server is running on port 35729
2026-01-11 17:05:24 [restartedMain] INFO  o.a.coyote.http11.Http11NioProtocol - Starting ProtocolHandler ["http-nio-8989"]
2026-01-11 17:05:24 [restartedMain] INFO  o.s.b.w.e.tomcat.TomcatWebServer - Tomcat started on port 8989 (http) with context path '/'
2026-01-11 17:05:24 [restartedMain] INFO  c.app.bank.web.ZplusbankApplication - Started ZplusbankApplication in 7.613 seconds (process running for 8.267)
2026-01-11 17:06:48 [http-nio-8989-exec-3] INFO  o.a.c.c.C.[Tomcat].[localhost].[/] - Initializing Spring DispatcherServlet 'dispatcherServlet'
2026-01-11 17:06:48 [http-nio-8989-exec-3] INFO  o.s.web.servlet.DispatcherServlet - Initializing Servlet 'dispatcherServlet'
2026-01-11 17:06:48 [http-nio-8989-exec-3] DEBUG o.s.web.servlet.DispatcherServlet - Detected StandardServletMultipartResolver
2026-01-11 17:06:48 [http-nio-8989-exec-3] DEBUG o.s.web.servlet.DispatcherServlet - Detected AcceptHeaderLocaleResolver
2026-01-11 17:06:48 [http-nio-8989-exec-3] DEBUG o.s.web.servlet.DispatcherServlet - Detected FixedThemeResolver
2026-01-11 17:06:48 [http-nio-8989-exec-3] DEBUG o.s.web.servlet.DispatcherServlet - Detected org.springframework.web.servlet.view.DefaultRequestToViewNameTranslator@a3482e9
2026-01-11 17:06:48 [http-nio-8989-exec-3] DEBUG o.s.web.servlet.DispatcherServlet - Detected org.springframework.web.servlet.support.SessionFlashMapManager@74c0de17
2026-01-11 17:06:48 [http-nio-8989-exec-3] DEBUG o.s.web.servlet.DispatcherServlet - enableLoggingRequestDetails='false': request parameters and headers will be masked to prevent unsafe logging of potentially sensitive data
2026-01-11 17:06:48 [http-nio-8989-exec-3] INFO  o.s.web.servlet.DispatcherServlet - Completed initialization in 5 ms
2026-01-11 17:06:48 [http-nio-8989-exec-3] DEBUG o.s.security.web.FilterChainProxy - Securing POST /api/v1/auth/login
2026-01-11 17:06:48 [http-nio-8989-exec-3] DEBUG o.s.s.w.a.AnonymousAuthenticationFilter - Set SecurityContextHolder to anonymous SecurityContext
2026-01-11 17:06:48 [http-nio-8989-exec-3] DEBUG o.s.security.web.FilterChainProxy - Secured POST /api/v1/auth/login
2026-01-11 17:06:48 [http-nio-8989-exec-3] DEBUG o.s.web.servlet.DispatcherServlet - POST "/api/v1/auth/login", parameters={}
2026-01-11 17:06:48 [http-nio-8989-exec-3] DEBUG o.s.w.s.m.m.a.RequestMappingHandlerMapping - Mapped to com.app.bank.web.controller.AuthController#loginUser(LoginRequest)
2026-01-11 17:06:48 [http-nio-8989-exec-3] DEBUG o.s.w.s.m.m.a.RequestResponseBodyMethodProcessor - Read "application/json;charset=UTF-8" to [com.app.bank.web.dto.LoginRequest@274e2bc9]
2026-01-11 17:06:49 [http-nio-8989-exec-3] DEBUG org.hibernate.SQL - 
    select
        u1_0.id,
        u1_0.aadhar_number,
        u1_0.address,
        u1_0.created_at,
        u1_0.email,
        u1_0.failed_login_attempts,
        u1_0.first_name,
        u1_0.last_login_at,
        u1_0.last_name,
        u1_0.monthly_income,
        u1_0.pan_number,
        u1_0.password,
        u1_0.phone,
        u1_0.role,
        u1_0.status,
        u1_0.username 
    from
        users u1_0 
    where
        u1_0.username=?
2026-01-11 17:06:51 [http-nio-8989-exec-3] DEBUG o.s.s.a.d.DaoAuthenticationProvider - Authenticated user
2026-01-11 17:06:51 [http-nio-8989-exec-3] DEBUG o.s.w.s.m.m.a.HttpEntityMethodProcessor - Using 'application/json', given [*/*] and supported [application/json, application/*+json]
2026-01-11 17:06:51 [http-nio-8989-exec-3] DEBUG o.s.w.s.m.m.a.HttpEntityMethodProcessor - Writing [{tokenType=Bearer, token=eyJhbGciOiJIUzUxMiJ9.eyJzdWIiOiJhZG1pbjAxIiwiY3JlYXRlZCI6MTc2ODEzMTQxMTA2Mi (truncated)...]
2026-01-11 17:06:51 [http-nio-8989-exec-3] DEBUG o.s.web.servlet.DispatcherServlet - Completed 200 OK
2026-01-11 17:06:57 [http-nio-8989-exec-2] DEBUG o.s.security.web.FilterChainProxy - Securing POST /api/v1/auth/login
2026-01-11 17:06:57 [http-nio-8989-exec-2] DEBUG o.s.s.w.a.AnonymousAuthenticationFilter - Set SecurityContextHolder to anonymous SecurityContext
2026-01-11 17:06:57 [http-nio-8989-exec-2] DEBUG o.s.security.web.FilterChainProxy - Secured POST /api/v1/auth/login
2026-01-11 17:06:57 [http-nio-8989-exec-2] DEBUG o.s.web.servlet.DispatcherServlet - POST "/api/v1/auth/login", parameters={}
2026-01-11 17:06:57 [http-nio-8989-exec-2] DEBUG o.s.w.s.m.m.a.RequestMappingHandlerMapping - Mapped to com.app.bank.web.controller.AuthController#loginUser(LoginRequest)
2026-01-11 17:06:57 [http-nio-8989-exec-2] DEBUG o.s.w.s.m.m.a.RequestResponseBodyMethodProcessor - Read "application/json;charset=UTF-8" to [com.app.bank.web.dto.LoginRequest@7d426dfb]
2026-01-11 17:06:57 [http-nio-8989-exec-2] DEBUG org.hibernate.SQL - 
    select
        u1_0.id,
        u1_0.aadhar_number,
        u1_0.address,
        u1_0.created_at,
        u1_0.email,
        u1_0.failed_login_attempts,
        u1_0.first_name,
        u1_0.last_login_at,
        u1_0.last_name,
        u1_0.monthly_income,
        u1_0.pan_number,
        u1_0.password,
        u1_0.phone,
        u1_0.role,
        u1_0.status,
        u1_0.username 
    from
        users u1_0 
    where
        u1_0.username=?
2026-01-11 17:06:58 [http-nio-8989-exec-2] DEBUG o.s.s.a.d.DaoAuthenticationProvider - Authenticated user
2026-01-11 17:06:58 [http-nio-8989-exec-2] DEBUG o.s.w.s.m.m.a.HttpEntityMethodProcessor - Using 'application/json', given [*/*] and supported [application/json, application/*+json]
2026-01-11 17:06:58 [http-nio-8989-exec-2] DEBUG o.s.w.s.m.m.a.HttpEntityMethodProcessor - Writing [{tokenType=Bearer, token=eyJhbGciOiJIUzUxMiJ9.eyJzdWIiOiJqdW5lZDU2IiwiY3JlYXRlZCI6MTc2ODEzMTQxODI0Ni (truncated)...]
2026-01-11 17:06:58 [http-nio-8989-exec-2] DEBUG o.s.web.servlet.DispatcherServlet - Completed 200 OK
2026-01-11 17:07:27 [http-nio-8989-exec-4] DEBUG o.s.security.web.FilterChainProxy - Securing POST /api/v1/auth/create-account
2026-01-11 17:07:27 [http-nio-8989-exec-4] DEBUG org.hibernate.SQL - 
    select
        u1_0.id,
        u1_0.aadhar_number,
        u1_0.address,
        u1_0.created_at,
        u1_0.email,
        u1_0.failed_login_attempts,
        u1_0.first_name,
        u1_0.last_login_at,
        u1_0.last_name,
        u1_0.monthly_income,
        u1_0.pan_number,
        u1_0.password,
        u1_0.phone,
        u1_0.role,
        u1_0.status,
        u1_0.username 
    from
        users u1_0 
    where
        u1_0.username=?
2026-01-11 17:07:27 [http-nio-8989-exec-4] DEBUG o.s.s.w.a.AccessDeniedHandlerImpl - Responding with 403 status code
2026-01-11 17:07:27 [http-nio-8989-exec-4] DEBUG o.s.security.web.FilterChainProxy - Securing POST /error
2026-01-11 17:07:27 [http-nio-8989-exec-4] DEBUG o.s.security.web.FilterChainProxy - Secured POST /error
2026-01-11 17:07:27 [http-nio-8989-exec-4] DEBUG o.s.web.servlet.DispatcherServlet - "ERROR" dispatch for POST "/error", parameters={}
2026-01-11 17:07:27 [http-nio-8989-exec-4] DEBUG o.s.w.s.m.m.a.RequestMappingHandlerMapping - Mapped to org.springframework.boot.autoconfigure.web.servlet.error.BasicErrorController#error(HttpServletRequest)
2026-01-11 17:07:27 [http-nio-8989-exec-4] DEBUG o.s.w.s.m.m.a.HttpEntityMethodProcessor - Using 'application/json', given [*/*] and supported [application/json, application/*+json]
2026-01-11 17:07:27 [http-nio-8989-exec-4] DEBUG o.s.w.s.m.m.a.HttpEntityMethodProcessor - Writing [{timestamp=Sun Jan 11 17:07:27 IST 2026, status=403, error=Forbidden, message=Forbidden, path=/api/v (truncated)...]
2026-01-11 17:07:27 [http-nio-8989-exec-4] DEBUG o.s.web.servlet.DispatcherServlet - Exiting from "ERROR" dispatch, status 403
2026-01-11 17:07:27 [http-nio-8989-exec-4] DEBUG o.s.s.w.a.AnonymousAuthenticationFilter - Set SecurityContextHolder to anonymous SecurityContext
2026-01-11 17:07:49 [http-nio-8989-exec-5] DEBUG o.s.security.web.FilterChainProxy - Securing POST /api/v1/auth/create-account
2026-01-11 17:07:49 [http-nio-8989-exec-5] DEBUG org.hibernate.SQL - 
    select
        u1_0.id,
        u1_0.aadhar_number,
        u1_0.address,
        u1_0.created_at,
        u1_0.email,
        u1_0.failed_login_attempts,
        u1_0.first_name,
        u1_0.last_login_at,
        u1_0.last_name,
        u1_0.monthly_income,
        u1_0.pan_number,
        u1_0.password,
        u1_0.phone,
        u1_0.role,
        u1_0.status,
        u1_0.username 
    from
        users u1_0 
    where
        u1_0.username=?
2026-01-11 17:07:49 [http-nio-8989-exec-5] DEBUG o.s.security.web.FilterChainProxy - Secured POST /api/v1/auth/create-account
2026-01-11 17:07:49 [http-nio-8989-exec-5] DEBUG o.s.web.servlet.DispatcherServlet - POST "/api/v1/auth/create-account", parameters={}
2026-01-11 17:07:49 [http-nio-8989-exec-5] DEBUG o.s.w.s.m.m.a.RequestMappingHandlerMapping - Mapped to com.app.bank.web.controller.AccountController#createAccount(CreateAccountRequest)
2026-01-11 17:07:49 [http-nio-8989-exec-5] DEBUG o.s.w.s.m.m.a.RequestResponseBodyMethodProcessor - Read "application/json;charset=UTF-8" to [com.app.bank.web.dto.CreateAccountRequest@534edecb]
2026-01-11 17:07:50 [http-nio-8989-exec-5] DEBUG org.hibernate.SQL - 
    select
        u1_0.id,
        u1_0.aadhar_number,
        u1_0.address,
        u1_0.created_at,
        u1_0.email,
        u1_0.failed_login_attempts,
        u1_0.first_name,
        u1_0.last_login_at,
        u1_0.last_name,
        u1_0.monthly_income,
        u1_0.pan_number,
        u1_0.password,
        u1_0.phone,
        u1_0.role,
        u1_0.status,
        u1_0.username 
    from
        users u1_0 
    where
        u1_0.id=?
2026-01-11 17:07:50 [http-nio-8989-exec-5] DEBUG org.hibernate.SQL - 
    insert 
    into
        accounts
        (account_number, account_type, balance, created_at, interest_rate, last_transaction_at, minimum_balance, status, user_id) 
    values
        (?, ?, ?, ?, ?, ?, ?, ?, ?)
2026-01-11 17:07:50 [http-nio-8989-exec-5] DEBUG org.hibernate.SQL - 
    insert 
    into
        transactions
        (amount, balance_after_transaction, description, from_account_id, reference_number, remarks, status, to_account_id, transaction_date, transaction_id, transaction_type) 
    values
        (?, ?, ?, ?, ?, ?, ?, ?, ?, ?, ?)
2026-01-11 17:07:50 [http-nio-8989-exec-5] DEBUG o.s.w.s.m.m.a.HttpEntityMethodProcessor - Using 'application/json', given [*/*] and supported [application/json, application/*+json]
2026-01-11 17:07:50 [http-nio-8989-exec-5] DEBUG o.s.w.s.m.m.a.HttpEntityMethodProcessor - Writing [com.app.bank.web.dto.AccountResponse@7b96c809]
2026-01-11 17:07:50 [http-nio-8989-exec-5] DEBUG o.s.web.servlet.DispatcherServlet - Completed 200 OK
2026-01-11 17:08:43 [http-nio-8989-exec-6] DEBUG o.s.security.web.FilterChainProxy - Securing GET /api/v1/auth/ZPB1314701532529
2026-01-11 17:08:43 [http-nio-8989-exec-6] DEBUG o.s.s.w.a.AnonymousAuthenticationFilter - Set SecurityContextHolder to anonymous SecurityContext
2026-01-11 17:08:43 [http-nio-8989-exec-6] ERROR c.a.b.w.c.JwtAuthenticationEntryPoint - Unothorized error: Full authentication is required to access this resource
2026-01-11 17:08:43 [http-nio-8989-exec-6] ERROR c.a.b.w.c.JwtAuthenticationEntryPoint - Request URI: /api/v1/auth/ZPB1314701532529
2026-01-11 17:09:12 [http-nio-8989-exec-7] DEBUG o.s.security.web.FilterChainProxy - Securing POST /api/v1/auth/login
2026-01-11 17:09:12 [http-nio-8989-exec-7] DEBUG o.s.s.w.a.AnonymousAuthenticationFilter - Set SecurityContextHolder to anonymous SecurityContext
2026-01-11 17:09:12 [http-nio-8989-exec-7] DEBUG o.s.security.web.FilterChainProxy - Secured POST /api/v1/auth/login
2026-01-11 17:09:12 [http-nio-8989-exec-7] DEBUG o.s.web.servlet.DispatcherServlet - POST "/api/v1/auth/login", parameters={}
2026-01-11 17:09:12 [http-nio-8989-exec-7] DEBUG o.s.w.s.m.m.a.RequestMappingHandlerMapping - Mapped to com.app.bank.web.controller.AuthController#loginUser(LoginRequest)
2026-01-11 17:09:12 [http-nio-8989-exec-7] DEBUG o.s.w.s.m.m.a.RequestResponseBodyMethodProcessor - Read "application/json;charset=UTF-8" to [com.app.bank.web.dto.LoginRequest@2819063d]
2026-01-11 17:09:12 [http-nio-8989-exec-7] DEBUG org.hibernate.SQL - 
    select
        u1_0.id,
        u1_0.aadhar_number,
        u1_0.address,
        u1_0.created_at,
        u1_0.email,
        u1_0.failed_login_attempts,
        u1_0.first_name,
        u1_0.last_login_at,
        u1_0.last_name,
        u1_0.monthly_income,
        u1_0.pan_number,
        u1_0.password,
        u1_0.phone,
        u1_0.role,
        u1_0.status,
        u1_0.username 
    from
        users u1_0 
    where
        u1_0.username=?
2026-01-11 17:09:13 [http-nio-8989-exec-7] DEBUG o.s.s.a.d.DaoAuthenticationProvider - Failed to find user 'wahid56'
2026-01-11 17:09:13 [http-nio-8989-exec-7] DEBUG o.s.s.authentication.ProviderManager - Authentication failed with provider DaoAuthenticationProvider since Bad credentials
2026-01-11 17:09:13 [http-nio-8989-exec-7] DEBUG o.s.web.servlet.DispatcherServlet - Failed to complete request: org.springframework.security.authentication.BadCredentialsException: Bad credentials
2026-01-11 17:09:13 [http-nio-8989-exec-7] ERROR c.a.b.w.c.JwtAuthenticationEntryPoint - Unothorized error: Bad credentials
2026-01-11 17:09:13 [http-nio-8989-exec-7] ERROR c.a.b.w.c.JwtAuthenticationEntryPoint - Request URI: /api/v1/auth/login
2026-01-11 17:09:24 [http-nio-8989-exec-8] DEBUG o.s.security.web.FilterChainProxy - Securing POST /api/v1/auth/login
2026-01-11 17:09:24 [http-nio-8989-exec-8] DEBUG o.s.s.w.a.AnonymousAuthenticationFilter - Set SecurityContextHolder to anonymous SecurityContext
2026-01-11 17:09:24 [http-nio-8989-exec-8] DEBUG o.s.security.web.FilterChainProxy - Secured POST /api/v1/auth/login
2026-01-11 17:09:24 [http-nio-8989-exec-8] DEBUG o.s.web.servlet.DispatcherServlet - POST "/api/v1/auth/login", parameters={}
2026-01-11 17:09:24 [http-nio-8989-exec-8] DEBUG o.s.w.s.m.m.a.RequestMappingHandlerMapping - Mapped to com.app.bank.web.controller.AuthController#loginUser(LoginRequest)
2026-01-11 17:09:24 [http-nio-8989-exec-8] DEBUG o.s.w.s.m.m.a.RequestResponseBodyMethodProcessor - Read "application/json;charset=UTF-8" to [com.app.bank.web.dto.LoginRequest@f7d41fe]
2026-01-11 17:09:24 [http-nio-8989-exec-8] DEBUG org.hibernate.SQL - 
    select
        u1_0.id,
        u1_0.aadhar_number,
        u1_0.address,
        u1_0.created_at,
        u1_0.email,
        u1_0.failed_login_attempts,
        u1_0.first_name,
        u1_0.last_login_at,
        u1_0.last_name,
        u1_0.monthly_income,
        u1_0.pan_number,
        u1_0.password,
        u1_0.phone,
        u1_0.role,
        u1_0.status,
        u1_0.username 
    from
        users u1_0 
    where
        u1_0.username=?
2026-01-11 17:09:25 [http-nio-8989-exec-8] DEBUG o.s.s.a.d.DaoAuthenticationProvider - Failed to find user 'wahid56'
2026-01-11 17:09:25 [http-nio-8989-exec-8] DEBUG o.s.s.authentication.ProviderManager - Authentication failed with provider DaoAuthenticationProvider since Bad credentials
2026-01-11 17:09:25 [http-nio-8989-exec-8] DEBUG o.s.web.servlet.DispatcherServlet - Failed to complete request: org.springframework.security.authentication.BadCredentialsException: Bad credentials
2026-01-11 17:09:25 [http-nio-8989-exec-8] ERROR c.a.b.w.c.JwtAuthenticationEntryPoint - Unothorized error: Bad credentials
2026-01-11 17:09:25 [http-nio-8989-exec-8] ERROR c.a.b.w.c.JwtAuthenticationEntryPoint - Request URI: /api/v1/auth/login
2026-01-11 17:09:52 [http-nio-8989-exec-10] DEBUG o.s.security.web.FilterChainProxy - Securing POST /api/v1/auth/login
2026-01-11 17:09:52 [http-nio-8989-exec-10] DEBUG o.s.s.w.a.AnonymousAuthenticationFilter - Set SecurityContextHolder to anonymous SecurityContext
2026-01-11 17:09:52 [http-nio-8989-exec-10] DEBUG o.s.security.web.FilterChainProxy - Secured POST /api/v1/auth/login
2026-01-11 17:09:52 [http-nio-8989-exec-10] DEBUG o.s.web.servlet.DispatcherServlet - POST "/api/v1/auth/login", parameters={}
2026-01-11 17:09:52 [http-nio-8989-exec-10] DEBUG o.s.w.s.m.m.a.RequestMappingHandlerMapping - Mapped to com.app.bank.web.controller.AuthController#loginUser(LoginRequest)
2026-01-11 17:09:52 [http-nio-8989-exec-10] DEBUG o.s.w.s.m.m.a.RequestResponseBodyMethodProcessor - Read "application/json;charset=UTF-8" to [com.app.bank.web.dto.LoginRequest@adeba01]
2026-01-11 17:09:52 [http-nio-8989-exec-10] DEBUG org.hibernate.SQL - 
    select
        u1_0.id,
        u1_0.aadhar_number,
        u1_0.address,
        u1_0.created_at,
        u1_0.email,
        u1_0.failed_login_attempts,
        u1_0.first_name,
        u1_0.last_login_at,
        u1_0.last_name,
        u1_0.monthly_income,
        u1_0.pan_number,
        u1_0.password,
        u1_0.phone,
        u1_0.role,
        u1_0.status,
        u1_0.username 
    from
        users u1_0 
    where
        u1_0.username=?
2026-01-11 17:09:53 [http-nio-8989-exec-10] DEBUG o.s.s.a.d.DaoAuthenticationProvider - Authenticated user
2026-01-11 17:09:53 [http-nio-8989-exec-10] DEBUG o.s.w.s.m.m.a.HttpEntityMethodProcessor - Using 'application/json', given [*/*] and supported [application/json, application/*+json]
2026-01-11 17:09:53 [http-nio-8989-exec-10] DEBUG o.s.w.s.m.m.a.HttpEntityMethodProcessor - Writing [{tokenType=Bearer, token=eyJhbGciOiJIUzUxMiJ9.eyJzdWIiOiJ3YWhpZDY3IiwiY3JlYXRlZCI6MTc2ODEzMTU5MzU3MC (truncated)...]
2026-01-11 17:09:53 [http-nio-8989-exec-10] DEBUG o.s.web.servlet.DispatcherServlet - Completed 200 OK
2026-01-11 17:10:14 [http-nio-8989-exec-9] DEBUG o.s.security.web.FilterChainProxy - Securing GET /api/v1/auth/ZPB1314701532529
2026-01-11 17:10:14 [http-nio-8989-exec-9] DEBUG org.hibernate.SQL - 
    select
        u1_0.id,
        u1_0.aadhar_number,
        u1_0.address,
        u1_0.created_at,
        u1_0.email,
        u1_0.failed_login_attempts,
        u1_0.first_name,
        u1_0.last_login_at,
        u1_0.last_name,
        u1_0.monthly_income,
        u1_0.pan_number,
        u1_0.password,
        u1_0.phone,
        u1_0.role,
        u1_0.status,
        u1_0.username 
    from
        users u1_0 
    where
        u1_0.username=?
2026-01-11 17:10:14 [http-nio-8989-exec-9] DEBUG o.s.security.web.FilterChainProxy - Secured GET /api/v1/auth/ZPB1314701532529
2026-01-11 17:10:14 [http-nio-8989-exec-9] DEBUG o.s.web.servlet.DispatcherServlet - GET "/api/v1/auth/ZPB1314701532529", parameters={}
2026-01-11 17:10:14 [http-nio-8989-exec-9] DEBUG o.s.w.s.m.m.a.RequestMappingHandlerMapping - Mapped to com.app.bank.web.controller.AccountController#getAcconut(String, Authentication)
2026-01-11 17:10:14 [http-nio-8989-exec-9] DEBUG org.hibernate.SQL - 
    select
        u1_0.id,
        u1_0.aadhar_number,
        u1_0.address,
        u1_0.created_at,
        u1_0.email,
        u1_0.failed_login_attempts,
        u1_0.first_name,
        u1_0.last_login_at,
        u1_0.last_name,
        u1_0.monthly_income,
        u1_0.pan_number,
        u1_0.password,
        u1_0.phone,
        u1_0.role,
        u1_0.status,
        u1_0.username 
    from
        users u1_0 
    where
        u1_0.username=?
2026-01-11 17:10:14 [http-nio-8989-exec-9] DEBUG org.hibernate.SQL - 
    select
        a1_0.id,
        a1_0.account_number,
        a1_0.account_type,
        a1_0.balance,
        a1_0.created_at,
        a1_0.interest_rate,
        a1_0.last_transaction_at,
        a1_0.minimum_balance,
        a1_0.status,
        a1_0.user_id 
    from
        accounts a1_0 
    where
        a1_0.account_number=?
2026-01-11 17:10:14 [http-nio-8989-exec-9] DEBUG org.hibernate.SQL - 
    select
        u1_0.id,
        u1_0.aadhar_number,
        u1_0.address,
        u1_0.created_at,
        u1_0.email,
        u1_0.failed_login_attempts,
        u1_0.first_name,
        u1_0.last_login_at,
        u1_0.last_name,
        u1_0.monthly_income,
        u1_0.pan_number,
        u1_0.password,
        u1_0.phone,
        u1_0.role,
        u1_0.status,
        u1_0.username 
    from
        users u1_0 
    where
        u1_0.id=?
2026-01-11 17:10:14 [http-nio-8989-exec-9] DEBUG o.s.w.s.m.m.a.HttpEntityMethodProcessor - Using 'application/json', given [*/*] and supported [application/json, application/*+json]
2026-01-11 17:10:14 [http-nio-8989-exec-9] DEBUG o.s.w.s.m.m.a.HttpEntityMethodProcessor - Writing [com.app.bank.web.dto.AccountResponse@17530e89]
2026-01-11 17:10:14 [http-nio-8989-exec-9] DEBUG o.s.web.servlet.DispatcherServlet - Completed 200 OK
2026-01-11 17:10:39 [http-nio-8989-exec-1] DEBUG o.s.security.web.FilterChainProxy - Securing GET /api/v1/auth/ZPB1314701532529/transactions
2026-01-11 17:10:39 [http-nio-8989-exec-1] DEBUG o.s.s.w.a.AnonymousAuthenticationFilter - Set SecurityContextHolder to anonymous SecurityContext
2026-01-11 17:10:39 [http-nio-8989-exec-1] ERROR c.a.b.w.c.JwtAuthenticationEntryPoint - Unothorized error: Full authentication is required to access this resource
2026-01-11 17:10:39 [http-nio-8989-exec-1] ERROR c.a.b.w.c.JwtAuthenticationEntryPoint - Request URI: /api/v1/auth/ZPB1314701532529/transactions
2026-01-11 17:10:54 [http-nio-8989-exec-3] DEBUG o.s.security.web.FilterChainProxy - Securing GET /api/v1/auth/ZPB1314701532529/transactions
2026-01-11 17:10:54 [http-nio-8989-exec-3] DEBUG org.hibernate.SQL - 
    select
        u1_0.id,
        u1_0.aadhar_number,
        u1_0.address,
        u1_0.created_at,
        u1_0.email,
        u1_0.failed_login_attempts,
        u1_0.first_name,
        u1_0.last_login_at,
        u1_0.last_name,
        u1_0.monthly_income,
        u1_0.pan_number,
        u1_0.password,
        u1_0.phone,
        u1_0.role,
        u1_0.status,
        u1_0.username 
    from
        users u1_0 
    where
        u1_0.username=?
2026-01-11 17:10:54 [http-nio-8989-exec-3] DEBUG o.s.security.web.FilterChainProxy - Secured GET /api/v1/auth/ZPB1314701532529/transactions
2026-01-11 17:10:54 [http-nio-8989-exec-3] DEBUG o.s.web.servlet.DispatcherServlet - GET "/api/v1/auth/ZPB1314701532529/transactions", parameters={}
2026-01-11 17:10:54 [http-nio-8989-exec-3] DEBUG o.s.w.s.m.m.a.RequestMappingHandlerMapping - Mapped to com.app.bank.web.controller.AccountController#getTransaction(String, Pageable)
2026-01-11 17:10:54 [http-nio-8989-exec-3] DEBUG org.hibernate.SQL - 
    select
        t1_0.id,
        t1_0.amount,
        t1_0.balance_after_transaction,
        t1_0.description,
        t1_0.from_account_id,
        t1_0.reference_number,
        t1_0.remarks,
        t1_0.status,
        t1_0.to_account_id,
        t1_0.transaction_date,
        t1_0.transaction_id,
        t1_0.transaction_type 
    from
        transactions t1_0 
    join
        accounts fa1_0 
            on fa1_0.id=t1_0.from_account_id 
    join
        accounts ta1_0 
            on ta1_0.id=t1_0.to_account_id 
    where
        fa1_0.account_number=? 
        or ta1_0.account_number=? 
    limit
        ?
2026-01-11 17:10:54 [http-nio-8989-exec-3] WARN  o.s.d.w.c.SpringDataJacksonConfiguration$PageModule$WarningLoggingModifier - Serializing PageImpl instances as-is is not supported, meaning that there is no guarantee about the stability of the resulting JSON structure!
	For a stable JSON structure, please use Spring Data's PagedModel (globally via @EnableSpringDataWebSupport(pageSerializationMode = VIA_DTO))
	or Spring HATEOAS and Spring Data's PagedResourcesAssembler as documented in https://docs.spring.io/spring-data/commons/reference/repositories/core-extensions.html#core.web.pageables.

2026-01-11 17:10:54 [http-nio-8989-exec-3] DEBUG o.s.w.s.m.m.a.HttpEntityMethodProcessor - Using 'application/json', given [*/*] and supported [application/json, application/*+json]
2026-01-11 17:10:54 [http-nio-8989-exec-3] DEBUG o.s.w.s.m.m.a.HttpEntityMethodProcessor - Writing [Page 1 of 0 containing UNKNOWN instances]
2026-01-11 17:10:54 [http-nio-8989-exec-3] DEBUG o.s.web.servlet.DispatcherServlet - Completed 200 OK
2026-01-11 17:11:07 [http-nio-8989-exec-2] DEBUG o.s.security.web.FilterChainProxy - Securing GET /api/v1/auth/my-accounts
2026-01-11 17:11:07 [http-nio-8989-exec-2] DEBUG org.hibernate.SQL - 
    select
        u1_0.id,
        u1_0.aadhar_number,
        u1_0.address,
        u1_0.created_at,
        u1_0.email,
        u1_0.failed_login_attempts,
        u1_0.first_name,
        u1_0.last_login_at,
        u1_0.last_name,
        u1_0.monthly_income,
        u1_0.pan_number,
        u1_0.password,
        u1_0.phone,
        u1_0.role,
        u1_0.status,
        u1_0.username 
    from
        users u1_0 
    where
        u1_0.username=?
2026-01-11 17:11:07 [http-nio-8989-exec-2] DEBUG o.s.security.web.FilterChainProxy - Secured GET /api/v1/auth/my-accounts
2026-01-11 17:11:07 [http-nio-8989-exec-2] DEBUG o.s.web.servlet.DispatcherServlet - GET "/api/v1/auth/my-accounts", parameters={}
2026-01-11 17:11:07 [http-nio-8989-exec-2] DEBUG o.s.w.s.m.m.a.RequestMappingHandlerMapping - Mapped to com.app.bank.web.controller.AccountController#getMyAccounts(Authentication)
2026-01-11 17:11:07 [http-nio-8989-exec-2] DEBUG org.hibernate.SQL - 
    select
        u1_0.id,
        u1_0.aadhar_number,
        u1_0.address,
        u1_0.created_at,
        u1_0.email,
        u1_0.failed_login_attempts,
        u1_0.first_name,
        u1_0.last_login_at,
        u1_0.last_name,
        u1_0.monthly_income,
        u1_0.pan_number,
        u1_0.password,
        u1_0.phone,
        u1_0.role,
        u1_0.status,
        u1_0.username 
    from
        users u1_0 
    where
        u1_0.username=?
2026-01-11 17:11:07 [http-nio-8989-exec-2] DEBUG org.hibernate.SQL - 
    select
        a1_0.id,
        a1_0.account_number,
        a1_0.account_type,
        a1_0.balance,
        a1_0.created_at,
        a1_0.interest_rate,
        a1_0.last_transaction_at,
        a1_0.minimum_balance,
        a1_0.status,
        a1_0.user_id 
    from
        accounts a1_0 
    left join
        users u1_0 
            on u1_0.id=a1_0.user_id 
    where
        u1_0.id=?
2026-01-11 17:11:07 [http-nio-8989-exec-2] DEBUG org.hibernate.SQL - 
    select
        u1_0.id,
        u1_0.aadhar_number,
        u1_0.address,
        u1_0.created_at,
        u1_0.email,
        u1_0.failed_login_attempts,
        u1_0.first_name,
        u1_0.last_login_at,
        u1_0.last_name,
        u1_0.monthly_income,
        u1_0.pan_number,
        u1_0.password,
        u1_0.phone,
        u1_0.role,
        u1_0.status,
        u1_0.username 
    from
        users u1_0 
    where
        u1_0.id=?
2026-01-11 17:11:07 [http-nio-8989-exec-2] DEBUG o.s.w.s.m.m.a.HttpEntityMethodProcessor - Using 'application/json', given [*/*] and supported [application/json, application/*+json]
2026-01-11 17:11:07 [http-nio-8989-exec-2] DEBUG o.s.w.s.m.m.a.HttpEntityMethodProcessor - Writing [[com.app.bank.web.dto.AccountResponse@372327f2]]
2026-01-11 17:11:07 [http-nio-8989-exec-2] DEBUG o.s.web.servlet.DispatcherServlet - Completed 200 OK
2026-01-11 17:11:32 [http-nio-8989-exec-4] DEBUG o.s.security.web.FilterChainProxy - Securing GET /api/v1/auth/ZPB1314701532529/balance
2026-01-11 17:11:32 [http-nio-8989-exec-4] DEBUG org.hibernate.SQL - 
    select
        u1_0.id,
        u1_0.aadhar_number,
        u1_0.address,
        u1_0.created_at,
        u1_0.email,
        u1_0.failed_login_attempts,
        u1_0.first_name,
        u1_0.last_login_at,
        u1_0.last_name,
        u1_0.monthly_income,
        u1_0.pan_number,
        u1_0.password,
        u1_0.phone,
        u1_0.role,
        u1_0.status,
        u1_0.username 
    from
        users u1_0 
    where
        u1_0.username=?
2026-01-11 17:11:32 [http-nio-8989-exec-4] DEBUG o.s.security.web.FilterChainProxy - Secured GET /api/v1/auth/ZPB1314701532529/balance
2026-01-11 17:11:32 [http-nio-8989-exec-4] DEBUG o.s.web.servlet.DispatcherServlet - GET "/api/v1/auth/ZPB1314701532529/balance", parameters={}
2026-01-11 17:11:32 [http-nio-8989-exec-4] DEBUG o.s.w.s.m.m.a.RequestMappingHandlerMapping - Mapped to com.app.bank.web.controller.AccountController#getBalance(String, Authentication)
2026-01-11 17:11:32 [http-nio-8989-exec-4] DEBUG org.hibernate.SQL - 
    select
        a1_0.id,
        a1_0.account_number,
        a1_0.account_type,
        a1_0.balance,
        a1_0.created_at,
        a1_0.interest_rate,
        a1_0.last_transaction_at,
        a1_0.minimum_balance,
        a1_0.status,
        a1_0.user_id 
    from
        accounts a1_0 
    where
        a1_0.account_number=?
2026-01-11 17:11:32 [http-nio-8989-exec-4] DEBUG org.hibernate.SQL - 
    select
        u1_0.id,
        u1_0.aadhar_number,
        u1_0.address,
        u1_0.created_at,
        u1_0.email,
        u1_0.failed_login_attempts,
        u1_0.first_name,
        u1_0.last_login_at,
        u1_0.last_name,
        u1_0.monthly_income,
        u1_0.pan_number,
        u1_0.password,
        u1_0.phone,
        u1_0.role,
        u1_0.status,
        u1_0.username 
    from
        users u1_0 
    where
        u1_0.id=?
2026-01-11 17:11:32 [http-nio-8989-exec-4] DEBUG org.hibernate.SQL - 
    select
        u1_0.id,
        u1_0.aadhar_number,
        u1_0.address,
        u1_0.created_at,
        u1_0.email,
        u1_0.failed_login_attempts,
        u1_0.first_name,
        u1_0.last_login_at,
        u1_0.last_name,
        u1_0.monthly_income,
        u1_0.pan_number,
        u1_0.password,
        u1_0.phone,
        u1_0.role,
        u1_0.status,
        u1_0.username 
    from
        users u1_0 
    where
        u1_0.username=?
2026-01-11 17:11:32 [http-nio-8989-exec-4] DEBUG o.s.w.s.m.m.a.HttpEntityMethodProcessor - Using 'application/json', given [*/*] and supported [application/json, application/*+json]
2026-01-11 17:11:32 [http-nio-8989-exec-4] DEBUG o.s.w.s.m.m.a.HttpEntityMethodProcessor - Writing [{lastUpdated=null, balance=500000.00, currency=INR, accountNumber=ZPB1314701532529, availableBalance (truncated)...]
2026-01-11 17:11:32 [http-nio-8989-exec-4] DEBUG o.s.web.servlet.DispatcherServlet - Completed 200 OK
2026-01-11 17:12:22 [http-nio-8989-exec-5] DEBUG o.s.security.web.FilterChainProxy - Securing POST /api/v1/auth/ZPB1314701532529/withdraw?amount=50000&description=%22this%20amount%20is%20withdrawaled%22
2026-01-11 17:12:22 [http-nio-8989-exec-5] DEBUG org.hibernate.SQL - 
    select
        u1_0.id,
        u1_0.aadhar_number,
        u1_0.address,
        u1_0.created_at,
        u1_0.email,
        u1_0.failed_login_attempts,
        u1_0.first_name,
        u1_0.last_login_at,
        u1_0.last_name,
        u1_0.monthly_income,
        u1_0.pan_number,
        u1_0.password,
        u1_0.phone,
        u1_0.role,
        u1_0.status,
        u1_0.username 
    from
        users u1_0 
    where
        u1_0.username=?
2026-01-11 17:12:22 [http-nio-8989-exec-5] DEBUG o.s.security.web.FilterChainProxy - Secured POST /api/v1/auth/ZPB1314701532529/withdraw?amount=50000&description=%22this%20amount%20is%20withdrawaled%22
2026-01-11 17:12:22 [http-nio-8989-exec-5] DEBUG o.s.web.servlet.DispatcherServlet - POST "/api/v1/auth/ZPB1314701532529/withdraw?amount=50000&description=%22this%20amount%20is%20withdrawaled%22", parameters={masked}
2026-01-11 17:12:22 [http-nio-8989-exec-5] DEBUG o.s.w.s.m.m.a.RequestMappingHandlerMapping - Mapped to com.app.bank.web.controller.AccountController#withdraw(String, BigDecimal, String, Authentication)
2026-01-11 17:12:22 [http-nio-8989-exec-5] DEBUG org.hibernate.SQL - 
    select
        u1_0.id,
        u1_0.aadhar_number,
        u1_0.address,
        u1_0.created_at,
        u1_0.email,
        u1_0.failed_login_attempts,
        u1_0.first_name,
        u1_0.last_login_at,
        u1_0.last_name,
        u1_0.monthly_income,
        u1_0.pan_number,
        u1_0.password,
        u1_0.phone,
        u1_0.role,
        u1_0.status,
        u1_0.username 
    from
        users u1_0 
    where
        u1_0.username=?
2026-01-11 17:12:22 [http-nio-8989-exec-5] DEBUG org.hibernate.SQL - 
    select
        a1_0.id,
        a1_0.account_number,
        a1_0.account_type,
        a1_0.balance,
        a1_0.created_at,
        a1_0.interest_rate,
        a1_0.last_transaction_at,
        a1_0.minimum_balance,
        a1_0.status,
        a1_0.user_id 
    from
        accounts a1_0 
    where
        a1_0.account_number=?
2026-01-11 17:12:22 [http-nio-8989-exec-5] DEBUG org.hibernate.SQL - 
    insert 
    into
        transactions
        (amount, balance_after_transaction, description, from_account_id, reference_number, remarks, status, to_account_id, transaction_date, transaction_id, transaction_type) 
    values
        (?, ?, ?, ?, ?, ?, ?, ?, ?, ?, ?)
2026-01-11 17:12:22 [http-nio-8989-exec-5] DEBUG org.hibernate.SQL - 
    update
        accounts 
    set
        account_number=?,
        account_type=?,
        balance=?,
        created_at=?,
        interest_rate=?,
        last_transaction_at=?,
        minimum_balance=?,
        status=?,
        user_id=? 
    where
        id=?
2026-01-11 17:12:22 [http-nio-8989-exec-5] DEBUG o.s.w.s.m.m.a.HttpEntityMethodProcessor - Using 'application/json', given [*/*] and supported [application/json, application/*+json]
2026-01-11 17:12:22 [http-nio-8989-exec-5] DEBUG o.s.w.s.m.m.a.HttpEntityMethodProcessor - Writing [{newBalance=450000.00, message=Withdrawal Successful, transactionId=TXN1768131742123982}]
2026-01-11 17:12:22 [http-nio-8989-exec-5] DEBUG o.s.web.servlet.DispatcherServlet - Completed 200 OK
2026-01-11 17:13:34 [http-nio-8989-exec-8] DEBUG o.s.security.web.FilterChainProxy - Securing POST /api/v1/auth/apply-loan
2026-01-11 17:13:34 [http-nio-8989-exec-8] DEBUG org.hibernate.SQL - 
    select
        u1_0.id,
        u1_0.aadhar_number,
        u1_0.address,
        u1_0.created_at,
        u1_0.email,
        u1_0.failed_login_attempts,
        u1_0.first_name,
        u1_0.last_login_at,
        u1_0.last_name,
        u1_0.monthly_income,
        u1_0.pan_number,
        u1_0.password,
        u1_0.phone,
        u1_0.role,
        u1_0.status,
        u1_0.username 
    from
        users u1_0 
    where
        u1_0.username=?
2026-01-11 17:13:34 [http-nio-8989-exec-8] DEBUG o.s.security.web.FilterChainProxy - Secured POST /api/v1/auth/apply-loan
2026-01-11 17:13:34 [http-nio-8989-exec-8] DEBUG o.s.web.servlet.DispatcherServlet - POST "/api/v1/auth/apply-loan", parameters={}
2026-01-11 17:13:34 [http-nio-8989-exec-8] DEBUG o.s.w.s.m.m.a.RequestMappingHandlerMapping - Mapped to com.app.bank.web.controller.LoanController#applyForLoan(LoanRequest, Authentication)
2026-01-11 17:13:34 [http-nio-8989-exec-8] DEBUG o.s.w.s.m.m.a.RequestResponseBodyMethodProcessor - Read "application/json;charset=UTF-8" to [com.app.bank.web.dto.LoanRequest@b735089]
2026-01-11 17:13:34 [http-nio-8989-exec-8] DEBUG org.hibernate.SQL - 
    select
        u1_0.id,
        u1_0.aadhar_number,
        u1_0.address,
        u1_0.created_at,
        u1_0.email,
        u1_0.failed_login_attempts,
        u1_0.first_name,
        u1_0.last_login_at,
        u1_0.last_name,
        u1_0.monthly_income,
        u1_0.pan_number,
        u1_0.password,
        u1_0.phone,
        u1_0.role,
        u1_0.status,
        u1_0.username 
    from
        users u1_0 
    where
        u1_0.username=?
2026-01-11 17:13:34 [http-nio-8989-exec-8] DEBUG org.hibernate.SQL - 
    select
        a1_0.id,
        a1_0.account_number,
        a1_0.account_type,
        a1_0.balance,
        a1_0.created_at,
        a1_0.interest_rate,
        a1_0.last_transaction_at,
        a1_0.minimum_balance,
        a1_0.status,
        a1_0.user_id 
    from
        accounts a1_0 
    where
        a1_0.account_number=?
2026-01-11 17:13:34 [http-nio-8989-exec-8] DEBUG org.hibernate.SQL - 
    select
        count(l1_0.id) 
    from
        loans l1_0 
    left join
        users u1_0 
            on u1_0.id=l1_0.user_id 
    where
        u1_0.id=? 
        and l1_0.status=?
2026-01-11 17:13:34 [http-nio-8989-exec-8] DEBUG org.hibernate.SQL - 
    insert 
    into
        loans
        (applied_date, approved_by, approved_date, disbursement_date, emi_amount, interest_rate, account_id, loan_account_number, loan_type, maturity_date, principal_amount, status, tenure_months, total_amount, user_id) 
    values
        (?, ?, ?, ?, ?, ?, ?, ?, ?, ?, ?, ?, ?, ?, ?)
2026-01-11 17:13:34 [http-nio-8989-exec-8] DEBUG o.s.w.s.m.m.a.HttpEntityMethodProcessor - Using 'application/json', given [*/*] and supported [application/json, application/*+json]
2026-01-11 17:13:34 [http-nio-8989-exec-8] DEBUG o.s.w.s.m.m.a.HttpEntityMethodProcessor - Writing [com.app.bank.web.dto.LoanResponse@13ad5755]
2026-01-11 17:13:34 [http-nio-8989-exec-8] DEBUG o.s.web.servlet.DispatcherServlet - Completed 200 OK
2026-01-11 17:14:43 [http-nio-8989-exec-1] DEBUG o.s.security.web.FilterChainProxy - Securing POST /api/v1/auth/5/approve-loan
2026-01-11 17:14:43 [http-nio-8989-exec-1] DEBUG org.hibernate.SQL - 
    select
        u1_0.id,
        u1_0.aadhar_number,
        u1_0.address,
        u1_0.created_at,
        u1_0.email,
        u1_0.failed_login_attempts,
        u1_0.first_name,
        u1_0.last_login_at,
        u1_0.last_name,
        u1_0.monthly_income,
        u1_0.pan_number,
        u1_0.password,
        u1_0.phone,
        u1_0.role,
        u1_0.status,
        u1_0.username 
    from
        users u1_0 
    where
        u1_0.username=?
2026-01-11 17:14:43 [http-nio-8989-exec-1] DEBUG o.s.security.web.FilterChainProxy - Secured POST /api/v1/auth/5/approve-loan
2026-01-11 17:14:43 [http-nio-8989-exec-1] DEBUG o.s.web.servlet.DispatcherServlet - POST "/api/v1/auth/5/approve-loan", parameters={}
2026-01-11 17:14:43 [http-nio-8989-exec-1] DEBUG o.s.w.s.m.m.a.RequestMappingHandlerMapping - Mapped to com.app.bank.web.controller.LoanController#approveLoan(Long, Authentication)
2026-01-11 17:14:43 [http-nio-8989-exec-1] DEBUG org.hibernate.SQL - 
    select
        l1_0.id,
        l1_0.applied_date,
        l1_0.approved_by,
        l1_0.approved_date,
        l1_0.disbursement_date,
        l1_0.emi_amount,
        l1_0.interest_rate,
        l1_0.account_id,
        la1_0.id,
        la1_0.account_number,
        la1_0.account_type,
        la1_0.balance,
        la1_0.created_at,
        la1_0.interest_rate,
        la1_0.last_transaction_at,
        la1_0.minimum_balance,
        la1_0.status,
        la1_0.user_id,
        u1_0.id,
        u1_0.aadhar_number,
        u1_0.address,
        u1_0.created_at,
        u1_0.email,
        u1_0.failed_login_attempts,
        u1_0.first_name,
        u1_0.last_login_at,
        u1_0.last_name,
        u1_0.monthly_income,
        u1_0.pan_number,
        u1_0.password,
        u1_0.phone,
        u1_0.role,
        u1_0.status,
        u1_0.username,
        l1_0.loan_account_number,
        l1_0.loan_type,
        l1_0.maturity_date,
        l1_0.principal_amount,
        l1_0.status,
        l1_0.tenure_months,
        l1_0.total_amount,
        l1_0.user_id,
        u2_0.id,
        u2_0.aadhar_number,
        u2_0.address,
        u2_0.created_at,
        u2_0.email,
        u2_0.failed_login_attempts,
        u2_0.first_name,
        u2_0.last_login_at,
        u2_0.last_name,
        u2_0.monthly_income,
        u2_0.pan_number,
        u2_0.password,
        u2_0.phone,
        u2_0.role,
        u2_0.status,
        u2_0.username 
    from
        loans l1_0 
    join
        accounts la1_0 
            on la1_0.id=l1_0.account_id 
    join
        users u1_0 
            on u1_0.id=la1_0.user_id 
    join
        users u2_0 
            on u2_0.id=l1_0.user_id 
    where
        l1_0.id=?
2026-01-11 17:14:43 [http-nio-8989-exec-1] DEBUG org.hibernate.SQL - 
    update
        accounts 
    set
        account_number=?,
        account_type=?,
        balance=?,
        created_at=?,
        interest_rate=?,
        last_transaction_at=?,
        minimum_balance=?,
        status=?,
        user_id=? 
    where
        id=?
2026-01-11 17:14:43 [http-nio-8989-exec-1] DEBUG org.hibernate.SQL - 
    update
        loans 
    set
        applied_date=?,
        approved_by=?,
        approved_date=?,
        disbursement_date=?,
        emi_amount=?,
        interest_rate=?,
        account_id=?,
        loan_account_number=?,
        loan_type=?,
        maturity_date=?,
        principal_amount=?,
        status=?,
        tenure_months=?,
        total_amount=?,
        user_id=? 
    where
        id=?
2026-01-11 17:14:43 [http-nio-8989-exec-1] DEBUG o.s.w.s.m.m.a.HttpEntityMethodProcessor - Using 'application/json', given [*/*] and supported [application/json, application/*+json]
2026-01-11 17:14:43 [http-nio-8989-exec-1] DEBUG o.s.w.s.m.m.a.HttpEntityMethodProcessor - Writing [com.app.bank.web.dto.LoanResponse@7d5696b9]
2026-01-11 17:14:43 [http-nio-8989-exec-1] DEBUG o.s.web.servlet.DispatcherServlet - Completed 200 OK
2026-01-11 17:15:03 [http-nio-8989-exec-3] DEBUG o.s.security.web.FilterChainProxy - Securing GET /api/v1/auth/my-loans
2026-01-11 17:15:03 [http-nio-8989-exec-3] DEBUG org.hibernate.SQL - 
    select
        u1_0.id,
        u1_0.aadhar_number,
        u1_0.address,
        u1_0.created_at,
        u1_0.email,
        u1_0.failed_login_attempts,
        u1_0.first_name,
        u1_0.last_login_at,
        u1_0.last_name,
        u1_0.monthly_income,
        u1_0.pan_number,
        u1_0.password,
        u1_0.phone,
        u1_0.role,
        u1_0.status,
        u1_0.username 
    from
        users u1_0 
    where
        u1_0.username=?
2026-01-11 17:15:03 [http-nio-8989-exec-3] DEBUG o.s.security.web.FilterChainProxy - Secured GET /api/v1/auth/my-loans
2026-01-11 17:15:03 [http-nio-8989-exec-3] DEBUG o.s.web.servlet.DispatcherServlet - GET "/api/v1/auth/my-loans", parameters={}
2026-01-11 17:15:03 [http-nio-8989-exec-3] DEBUG o.s.w.s.m.m.a.RequestMappingHandlerMapping - Mapped to com.app.bank.web.controller.LoanController#getMyLoans(Authentication)
2026-01-11 17:15:03 [http-nio-8989-exec-3] DEBUG org.hibernate.SQL - 
    select
        u1_0.id,
        u1_0.aadhar_number,
        u1_0.address,
        u1_0.created_at,
        u1_0.email,
        u1_0.failed_login_attempts,
        u1_0.first_name,
        u1_0.last_login_at,
        u1_0.last_name,
        u1_0.monthly_income,
        u1_0.pan_number,
        u1_0.password,
        u1_0.phone,
        u1_0.role,
        u1_0.status,
        u1_0.username 
    from
        users u1_0 
    where
        u1_0.username=?
2026-01-11 17:15:04 [http-nio-8989-exec-3] DEBUG org.hibernate.SQL - 
    select
        l1_0.id,
        l1_0.applied_date,
        l1_0.approved_by,
        l1_0.approved_date,
        l1_0.disbursement_date,
        l1_0.emi_amount,
        l1_0.interest_rate,
        l1_0.account_id,
        l1_0.loan_account_number,
        l1_0.loan_type,
        l1_0.maturity_date,
        l1_0.principal_amount,
        l1_0.status,
        l1_0.tenure_months,
        l1_0.total_amount,
        l1_0.user_id 
    from
        loans l1_0 
    left join
        users u1_0 
            on u1_0.id=l1_0.user_id 
    where
        u1_0.id=?
2026-01-11 17:15:04 [http-nio-8989-exec-3] DEBUG org.hibernate.SQL - 
    select
        a1_0.id,
        a1_0.account_number,
        a1_0.account_type,
        a1_0.balance,
        a1_0.created_at,
        a1_0.interest_rate,
        a1_0.last_transaction_at,
        a1_0.minimum_balance,
        a1_0.status,
        a1_0.user_id,
        u1_0.id,
        u1_0.aadhar_number,
        u1_0.address,
        u1_0.created_at,
        u1_0.email,
        u1_0.failed_login_attempts,
        u1_0.first_name,
        u1_0.last_login_at,
        u1_0.last_name,
        u1_0.monthly_income,
        u1_0.pan_number,
        u1_0.password,
        u1_0.phone,
        u1_0.role,
        u1_0.status,
        u1_0.username 
    from
        accounts a1_0 
    join
        users u1_0 
            on u1_0.id=a1_0.user_id 
    where
        a1_0.id=?
2026-01-11 17:15:04 [http-nio-8989-exec-3] DEBUG o.s.w.s.m.m.a.HttpEntityMethodProcessor - Using 'application/json', given [*/*] and supported [application/json, application/*+json]
2026-01-11 17:15:04 [http-nio-8989-exec-3] DEBUG o.s.w.s.m.m.a.HttpEntityMethodProcessor - Writing [[com.app.bank.web.dto.LoanResponse@8ad0194, com.app.bank.web.dto.LoanResponse@3ed31afb]]
2026-01-11 17:15:04 [http-nio-8989-exec-3] DEBUG o.s.web.servlet.DispatcherServlet - Completed 200 OK
2026-01-11 17:15:34 [http-nio-8989-exec-2] DEBUG o.s.security.web.FilterChainProxy - Securing GET /api/v1/auth/all-loans
2026-01-11 17:15:34 [http-nio-8989-exec-2] DEBUG org.hibernate.SQL - 
    select
        u1_0.id,
        u1_0.aadhar_number,
        u1_0.address,
        u1_0.created_at,
        u1_0.email,
        u1_0.failed_login_attempts,
        u1_0.first_name,
        u1_0.last_login_at,
        u1_0.last_name,
        u1_0.monthly_income,
        u1_0.pan_number,
        u1_0.password,
        u1_0.phone,
        u1_0.role,
        u1_0.status,
        u1_0.username 
    from
        users u1_0 
    where
        u1_0.username=?
2026-01-11 17:15:34 [http-nio-8989-exec-2] DEBUG o.s.s.w.a.AccessDeniedHandlerImpl - Responding with 403 status code
2026-01-11 17:15:34 [http-nio-8989-exec-2] DEBUG o.s.security.web.FilterChainProxy - Securing GET /error
2026-01-11 17:15:34 [http-nio-8989-exec-2] DEBUG o.s.security.web.FilterChainProxy - Secured GET /error
2026-01-11 17:15:34 [http-nio-8989-exec-2] DEBUG o.s.web.servlet.DispatcherServlet - "ERROR" dispatch for GET "/error", parameters={}
2026-01-11 17:15:34 [http-nio-8989-exec-2] DEBUG o.s.w.s.m.m.a.RequestMappingHandlerMapping - Mapped to org.springframework.boot.autoconfigure.web.servlet.error.BasicErrorController#error(HttpServletRequest)
2026-01-11 17:15:34 [http-nio-8989-exec-2] DEBUG o.s.w.s.m.m.a.HttpEntityMethodProcessor - Using 'application/json', given [*/*] and supported [application/json, application/*+json]
2026-01-11 17:15:34 [http-nio-8989-exec-2] DEBUG o.s.w.s.m.m.a.HttpEntityMethodProcessor - Writing [{timestamp=Sun Jan 11 17:15:34 IST 2026, status=403, error=Forbidden, message=Forbidden, path=/api/v (truncated)...]
2026-01-11 17:15:34 [http-nio-8989-exec-2] DEBUG o.s.web.servlet.DispatcherServlet - Exiting from "ERROR" dispatch, status 403
2026-01-11 17:15:34 [http-nio-8989-exec-2] DEBUG o.s.s.w.a.AnonymousAuthenticationFilter - Set SecurityContextHolder to anonymous SecurityContext
2026-01-11 17:15:48 [http-nio-8989-exec-4] DEBUG o.s.security.web.FilterChainProxy - Securing GET /api/v1/auth/all-loans
2026-01-11 17:15:48 [http-nio-8989-exec-4] DEBUG org.hibernate.SQL - 
    select
        u1_0.id,
        u1_0.aadhar_number,
        u1_0.address,
        u1_0.created_at,
        u1_0.email,
        u1_0.failed_login_attempts,
        u1_0.first_name,
        u1_0.last_login_at,
        u1_0.last_name,
        u1_0.monthly_income,
        u1_0.pan_number,
        u1_0.password,
        u1_0.phone,
        u1_0.role,
        u1_0.status,
        u1_0.username 
    from
        users u1_0 
    where
        u1_0.username=?
2026-01-11 17:15:48 [http-nio-8989-exec-4] DEBUG o.s.security.web.FilterChainProxy - Secured GET /api/v1/auth/all-loans
2026-01-11 17:15:48 [http-nio-8989-exec-4] DEBUG o.s.web.servlet.DispatcherServlet - GET "/api/v1/auth/all-loans", parameters={}
2026-01-11 17:15:48 [http-nio-8989-exec-4] DEBUG o.s.w.s.m.m.a.RequestMappingHandlerMapping - Mapped to com.app.bank.web.controller.LoanController#getAllLoans(LoanStatus, Pageable)
2026-01-11 17:15:48 [http-nio-8989-exec-4] DEBUG org.hibernate.SQL - 
    select
        l1_0.id,
        l1_0.applied_date,
        l1_0.approved_by,
        l1_0.approved_date,
        l1_0.disbursement_date,
        l1_0.emi_amount,
        l1_0.interest_rate,
        l1_0.account_id,
        l1_0.loan_account_number,
        l1_0.loan_type,
        l1_0.maturity_date,
        l1_0.principal_amount,
        l1_0.status,
        l1_0.tenure_months,
        l1_0.total_amount,
        l1_0.user_id 
    from
        loans l1_0 
    limit
        ?, ?
2026-01-11 17:15:48 [http-nio-8989-exec-4] DEBUG org.hibernate.SQL - 
    select
        a1_0.id,
        a1_0.account_number,
        a1_0.account_type,
        a1_0.balance,
        a1_0.created_at,
        a1_0.interest_rate,
        a1_0.last_transaction_at,
        a1_0.minimum_balance,
        a1_0.status,
        a1_0.user_id,
        u1_0.id,
        u1_0.aadhar_number,
        u1_0.address,
        u1_0.created_at,
        u1_0.email,
        u1_0.failed_login_attempts,
        u1_0.first_name,
        u1_0.last_login_at,
        u1_0.last_name,
        u1_0.monthly_income,
        u1_0.pan_number,
        u1_0.password,
        u1_0.phone,
        u1_0.role,
        u1_0.status,
        u1_0.username 
    from
        accounts a1_0 
    join
        users u1_0 
            on u1_0.id=a1_0.user_id 
    where
        a1_0.id=?
2026-01-11 17:15:48 [http-nio-8989-exec-4] DEBUG org.hibernate.SQL - 
    select
        a1_0.id,
        a1_0.account_number,
        a1_0.account_type,
        a1_0.balance,
        a1_0.created_at,
        a1_0.interest_rate,
        a1_0.last_transaction_at,
        a1_0.minimum_balance,
        a1_0.status,
        a1_0.user_id,
        u1_0.id,
        u1_0.aadhar_number,
        u1_0.address,
        u1_0.created_at,
        u1_0.email,
        u1_0.failed_login_attempts,
        u1_0.first_name,
        u1_0.last_login_at,
        u1_0.last_name,
        u1_0.monthly_income,
        u1_0.pan_number,
        u1_0.password,
        u1_0.phone,
        u1_0.role,
        u1_0.status,
        u1_0.username 
    from
        accounts a1_0 
    join
        users u1_0 
            on u1_0.id=a1_0.user_id 
    where
        a1_0.id=?
2026-01-11 17:15:48 [http-nio-8989-exec-4] DEBUG org.hibernate.SQL - 
    select
        a1_0.id,
        a1_0.account_number,
        a1_0.account_type,
        a1_0.balance,
        a1_0.created_at,
        a1_0.interest_rate,
        a1_0.last_transaction_at,
        a1_0.minimum_balance,
        a1_0.status,
        a1_0.user_id,
        u1_0.id,
        u1_0.aadhar_number,
        u1_0.address,
        u1_0.created_at,
        u1_0.email,
        u1_0.failed_login_attempts,
        u1_0.first_name,
        u1_0.last_login_at,
        u1_0.last_name,
        u1_0.monthly_income,
        u1_0.pan_number,
        u1_0.password,
        u1_0.phone,
        u1_0.role,
        u1_0.status,
        u1_0.username 
    from
        accounts a1_0 
    join
        users u1_0 
            on u1_0.id=a1_0.user_id 
    where
        a1_0.id=?
2026-01-11 17:15:48 [http-nio-8989-exec-4] DEBUG o.s.w.s.m.m.a.HttpEntityMethodProcessor - Using 'application/json', given [*/*] and supported [application/json, application/*+json]
2026-01-11 17:15:48 [http-nio-8989-exec-4] DEBUG o.s.w.s.m.m.a.HttpEntityMethodProcessor - Writing [Page 1 of 1 containing com.app.bank.web.dto.LoanResponse instances]
2026-01-11 17:15:48 [http-nio-8989-exec-4] DEBUG o.s.web.servlet.DispatcherServlet - Completed 200 OK
2026-01-11 17:16:42 [http-nio-8989-exec-5] DEBUG o.s.security.web.FilterChainProxy - Securing GET /api/v1/auth/my-loans
2026-01-11 17:16:42 [http-nio-8989-exec-5] DEBUG org.hibernate.SQL - 
    select
        u1_0.id,
        u1_0.aadhar_number,
        u1_0.address,
        u1_0.created_at,
        u1_0.email,
        u1_0.failed_login_attempts,
        u1_0.first_name,
        u1_0.last_login_at,
        u1_0.last_name,
        u1_0.monthly_income,
        u1_0.pan_number,
        u1_0.password,
        u1_0.phone,
        u1_0.role,
        u1_0.status,
        u1_0.username 
    from
        users u1_0 
    where
        u1_0.username=?
2026-01-11 17:16:42 [http-nio-8989-exec-5] DEBUG o.s.security.web.FilterChainProxy - Secured GET /api/v1/auth/my-loans
2026-01-11 17:16:42 [http-nio-8989-exec-5] DEBUG o.s.web.servlet.DispatcherServlet - GET "/api/v1/auth/my-loans", parameters={}
2026-01-11 17:16:42 [http-nio-8989-exec-5] DEBUG o.s.w.s.m.m.a.RequestMappingHandlerMapping - Mapped to com.app.bank.web.controller.LoanController#getMyLoans(Authentication)
2026-01-11 17:16:42 [http-nio-8989-exec-5] DEBUG org.hibernate.SQL - 
    select
        u1_0.id,
        u1_0.aadhar_number,
        u1_0.address,
        u1_0.created_at,
        u1_0.email,
        u1_0.failed_login_attempts,
        u1_0.first_name,
        u1_0.last_login_at,
        u1_0.last_name,
        u1_0.monthly_income,
        u1_0.pan_number,
        u1_0.password,
        u1_0.phone,
        u1_0.role,
        u1_0.status,
        u1_0.username 
    from
        users u1_0 
    where
        u1_0.username=?
2026-01-11 17:16:42 [http-nio-8989-exec-5] DEBUG org.hibernate.SQL - 
    select
        l1_0.id,
        l1_0.applied_date,
        l1_0.approved_by,
        l1_0.approved_date,
        l1_0.disbursement_date,
        l1_0.emi_amount,
        l1_0.interest_rate,
        l1_0.account_id,
        l1_0.loan_account_number,
        l1_0.loan_type,
        l1_0.maturity_date,
        l1_0.principal_amount,
        l1_0.status,
        l1_0.tenure_months,
        l1_0.total_amount,
        l1_0.user_id 
    from
        loans l1_0 
    left join
        users u1_0 
            on u1_0.id=l1_0.user_id 
    where
        u1_0.id=?
2026-01-11 17:16:42 [http-nio-8989-exec-5] DEBUG org.hibernate.SQL - 
    select
        a1_0.id,
        a1_0.account_number,
        a1_0.account_type,
        a1_0.balance,
        a1_0.created_at,
        a1_0.interest_rate,
        a1_0.last_transaction_at,
        a1_0.minimum_balance,
        a1_0.status,
        a1_0.user_id,
        u1_0.id,
        u1_0.aadhar_number,
        u1_0.address,
        u1_0.created_at,
        u1_0.email,
        u1_0.failed_login_attempts,
        u1_0.first_name,
        u1_0.last_login_at,
        u1_0.last_name,
        u1_0.monthly_income,
        u1_0.pan_number,
        u1_0.password,
        u1_0.phone,
        u1_0.role,
        u1_0.status,
        u1_0.username 
    from
        accounts a1_0 
    join
        users u1_0 
            on u1_0.id=a1_0.user_id 
    where
        a1_0.id=?
2026-01-11 17:16:42 [http-nio-8989-exec-5] DEBUG o.s.w.s.m.m.a.HttpEntityMethodProcessor - Using 'application/json', given [*/*] and supported [application/json, application/*+json]
2026-01-11 17:16:42 [http-nio-8989-exec-5] DEBUG o.s.w.s.m.m.a.HttpEntityMethodProcessor - Writing [[com.app.bank.web.dto.LoanResponse@7d65a273]]
2026-01-11 17:16:42 [http-nio-8989-exec-5] DEBUG o.s.web.servlet.DispatcherServlet - Completed 200 OK
2026-01-11 17:17:17 [http-nio-8989-exec-6] DEBUG o.s.security.web.FilterChainProxy - Securing POST /api/v1/auth/LOAN1768057013021/repay-loan?amount=100000
2026-01-11 17:17:17 [http-nio-8989-exec-6] DEBUG org.hibernate.SQL - 
    select
        u1_0.id,
        u1_0.aadhar_number,
        u1_0.address,
        u1_0.created_at,
        u1_0.email,
        u1_0.failed_login_attempts,
        u1_0.first_name,
        u1_0.last_login_at,
        u1_0.last_name,
        u1_0.monthly_income,
        u1_0.pan_number,
        u1_0.password,
        u1_0.phone,
        u1_0.role,
        u1_0.status,
        u1_0.username 
    from
        users u1_0 
    where
        u1_0.username=?
2026-01-11 17:17:17 [http-nio-8989-exec-6] DEBUG o.s.security.web.FilterChainProxy - Secured POST /api/v1/auth/LOAN1768057013021/repay-loan?amount=100000
2026-01-11 17:17:17 [http-nio-8989-exec-6] DEBUG o.s.web.servlet.DispatcherServlet - POST "/api/v1/auth/LOAN1768057013021/repay-loan?amount=100000", parameters={masked}
2026-01-11 17:17:17 [http-nio-8989-exec-6] DEBUG o.s.w.s.m.m.a.RequestMappingHandlerMapping - Mapped to com.app.bank.web.controller.LoanController#repayLoan(String, BigDecimal, Authentication)
2026-01-11 17:17:17 [http-nio-8989-exec-6] DEBUG org.hibernate.SQL - 
    select
        l1_0.id,
        l1_0.applied_date,
        l1_0.approved_by,
        l1_0.approved_date,
        l1_0.disbursement_date,
        l1_0.emi_amount,
        l1_0.interest_rate,
        l1_0.account_id,
        l1_0.loan_account_number,
        l1_0.loan_type,
        l1_0.maturity_date,
        l1_0.principal_amount,
        l1_0.status,
        l1_0.tenure_months,
        l1_0.total_amount,
        l1_0.user_id 
    from
        loans l1_0 
    where
        l1_0.loan_account_number=?
2026-01-11 17:17:17 [http-nio-8989-exec-6] DEBUG org.hibernate.SQL - 
    select
        a1_0.id,
        a1_0.account_number,
        a1_0.account_type,
        a1_0.balance,
        a1_0.created_at,
        a1_0.interest_rate,
        a1_0.last_transaction_at,
        a1_0.minimum_balance,
        a1_0.status,
        a1_0.user_id,
        u1_0.id,
        u1_0.aadhar_number,
        u1_0.address,
        u1_0.created_at,
        u1_0.email,
        u1_0.failed_login_attempts,
        u1_0.first_name,
        u1_0.last_login_at,
        u1_0.last_name,
        u1_0.monthly_income,
        u1_0.pan_number,
        u1_0.password,
        u1_0.phone,
        u1_0.role,
        u1_0.status,
        u1_0.username 
    from
        accounts a1_0 
    join
        users u1_0 
            on u1_0.id=a1_0.user_id 
    where
        a1_0.id=?
2026-01-11 17:17:17 [http-nio-8989-exec-6] DEBUG org.hibernate.SQL - 
    select
        u1_0.id,
        u1_0.aadhar_number,
        u1_0.address,
        u1_0.created_at,
        u1_0.email,
        u1_0.failed_login_attempts,
        u1_0.first_name,
        u1_0.last_login_at,
        u1_0.last_name,
        u1_0.monthly_income,
        u1_0.pan_number,
        u1_0.password,
        u1_0.phone,
        u1_0.role,
        u1_0.status,
        u1_0.username 
    from
        users u1_0 
    where
        u1_0.username=?
2026-01-11 17:17:17 [http-nio-8989-exec-6] DEBUG o.s.web.servlet.DispatcherServlet - Failed to complete request: com.app.bank.web.exception.BankException: This loan doesn't blngs to you
2026-01-11 17:17:17 [http-nio-8989-exec-6] ERROR o.a.c.c.C.[.[.[.[dispatcherServlet] - Servlet.service() for servlet [dispatcherServlet] in context with path [] threw exception [Request processing failed: com.app.bank.web.exception.BankException: This loan doesn't blngs to you] with root cause
com.app.bank.web.exception.BankException: This loan doesn't blngs to you
	at com.app.bank.web.service.LoanService.repayLoan(LoanService.java:97)
	at java.base/jdk.internal.reflect.NativeMethodAccessorImpl.invoke0(Native Method)
	at java.base/jdk.internal.reflect.NativeMethodAccessorImpl.invoke(NativeMethodAccessorImpl.java:77)
	at java.base/jdk.internal.reflect.DelegatingMethodAccessorImpl.invoke(DelegatingMethodAccessorImpl.java:43)
	at java.base/java.lang.reflect.Method.invoke(Method.java:568)
	at org.springframework.aop.support.AopUtils.invokeJoinpointUsingReflection(AopUtils.java:360)
	at org.springframework.aop.framework.ReflectiveMethodInvocation.invokeJoinpoint(ReflectiveMethodInvocation.java:196)
	at org.springframework.aop.framework.ReflectiveMethodInvocation.proceed(ReflectiveMethodInvocation.java:163)
	at org.springframework.transaction.interceptor.TransactionAspectSupport.invokeWithinTransaction(TransactionAspectSupport.java:380)
	at org.springframework.transaction.interceptor.TransactionInterceptor.invoke(TransactionInterceptor.java:119)
	at org.springframework.aop.framework.ReflectiveMethodInvocation.proceed(ReflectiveMethodInvocation.java:184)
	at org.springframework.aop.framework.CglibAopProxy$DynamicAdvisedInterceptor.intercept(CglibAopProxy.java:728)
	at com.app.bank.web.service.LoanService$$SpringCGLIB$$0.repayLoan(<generated>)
	at com.app.bank.web.controller.LoanController.repayLoan(LoanController.java:47)
	at java.base/jdk.internal.reflect.NativeMethodAccessorImpl.invoke0(Native Method)
	at java.base/jdk.internal.reflect.NativeMethodAccessorImpl.invoke(NativeMethodAccessorImpl.java:77)
	at java.base/jdk.internal.reflect.DelegatingMethodAccessorImpl.invoke(DelegatingMethodAccessorImpl.java:43)
	at java.base/java.lang.reflect.Method.invoke(Method.java:568)
	at org.springframework.web.method.support.InvocableHandlerMethod.doInvoke(InvocableHandlerMethod.java:258)
	at org.springframework.web.method.support.InvocableHandlerMethod.invokeForRequest(InvocableHandlerMethod.java:191)
	at org.springframework.web.servlet.mvc.method.annotation.ServletInvocableHandlerMethod.invokeAndHandle(ServletInvocableHandlerMethod.java:118)
	at org.springframework.web.servlet.mvc.method.annotation.RequestMappingHandlerAdapter.invokeHandlerMethod(RequestMappingHandlerAdapter.java:991)
	at org.springframework.web.servlet.mvc.method.annotation.RequestMappingHandlerAdapter.handleInternal(RequestMappingHandlerAdapter.java:896)
	at org.springframework.web.servlet.mvc.method.AbstractHandlerMethodAdapter.handle(AbstractHandlerMethodAdapter.java:87)
	at org.springframework.web.servlet.DispatcherServlet.doDispatch(DispatcherServlet.java:1089)
	at org.springframework.web.servlet.DispatcherServlet.doService(DispatcherServlet.java:979)
	at org.springframework.web.servlet.FrameworkServlet.processRequest(FrameworkServlet.java:1014)
	at org.springframework.web.servlet.FrameworkServlet.doPost(FrameworkServlet.java:914)
	at jakarta.servlet.http.HttpServlet.service(HttpServlet.java:590)
	at org.springframework.web.servlet.FrameworkServlet.service(FrameworkServlet.java:885)
	at jakarta.servlet.http.HttpServlet.service(HttpServlet.java:658)
	at org.apache.catalina.core.ApplicationFilterChain.internalDoFilter(ApplicationFilterChain.java:193)
	at org.apache.catalina.core.ApplicationFilterChain.doFilter(ApplicationFilterChain.java:138)
	at org.apache.tomcat.websocket.server.WsFilter.doFilter(WsFilter.java:51)
	at org.apache.catalina.core.ApplicationFilterChain.internalDoFilter(ApplicationFilterChain.java:162)
	at org.apache.catalina.core.ApplicationFilterChain.doFilter(ApplicationFilterChain.java:138)
	at org.springframework.web.filter.OncePerRequestFilter.doFilter(OncePerRequestFilter.java:110)
	at org.apache.catalina.core.ApplicationFilterChain.internalDoFilter(ApplicationFilterChain.java:162)
	at org.apache.catalina.core.ApplicationFilterChain.doFilter(ApplicationFilterChain.java:138)
	at org.springframework.web.filter.CompositeFilter$VirtualFilterChain.doFilter(CompositeFilter.java:108)
	at org.springframework.web.filter.CompositeFilter$VirtualFilterChain.doFilter(CompositeFilter.java:108)
	at org.springframework.security.web.FilterChainProxy.lambda$doFilterInternal$3(FilterChainProxy.java:231)
	at org.springframework.security.web.FilterChainProxy$VirtualFilterChain.doFilter(FilterChainProxy.java:365)
	at org.springframework.security.web.access.intercept.AuthorizationFilter.doFilter(AuthorizationFilter.java:101)
	at org.springframework.security.web.FilterChainProxy$VirtualFilterChain.doFilter(FilterChainProxy.java:374)
	at org.springframework.security.web.access.ExceptionTranslationFilter.doFilter(ExceptionTranslationFilter.java:125)
	at org.springframework.security.web.access.ExceptionTranslationFilter.doFilter(ExceptionTranslationFilter.java:119)
	at org.springframework.security.web.FilterChainProxy$VirtualFilterChain.doFilter(FilterChainProxy.java:374)
	at org.springframework.security.web.session.SessionManagementFilter.doFilter(SessionManagementFilter.java:131)
	at org.springframework.security.web.session.SessionManagementFilter.doFilter(SessionManagementFilter.java:85)
	at org.springframework.security.web.FilterChainProxy$VirtualFilterChain.doFilter(FilterChainProxy.java:374)
	at org.springframework.security.web.authentication.AnonymousAuthenticationFilter.doFilter(AnonymousAuthenticationFilter.java:100)
	at org.springframework.security.web.FilterChainProxy$VirtualFilterChain.doFilter(FilterChainProxy.java:374)
	at org.springframework.security.web.servletapi.SecurityContextHolderAwareRequestFilter.doFilter(SecurityContextHolderAwareRequestFilter.java:179)
	at org.springframework.security.web.FilterChainProxy$VirtualFilterChain.doFilter(FilterChainProxy.java:374)
	at org.springframework.security.web.savedrequest.RequestCacheAwareFilter.doFilter(RequestCacheAwareFilter.java:63)
	at org.springframework.security.web.FilterChainProxy$VirtualFilterChain.doFilter(FilterChainProxy.java:374)
	at com.app.bank.web.security.JwtAuthenticationFilter.doFilterInternal(JwtAuthenticationFilter.java:137)
	at org.springframework.web.filter.OncePerRequestFilter.doFilter(OncePerRequestFilter.java:116)
	at org.springframework.security.web.FilterChainProxy$VirtualFilterChain.doFilter(FilterChainProxy.java:374)
	at org.springframework.security.web.authentication.logout.LogoutFilter.doFilter(LogoutFilter.java:107)
	at org.springframework.security.web.authentication.logout.LogoutFilter.doFilter(LogoutFilter.java:93)
	at org.springframework.security.web.FilterChainProxy$VirtualFilterChain.doFilter(FilterChainProxy.java:374)
	at org.springframework.web.filter.CorsFilter.doFilterInternal(CorsFilter.java:91)
	at org.springframework.web.filter.OncePerRequestFilter.doFilter(OncePerRequestFilter.java:116)
	at org.springframework.security.web.FilterChainProxy$VirtualFilterChain.doFilter(FilterChainProxy.java:374)
	at org.springframework.security.web.header.HeaderWriterFilter.doHeadersAfter(HeaderWriterFilter.java:90)
	at org.springframework.security.web.header.HeaderWriterFilter.doFilterInternal(HeaderWriterFilter.java:75)
	at org.springframework.web.filter.OncePerRequestFilter.doFilter(OncePerRequestFilter.java:116)
	at org.springframework.security.web.FilterChainProxy$VirtualFilterChain.doFilter(FilterChainProxy.java:374)
	at org.springframework.security.web.context.SecurityContextHolderFilter.doFilter(SecurityContextHolderFilter.java:82)
	at org.springframework.security.web.context.SecurityContextHolderFilter.doFilter(SecurityContextHolderFilter.java:69)
	at org.springframework.security.web.FilterChainProxy$VirtualFilterChain.doFilter(FilterChainProxy.java:374)
	at org.springframework.security.web.context.request.async.WebAsyncManagerIntegrationFilter.doFilterInternal(WebAsyncManagerIntegrationFilter.java:62)
	at org.springframework.web.filter.OncePerRequestFilter.doFilter(OncePerRequestFilter.java:116)
	at org.springframework.security.web.FilterChainProxy$VirtualFilterChain.doFilter(FilterChainProxy.java:374)
	at org.springframework.security.web.session.DisableEncodeUrlFilter.doFilterInternal(DisableEncodeUrlFilter.java:42)
	at org.springframework.web.filter.OncePerRequestFilter.doFilter(OncePerRequestFilter.java:116)
	at org.springframework.security.web.FilterChainProxy$VirtualFilterChain.doFilter(FilterChainProxy.java:374)
	at org.springframework.security.web.FilterChainProxy.doFilterInternal(FilterChainProxy.java:233)
	at org.springframework.security.web.FilterChainProxy.doFilter(FilterChainProxy.java:191)
	at org.springframework.web.filter.CompositeFilter$VirtualFilterChain.doFilter(CompositeFilter.java:113)
	at org.springframework.web.filter.ServletRequestPathFilter.doFilter(ServletRequestPathFilter.java:52)
	at org.springframework.web.filter.CompositeFilter$VirtualFilterChain.doFilter(CompositeFilter.java:113)
	at org.springframework.web.filter.CompositeFilter.doFilter(CompositeFilter.java:74)
	at org.springframework.security.config.annotation.web.configuration.WebSecurityConfiguration$CompositeFilterChainProxy.doFilter(WebSecurityConfiguration.java:319)
	at org.springframework.web.filter.CompositeFilter$VirtualFilterChain.doFilter(CompositeFilter.java:113)
	at org.springframework.web.servlet.handler.HandlerMappingIntrospector.lambda$createCacheFilter$4(HandlerMappingIntrospector.java:267)
	at org.springframework.web.filter.CompositeFilter$VirtualFilterChain.doFilter(CompositeFilter.java:113)
	at org.springframework.web.filter.CompositeFilter.doFilter(CompositeFilter.java:74)
	at org.springframework.security.config.annotation.web.configuration.WebMvcSecurityConfiguration$CompositeFilterChainProxy.doFilter(WebMvcSecurityConfiguration.java:240)
	at org.springframework.web.filter.DelegatingFilterProxy.invokeDelegate(DelegatingFilterProxy.java:362)
	at org.springframework.web.filter.DelegatingFilterProxy.doFilter(DelegatingFilterProxy.java:278)
	at org.apache.catalina.core.ApplicationFilterChain.internalDoFilter(ApplicationFilterChain.java:162)
	at org.apache.catalina.core.ApplicationFilterChain.doFilter(ApplicationFilterChain.java:138)
	at org.springframework.web.filter.RequestContextFilter.doFilterInternal(RequestContextFilter.java:100)
	at org.springframework.web.filter.OncePerRequestFilter.doFilter(OncePerRequestFilter.java:116)
	at org.apache.catalina.core.ApplicationFilterChain.internalDoFilter(ApplicationFilterChain.java:162)
	at org.apache.catalina.core.ApplicationFilterChain.doFilter(ApplicationFilterChain.java:138)
	at org.springframework.web.filter.FormContentFilter.doFilterInternal(FormContentFilter.java:93)
	at org.springframework.web.filter.OncePerRequestFilter.doFilter(OncePerRequestFilter.java:116)
	at org.apache.catalina.core.ApplicationFilterChain.internalDoFilter(ApplicationFilterChain.java:162)
	at org.apache.catalina.core.ApplicationFilterChain.doFilter(ApplicationFilterChain.java:138)
	at org.springframework.web.filter.CharacterEncodingFilter.doFilterInternal(CharacterEncodingFilter.java:201)
	at org.springframework.web.filter.OncePerRequestFilter.doFilter(OncePerRequestFilter.java:116)
	at org.apache.catalina.core.ApplicationFilterChain.internalDoFilter(ApplicationFilterChain.java:162)
	at org.apache.catalina.core.ApplicationFilterChain.doFilter(ApplicationFilterChain.java:138)
	at org.apache.catalina.core.StandardWrapperValve.invoke(StandardWrapperValve.java:165)
	at org.apache.catalina.core.StandardContextValve.invoke(StandardContextValve.java:88)
	at org.apache.catalina.authenticator.AuthenticatorBase.invoke(AuthenticatorBase.java:482)
	at org.apache.catalina.core.StandardHostValve.invoke(StandardHostValve.java:113)
	at org.apache.catalina.valves.ErrorReportValve.invoke(ErrorReportValve.java:83)
	at org.apache.catalina.core.StandardEngineValve.invoke(StandardEngineValve.java:72)
	at org.apache.catalina.connector.CoyoteAdapter.service(CoyoteAdapter.java:342)
	at org.apache.coyote.http11.Http11Processor.service(Http11Processor.java:399)
	at org.apache.coyote.AbstractProcessorLight.process(AbstractProcessorLight.java:63)
	at org.apache.coyote.AbstractProtocol$ConnectionHandler.process(AbstractProtocol.java:903)
	at org.apache.tomcat.util.net.NioEndpoint$SocketProcessor.doRun(NioEndpoint.java:1774)
	at org.apache.tomcat.util.net.SocketProcessorBase.run(SocketProcessorBase.java:52)
	at org.apache.tomcat.util.threads.ThreadPoolExecutor.runWorker(ThreadPoolExecutor.java:973)
	at org.apache.tomcat.util.threads.ThreadPoolExecutor$Worker.run(ThreadPoolExecutor.java:491)
	at org.apache.tomcat.util.threads.TaskThread$WrappingRunnable.run(TaskThread.java:63)
	at java.base/java.lang.Thread.run(Thread.java:842)
2026-01-11 17:17:17 [http-nio-8989-exec-6] DEBUG o.s.security.web.FilterChainProxy - Securing POST /error?amount=100000
2026-01-11 17:17:17 [http-nio-8989-exec-6] DEBUG o.s.security.web.FilterChainProxy - Secured POST /error?amount=100000
2026-01-11 17:17:17 [http-nio-8989-exec-6] DEBUG o.s.web.servlet.DispatcherServlet - "ERROR" dispatch for POST "/error?amount=100000", parameters={masked}
2026-01-11 17:17:17 [http-nio-8989-exec-6] DEBUG o.s.w.s.m.m.a.RequestMappingHandlerMapping - Mapped to org.springframework.boot.autoconfigure.web.servlet.error.BasicErrorController#error(HttpServletRequest)
2026-01-11 17:17:17 [http-nio-8989-exec-6] DEBUG o.s.w.s.m.m.a.HttpEntityMethodProcessor - Using 'application/json', given [*/*] and supported [application/json, application/*+json]
2026-01-11 17:17:17 [http-nio-8989-exec-6] DEBUG o.s.w.s.m.m.a.HttpEntityMethodProcessor - Writing [{timestamp=Sun Jan 11 17:17:17 IST 2026, status=500, error=Internal Server Error, trace=com.app.bank (truncated)...]
2026-01-11 17:17:17 [http-nio-8989-exec-6] DEBUG o.s.web.servlet.DispatcherServlet - Exiting from "ERROR" dispatch, status 500
2026-01-11 17:17:17 [http-nio-8989-exec-6] DEBUG o.s.s.w.a.AnonymousAuthenticationFilter - Set SecurityContextHolder to anonymous SecurityContext
2026-01-11 17:17:45 [http-nio-8989-exec-8] DEBUG o.s.security.web.FilterChainProxy - Securing POST /api/v1/auth/LOAN1768131814415/repay-loan?amount=100000
2026-01-11 17:17:45 [http-nio-8989-exec-8] DEBUG org.hibernate.SQL - 
    select
        u1_0.id,
        u1_0.aadhar_number,
        u1_0.address,
        u1_0.created_at,
        u1_0.email,
        u1_0.failed_login_attempts,
        u1_0.first_name,
        u1_0.last_login_at,
        u1_0.last_name,
        u1_0.monthly_income,
        u1_0.pan_number,
        u1_0.password,
        u1_0.phone,
        u1_0.role,
        u1_0.status,
        u1_0.username 
    from
        users u1_0 
    where
        u1_0.username=?
2026-01-11 17:17:45 [http-nio-8989-exec-8] DEBUG o.s.security.web.FilterChainProxy - Secured POST /api/v1/auth/LOAN1768131814415/repay-loan?amount=100000
2026-01-11 17:17:45 [http-nio-8989-exec-8] DEBUG o.s.web.servlet.DispatcherServlet - POST "/api/v1/auth/LOAN1768131814415/repay-loan?amount=100000", parameters={masked}
2026-01-11 17:17:45 [http-nio-8989-exec-8] DEBUG o.s.w.s.m.m.a.RequestMappingHandlerMapping - Mapped to com.app.bank.web.controller.LoanController#repayLoan(String, BigDecimal, Authentication)
2026-01-11 17:17:45 [http-nio-8989-exec-8] DEBUG org.hibernate.SQL - 
    select
        l1_0.id,
        l1_0.applied_date,
        l1_0.approved_by,
        l1_0.approved_date,
        l1_0.disbursement_date,
        l1_0.emi_amount,
        l1_0.interest_rate,
        l1_0.account_id,
        l1_0.loan_account_number,
        l1_0.loan_type,
        l1_0.maturity_date,
        l1_0.principal_amount,
        l1_0.status,
        l1_0.tenure_months,
        l1_0.total_amount,
        l1_0.user_id 
    from
        loans l1_0 
    where
        l1_0.loan_account_number=?
2026-01-11 17:17:45 [http-nio-8989-exec-8] DEBUG org.hibernate.SQL - 
    select
        a1_0.id,
        a1_0.account_number,
        a1_0.account_type,
        a1_0.balance,
        a1_0.created_at,
        a1_0.interest_rate,
        a1_0.last_transaction_at,
        a1_0.minimum_balance,
        a1_0.status,
        a1_0.user_id,
        u1_0.id,
        u1_0.aadhar_number,
        u1_0.address,
        u1_0.created_at,
        u1_0.email,
        u1_0.failed_login_attempts,
        u1_0.first_name,
        u1_0.last_login_at,
        u1_0.last_name,
        u1_0.monthly_income,
        u1_0.pan_number,
        u1_0.password,
        u1_0.phone,
        u1_0.role,
        u1_0.status,
        u1_0.username 
    from
        accounts a1_0 
    join
        users u1_0 
            on u1_0.id=a1_0.user_id 
    where
        a1_0.id=?
2026-01-11 17:17:45 [http-nio-8989-exec-8] DEBUG org.hibernate.SQL - 
    select
        u1_0.id,
        u1_0.aadhar_number,
        u1_0.address,
        u1_0.created_at,
        u1_0.email,
        u1_0.failed_login_attempts,
        u1_0.first_name,
        u1_0.last_login_at,
        u1_0.last_name,
        u1_0.monthly_income,
        u1_0.pan_number,
        u1_0.password,
        u1_0.phone,
        u1_0.role,
        u1_0.status,
        u1_0.username 
    from
        users u1_0 
    where
        u1_0.username=?
2026-01-11 17:17:45 [http-nio-8989-exec-8] DEBUG org.hibernate.SQL - 
    select
        r1_0.loan_id,
        r1_0.id,
        r1_0.created_at,
        r1_0.created_by,
        r1_0.due_amount,
        r1_0.due_date,
        r1_0.grace_period_end_date,
        r1_0.installment_number,
        r1_0.interest_amount,
        r1_0.late_payment_fee,
        r1_0.paid_amount,
        r1_0.payment_date,
        r1_0.payment_mode,
        r1_0.payment_reference,
        r1_0.penalty_rate,
        r1_0.principal_amount,
        r1_0.remaining_principal,
        r1_0.remarks,
        r1_0.status,
        r1_0.total_outstanding,
        r1_0.transaction_id,
        r1_0.updated_at,
        r1_0.updated_by 
    from
        loan_repayments r1_0 
    where
        r1_0.loan_id=?
2026-01-11 17:17:45 [http-nio-8989-exec-8] DEBUG org.hibernate.SQL - 
    update
        accounts 
    set
        account_number=?,
        account_type=?,
        balance=?,
        created_at=?,
        interest_rate=?,
        last_transaction_at=?,
        minimum_balance=?,
        status=?,
        user_id=? 
    where
        id=?
2026-01-11 17:17:45 [http-nio-8989-exec-8] DEBUG o.s.w.s.m.m.a.HttpEntityMethodProcessor - Using 'application/json', given [*/*] and supported [application/json, application/*+json]
2026-01-11 17:17:45 [http-nio-8989-exec-8] DEBUG o.s.w.s.m.m.a.HttpEntityMethodProcessor - Writing [{remining balance=1070087.84, message=Loan repayment successful}]
2026-01-11 17:17:45 [http-nio-8989-exec-8] DEBUG o.s.web.servlet.DispatcherServlet - Completed 200 OK
2026-01-11 18:22:09 [HikariPool-1:housekeeper] WARN  com.zaxxer.hikari.pool.HikariPool - HikariPool-1 - Thread starvation or clock leap detected (housekeeper delta=54m49s115ms166µs).
2026-01-11 18:22:54 [RMI TCP Connection(34)-127.0.0.1] INFO  o.s.b.a.SpringApplicationAdminMXBeanRegistrar$SpringApplicationAdmin - Application shutdown requested.
2026-01-11 18:22:54 [RMI TCP Connection(34)-127.0.0.1] INFO  o.s.b.w.e.tomcat.GracefulShutdown - Commencing graceful shutdown. Waiting for active requests to complete
2026-01-11 18:22:54 [tomcat-shutdown] INFO  o.a.coyote.http11.Http11NioProtocol - Pausing ProtocolHandler ["http-nio-8989"]
2026-01-11 18:22:54 [tomcat-shutdown] INFO  o.s.b.w.e.tomcat.GracefulShutdown - Graceful shutdown complete
2026-01-11 18:22:54 [RMI TCP Connection(34)-127.0.0.1] INFO  o.a.coyote.http11.Http11NioProtocol - Stopping ProtocolHandler ["http-nio-8989"]
2026-01-11 18:22:54 [RMI TCP Connection(34)-127.0.0.1] INFO  o.s.o.j.LocalContainerEntityManagerFactoryBean - Closing JPA EntityManagerFactory for persistence unit 'default'
2026-01-11 18:22:54 [RMI TCP Connection(34)-127.0.0.1] INFO  com.zaxxer.hikari.HikariDataSource - HikariPool-1 - Shutdown initiated...
2026-01-11 18:22:54 [RMI TCP Connection(34)-127.0.0.1] INFO  com.zaxxer.hikari.HikariDataSource - HikariPool-1 - Shutdown completed.
2026-01-11 18:24:12 [background-preinit] INFO  o.h.validator.internal.util.Version - HV000001: Hibernate Validator 8.0.3.Final
2026-01-11 18:24:12 [restartedMain] INFO  c.app.bank.web.ZplusbankApplication - Starting ZplusbankApplication using Java 17.0.10 with PID 19348 (C:\Users\91790\Documents\workspace-spring-tools-for-eclipse-5.0.0.RELEASE\zplusbank\target\classes started by 91790 in C:\Users\91790\Documents\workspace-spring-tools-for-eclipse-5.0.0.RELEASE\zplusbank)
2026-01-11 18:24:12 [restartedMain] INFO  c.app.bank.web.ZplusbankApplication - No active profile set, falling back to 1 default profile: "default"
2026-01-11 18:24:12 [restartedMain] INFO  o.s.b.d.restart.ChangeableUrls - The Class-Path manifest attribute in C:\Users\91790\.m2\repository\org\glassfish\jaxb\jaxb-runtime\2.3.1\jaxb-runtime-2.3.1.jar referenced one or more files that do not exist: file:/C:/Users/91790/.m2/repository/org/glassfish/jaxb/jaxb-runtime/2.3.1/jaxb-api-2.3.1.jar,file:/C:/Users/91790/.m2/repository/org/glassfish/jaxb/jaxb-runtime/2.3.1/txw2-2.3.1.jar,file:/C:/Users/91790/.m2/repository/org/glassfish/jaxb/jaxb-runtime/2.3.1/istack-commons-runtime-3.0.7.jar,file:/C:/Users/91790/.m2/repository/org/glassfish/jaxb/jaxb-runtime/2.3.1/stax-ex-1.8.jar,file:/C:/Users/91790/.m2/repository/org/glassfish/jaxb/jaxb-runtime/2.3.1/FastInfoset-1.2.15.jar,file:/C:/Users/91790/.m2/repository/org/glassfish/jaxb/jaxb-runtime/2.3.1/javax.activation-api-1.2.0.jar
2026-01-11 18:24:12 [restartedMain] INFO  o.s.b.d.e.DevToolsPropertyDefaultsPostProcessor - Devtools property defaults active! Set 'spring.devtools.add-properties' to 'false' to disable
2026-01-11 18:24:12 [restartedMain] INFO  o.s.b.d.e.DevToolsPropertyDefaultsPostProcessor - For additional web related logging consider setting the 'logging.level.web' property to 'DEBUG'
2026-01-11 18:24:13 [restartedMain] INFO  o.s.d.r.c.RepositoryConfigurationDelegate - Bootstrapping Spring Data JPA repositories in DEFAULT mode.
2026-01-11 18:24:13 [restartedMain] INFO  o.s.d.r.c.RepositoryConfigurationDelegate - Finished Spring Data repository scanning in 71 ms. Found 5 JPA repository interfaces.
2026-01-11 18:24:13 [restartedMain] INFO  o.s.b.w.e.tomcat.TomcatWebServer - Tomcat initialized with port 8989 (http)
2026-01-11 18:24:13 [restartedMain] INFO  o.a.coyote.http11.Http11NioProtocol - Initializing ProtocolHandler ["http-nio-8989"]
2026-01-11 18:24:13 [restartedMain] INFO  o.a.catalina.core.StandardService - Starting service [Tomcat]
2026-01-11 18:24:13 [restartedMain] INFO  o.a.catalina.core.StandardEngine - Starting Servlet engine: [Apache Tomcat/10.1.50]
2026-01-11 18:24:14 [restartedMain] INFO  o.a.c.c.C.[Tomcat].[localhost].[/] - Initializing Spring embedded WebApplicationContext
2026-01-11 18:24:14 [restartedMain] INFO  o.s.b.w.s.c.ServletWebServerApplicationContext - Root WebApplicationContext: initialization completed in 1459 ms
2026-01-11 18:24:14 [restartedMain] INFO  o.h.jpa.internal.util.LogHelper - HHH000204: Processing PersistenceUnitInfo [name: default]
2026-01-11 18:24:14 [restartedMain] INFO  org.hibernate.Version - HHH000412: Hibernate ORM core version 6.6.39.Final
2026-01-11 18:24:14 [restartedMain] INFO  o.h.c.i.RegionFactoryInitiator - HHH000026: Second-level cache disabled
2026-01-11 18:24:14 [restartedMain] INFO  o.s.o.j.p.SpringPersistenceUnitInfo - No LoadTimeWeaver setup: ignoring JPA class transformer
2026-01-11 18:24:14 [restartedMain] INFO  com.zaxxer.hikari.HikariDataSource - HikariPool-1 - Starting...
2026-01-11 18:24:14 [restartedMain] INFO  com.zaxxer.hikari.pool.HikariPool - HikariPool-1 - Added connection com.mysql.cj.jdbc.ConnectionImpl@7cd434aa
2026-01-11 18:24:14 [restartedMain] INFO  com.zaxxer.hikari.HikariDataSource - HikariPool-1 - Start completed.
2026-01-11 18:24:14 [restartedMain] WARN  org.hibernate.orm.deprecation - HHH90000025: MySQL8Dialect does not need to be specified explicitly using 'hibernate.dialect' (remove the property setting and it will be selected by default)
2026-01-11 18:24:14 [restartedMain] WARN  org.hibernate.orm.deprecation - HHH90000026: MySQL8Dialect has been deprecated; use org.hibernate.dialect.MySQLDialect instead
2026-01-11 18:24:14 [restartedMain] INFO  o.hibernate.orm.connections.pooling - HHH10001005: Database info:
	Database JDBC URL [Connecting through datasource 'HikariDataSource (HikariPool-1)']
	Database driver: undefined/unknown
	Database version: 8.0
	Autocommit mode: undefined/unknown
	Isolation level: undefined/unknown
	Minimum pool size: undefined/unknown
	Maximum pool size: undefined/unknown
2026-01-11 18:24:15 [restartedMain] INFO  o.h.e.t.j.p.i.JtaPlatformInitiator - HHH000489: No JTA platform available (set 'hibernate.transaction.jta.platform' to enable JTA platform integration)
2026-01-11 18:24:15 [restartedMain] DEBUG org.hibernate.SQL - 
    alter table loan_repayments 
       modify column status enum ('ADVANCED_PAID','DEFAULTED','OVERDUE','PAID','PARTIALLY_PAID','PENDING','WAIVED_OFF') not null
2026-01-11 18:24:16 [restartedMain] INFO  o.s.o.j.LocalContainerEntityManagerFactoryBean - Initialized JPA EntityManagerFactory for persistence unit 'default'
2026-01-11 18:24:16 [restartedMain] DEBUG o.h.s.internal.StatisticsInitiator - Statistics initialized [enabled=false]
2026-01-11 18:24:16 [restartedMain] INFO  o.s.d.j.r.query.QueryEnhancerFactory - Hibernate is in classpath; If applicable, HQL parser will be used.
2026-01-11 18:24:16 [restartedMain] INFO  o.s.s.c.a.a.c.InitializeAuthenticationProviderBeanManagerConfigurer$InitializeAuthenticationProviderManagerConfigurer - Global AuthenticationManager configured with AuthenticationProvider bean with name authenticationProvider
2026-01-11 18:24:16 [restartedMain] WARN  o.s.s.c.a.a.c.InitializeUserDetailsBeanManagerConfigurer$InitializeUserDetailsManagerConfigurer - Global AuthenticationManager configured with an AuthenticationProvider bean. UserDetailsService beans will not be used by Spring Security for automatically configuring username/password login. Consider removing the AuthenticationProvider bean. Alternatively, consider using the UserDetailsService in a manually instantiated DaoAuthenticationProvider. If the current configuration is intentional, to turn off this warning, increase the logging level of 'org.springframework.security.config.annotation.authentication.configuration.InitializeUserDetailsBeanManagerConfigurer' to ERROR
2026-01-11 18:24:17 [restartedMain] DEBUG o.s.w.s.m.m.a.RequestMappingHandlerMapping - 20 mappings in 'requestMappingHandlerMapping'
2026-01-11 18:24:17 [restartedMain] DEBUG o.s.w.s.h.SimpleUrlHandlerMapping - Patterns [/webjars/**, /**] in 'resourceHandlerMapping'
2026-01-11 18:24:17 [restartedMain] DEBUG o.s.s.web.DefaultSecurityFilterChain - Will secure any request with filters: DisableEncodeUrlFilter, WebAsyncManagerIntegrationFilter, SecurityContextHolderFilter, HeaderWriterFilter, CorsFilter, LogoutFilter, JwtAuthenticationFilter, RequestCacheAwareFilter, SecurityContextHolderAwareRequestFilter, AnonymousAuthenticationFilter, SessionManagementFilter, ExceptionTranslationFilter, AuthorizationFilter
2026-01-11 18:24:17 [restartedMain] DEBUG o.s.w.s.m.m.a.RequestMappingHandlerAdapter - ControllerAdvice beans: 0 @ModelAttribute, 0 @InitBinder, 1 RequestBodyAdvice, 1 ResponseBodyAdvice
2026-01-11 18:24:17 [restartedMain] WARN  o.s.b.a.t.ThymeleafAutoConfiguration$DefaultTemplateResolverConfiguration - Cannot find template location: classpath:/templates/emails/ (please add some templates, check your Thymeleaf configuration, or set spring.thymeleaf.check-template-location=false)
2026-01-11 18:24:17 [restartedMain] DEBUG o.s.w.s.m.m.a.ExceptionHandlerExceptionResolver - ControllerAdvice beans: 0 @ExceptionHandler, 1 ResponseBodyAdvice
2026-01-11 18:24:18 [restartedMain] INFO  o.s.b.d.a.OptionalLiveReloadServer - LiveReload server is running on port 35729
2026-01-11 18:24:18 [restartedMain] INFO  o.a.coyote.http11.Http11NioProtocol - Starting ProtocolHandler ["http-nio-8989"]
2026-01-11 18:24:18 [restartedMain] INFO  o.s.b.w.e.tomcat.TomcatWebServer - Tomcat started on port 8989 (http) with context path '/'
2026-01-11 18:24:18 [restartedMain] INFO  c.app.bank.web.ZplusbankApplication - Started ZplusbankApplication in 6.589 seconds (process running for 7.207)
2026-01-11 18:25:31 [http-nio-8989-exec-1] INFO  o.a.c.c.C.[Tomcat].[localhost].[/] - Initializing Spring DispatcherServlet 'dispatcherServlet'
2026-01-11 18:25:31 [http-nio-8989-exec-1] INFO  o.s.web.servlet.DispatcherServlet - Initializing Servlet 'dispatcherServlet'
2026-01-11 18:25:31 [http-nio-8989-exec-1] DEBUG o.s.web.servlet.DispatcherServlet - Detected StandardServletMultipartResolver
2026-01-11 18:25:31 [http-nio-8989-exec-1] DEBUG o.s.web.servlet.DispatcherServlet - Detected AcceptHeaderLocaleResolver
2026-01-11 18:25:31 [http-nio-8989-exec-1] DEBUG o.s.web.servlet.DispatcherServlet - Detected FixedThemeResolver
2026-01-11 18:25:31 [http-nio-8989-exec-1] DEBUG o.s.web.servlet.DispatcherServlet - Detected org.springframework.web.servlet.view.DefaultRequestToViewNameTranslator@38e591c5
2026-01-11 18:25:31 [http-nio-8989-exec-1] DEBUG o.s.web.servlet.DispatcherServlet - Detected org.springframework.web.servlet.support.SessionFlashMapManager@54d1159
2026-01-11 18:25:31 [http-nio-8989-exec-1] DEBUG o.s.web.servlet.DispatcherServlet - enableLoggingRequestDetails='false': request parameters and headers will be masked to prevent unsafe logging of potentially sensitive data
2026-01-11 18:25:31 [http-nio-8989-exec-1] INFO  o.s.web.servlet.DispatcherServlet - Completed initialization in 8 ms
2026-01-11 18:25:31 [http-nio-8989-exec-1] DEBUG o.s.security.web.FilterChainProxy - Securing POST /api/v1/auth/create-account
2026-01-11 18:25:32 [http-nio-8989-exec-1] DEBUG org.hibernate.SQL - 
    select
        u1_0.id,
        u1_0.aadhar_number,
        u1_0.address,
        u1_0.created_at,
        u1_0.email,
        u1_0.failed_login_attempts,
        u1_0.first_name,
        u1_0.last_login_at,
        u1_0.last_name,
        u1_0.monthly_income,
        u1_0.pan_number,
        u1_0.password,
        u1_0.phone,
        u1_0.role,
        u1_0.status,
        u1_0.username 
    from
        users u1_0 
    where
        u1_0.username=?
2026-01-11 18:25:32 [http-nio-8989-exec-1] DEBUG o.s.security.web.FilterChainProxy - Secured POST /api/v1/auth/create-account
2026-01-11 18:25:32 [http-nio-8989-exec-1] DEBUG o.s.web.servlet.DispatcherServlet - POST "/api/v1/auth/create-account", parameters={}
2026-01-11 18:25:32 [http-nio-8989-exec-1] DEBUG o.s.w.s.m.m.a.RequestMappingHandlerMapping - Mapped to com.app.bank.web.controller.AccountController#createAccount(CreateAccountRequest)
2026-01-11 18:25:32 [http-nio-8989-exec-1] DEBUG o.s.w.s.m.m.a.RequestResponseBodyMethodProcessor - Read "application/json;charset=UTF-8" to [com.app.bank.web.dto.CreateAccountRequest@5f79d95d]
2026-01-11 18:25:32 [http-nio-8989-exec-1] DEBUG org.hibernate.SQL - 
    select
        u1_0.id,
        u1_0.aadhar_number,
        u1_0.address,
        u1_0.created_at,
        u1_0.email,
        u1_0.failed_login_attempts,
        u1_0.first_name,
        u1_0.last_login_at,
        u1_0.last_name,
        u1_0.monthly_income,
        u1_0.pan_number,
        u1_0.password,
        u1_0.phone,
        u1_0.role,
        u1_0.status,
        u1_0.username 
    from
        users u1_0 
    where
        u1_0.id=?
2026-01-11 18:25:32 [http-nio-8989-exec-1] DEBUG org.hibernate.SQL - 
    insert 
    into
        accounts
        (account_number, account_type, balance, created_at, interest_rate, last_transaction_at, minimum_balance, status, user_id) 
    values
        (?, ?, ?, ?, ?, ?, ?, ?, ?)
2026-01-11 18:25:32 [http-nio-8989-exec-1] DEBUG org.hibernate.SQL - 
    insert 
    into
        transactions
        (amount, balance_after_transaction, description, from_account_id, reference_number, remarks, status, to_account_id, transaction_date, transaction_id, transaction_type) 
    values
        (?, ?, ?, ?, ?, ?, ?, ?, ?, ?, ?)
2026-01-11 18:25:32 [http-nio-8989-exec-1] DEBUG o.s.w.s.m.m.a.HttpEntityMethodProcessor - Using 'application/json', given [*/*] and supported [application/json, application/*+json]
2026-01-11 18:25:32 [http-nio-8989-exec-1] DEBUG o.s.w.s.m.m.a.HttpEntityMethodProcessor - Writing [com.app.bank.web.dto.AccountResponse@62b8804f]
2026-01-11 18:25:32 [http-nio-8989-exec-1] DEBUG o.s.web.servlet.DispatcherServlet - Completed 200 OK
2026-01-11 18:28:04 [http-nio-8989-exec-6] DEBUG o.s.security.web.FilterChainProxy - Securing GET /api/v1/auth/ZPB1361326006798
2026-01-11 18:28:04 [http-nio-8989-exec-6] DEBUG org.hibernate.SQL - 
    select
        u1_0.id,
        u1_0.aadhar_number,
        u1_0.address,
        u1_0.created_at,
        u1_0.email,
        u1_0.failed_login_attempts,
        u1_0.first_name,
        u1_0.last_login_at,
        u1_0.last_name,
        u1_0.monthly_income,
        u1_0.pan_number,
        u1_0.password,
        u1_0.phone,
        u1_0.role,
        u1_0.status,
        u1_0.username 
    from
        users u1_0 
    where
        u1_0.username=?
2026-01-11 18:28:04 [http-nio-8989-exec-6] DEBUG o.s.security.web.FilterChainProxy - Secured GET /api/v1/auth/ZPB1361326006798
2026-01-11 18:28:04 [http-nio-8989-exec-6] DEBUG o.s.web.servlet.DispatcherServlet - GET "/api/v1/auth/ZPB1361326006798", parameters={}
2026-01-11 18:28:04 [http-nio-8989-exec-6] DEBUG o.s.w.s.m.m.a.RequestMappingHandlerMapping - Mapped to com.app.bank.web.controller.AccountController#getAcconut(String, Authentication)
2026-01-11 18:28:04 [http-nio-8989-exec-6] DEBUG org.hibernate.SQL - 
    select
        u1_0.id,
        u1_0.aadhar_number,
        u1_0.address,
        u1_0.created_at,
        u1_0.email,
        u1_0.failed_login_attempts,
        u1_0.first_name,
        u1_0.last_login_at,
        u1_0.last_name,
        u1_0.monthly_income,
        u1_0.pan_number,
        u1_0.password,
        u1_0.phone,
        u1_0.role,
        u1_0.status,
        u1_0.username 
    from
        users u1_0 
    where
        u1_0.username=?
2026-01-11 18:28:04 [http-nio-8989-exec-6] DEBUG org.hibernate.SQL - 
    select
        a1_0.id,
        a1_0.account_number,
        a1_0.account_type,
        a1_0.balance,
        a1_0.created_at,
        a1_0.interest_rate,
        a1_0.last_transaction_at,
        a1_0.minimum_balance,
        a1_0.status,
        a1_0.user_id 
    from
        accounts a1_0 
    where
        a1_0.account_number=?
2026-01-11 18:28:04 [http-nio-8989-exec-6] DEBUG org.hibernate.SQL - 
    select
        u1_0.id,
        u1_0.aadhar_number,
        u1_0.address,
        u1_0.created_at,
        u1_0.email,
        u1_0.failed_login_attempts,
        u1_0.first_name,
        u1_0.last_login_at,
        u1_0.last_name,
        u1_0.monthly_income,
        u1_0.pan_number,
        u1_0.password,
        u1_0.phone,
        u1_0.role,
        u1_0.status,
        u1_0.username 
    from
        users u1_0 
    where
        u1_0.id=?
2026-01-11 18:28:04 [http-nio-8989-exec-6] DEBUG o.s.web.servlet.DispatcherServlet - Failed to complete request: com.app.bank.web.exception.BankException: Access Denied
2026-01-11 18:28:04 [http-nio-8989-exec-6] ERROR o.a.c.c.C.[.[.[.[dispatcherServlet] - Servlet.service() for servlet [dispatcherServlet] in context with path [] threw exception [Request processing failed: com.app.bank.web.exception.BankException: Access Denied] with root cause
com.app.bank.web.exception.BankException: Access Denied
	at com.app.bank.web.service.AccountService.getAccount(AccountService.java:401)
	at java.base/jdk.internal.reflect.NativeMethodAccessorImpl.invoke0(Native Method)
	at java.base/jdk.internal.reflect.NativeMethodAccessorImpl.invoke(NativeMethodAccessorImpl.java:77)
	at java.base/jdk.internal.reflect.DelegatingMethodAccessorImpl.invoke(DelegatingMethodAccessorImpl.java:43)
	at java.base/java.lang.reflect.Method.invoke(Method.java:568)
	at org.springframework.aop.support.AopUtils.invokeJoinpointUsingReflection(AopUtils.java:360)
	at org.springframework.aop.framework.CglibAopProxy$DynamicAdvisedInterceptor.intercept(CglibAopProxy.java:724)
	at com.app.bank.web.service.AccountService$$SpringCGLIB$$0.getAccount(<generated>)
	at com.app.bank.web.controller.AccountController.getAcconut(AccountController.java:61)
	at java.base/jdk.internal.reflect.NativeMethodAccessorImpl.invoke0(Native Method)
	at java.base/jdk.internal.reflect.NativeMethodAccessorImpl.invoke(NativeMethodAccessorImpl.java:77)
	at java.base/jdk.internal.reflect.DelegatingMethodAccessorImpl.invoke(DelegatingMethodAccessorImpl.java:43)
	at java.base/java.lang.reflect.Method.invoke(Method.java:568)
	at org.springframework.web.method.support.InvocableHandlerMethod.doInvoke(InvocableHandlerMethod.java:258)
	at org.springframework.web.method.support.InvocableHandlerMethod.invokeForRequest(InvocableHandlerMethod.java:191)
	at org.springframework.web.servlet.mvc.method.annotation.ServletInvocableHandlerMethod.invokeAndHandle(ServletInvocableHandlerMethod.java:118)
	at org.springframework.web.servlet.mvc.method.annotation.RequestMappingHandlerAdapter.invokeHandlerMethod(RequestMappingHandlerAdapter.java:991)
	at org.springframework.web.servlet.mvc.method.annotation.RequestMappingHandlerAdapter.handleInternal(RequestMappingHandlerAdapter.java:896)
	at org.springframework.web.servlet.mvc.method.AbstractHandlerMethodAdapter.handle(AbstractHandlerMethodAdapter.java:87)
	at org.springframework.web.servlet.DispatcherServlet.doDispatch(DispatcherServlet.java:1089)
	at org.springframework.web.servlet.DispatcherServlet.doService(DispatcherServlet.java:979)
	at org.springframework.web.servlet.FrameworkServlet.processRequest(FrameworkServlet.java:1014)
	at org.springframework.web.servlet.FrameworkServlet.doGet(FrameworkServlet.java:903)
	at jakarta.servlet.http.HttpServlet.service(HttpServlet.java:564)
	at org.springframework.web.servlet.FrameworkServlet.service(FrameworkServlet.java:885)
	at jakarta.servlet.http.HttpServlet.service(HttpServlet.java:658)
	at org.apache.catalina.core.ApplicationFilterChain.internalDoFilter(ApplicationFilterChain.java:193)
	at org.apache.catalina.core.ApplicationFilterChain.doFilter(ApplicationFilterChain.java:138)
	at org.apache.tomcat.websocket.server.WsFilter.doFilter(WsFilter.java:51)
	at org.apache.catalina.core.ApplicationFilterChain.internalDoFilter(ApplicationFilterChain.java:162)
	at org.apache.catalina.core.ApplicationFilterChain.doFilter(ApplicationFilterChain.java:138)
	at org.springframework.web.filter.OncePerRequestFilter.doFilter(OncePerRequestFilter.java:110)
	at org.apache.catalina.core.ApplicationFilterChain.internalDoFilter(ApplicationFilterChain.java:162)
	at org.apache.catalina.core.ApplicationFilterChain.doFilter(ApplicationFilterChain.java:138)
	at org.springframework.web.filter.CompositeFilter$VirtualFilterChain.doFilter(CompositeFilter.java:108)
	at org.springframework.web.filter.CompositeFilter$VirtualFilterChain.doFilter(CompositeFilter.java:108)
	at org.springframework.security.web.FilterChainProxy.lambda$doFilterInternal$3(FilterChainProxy.java:231)
	at org.springframework.security.web.FilterChainProxy$VirtualFilterChain.doFilter(FilterChainProxy.java:365)
	at org.springframework.security.web.access.intercept.AuthorizationFilter.doFilter(AuthorizationFilter.java:101)
	at org.springframework.security.web.FilterChainProxy$VirtualFilterChain.doFilter(FilterChainProxy.java:374)
	at org.springframework.security.web.access.ExceptionTranslationFilter.doFilter(ExceptionTranslationFilter.java:125)
	at org.springframework.security.web.access.ExceptionTranslationFilter.doFilter(ExceptionTranslationFilter.java:119)
	at org.springframework.security.web.FilterChainProxy$VirtualFilterChain.doFilter(FilterChainProxy.java:374)
	at org.springframework.security.web.session.SessionManagementFilter.doFilter(SessionManagementFilter.java:131)
	at org.springframework.security.web.session.SessionManagementFilter.doFilter(SessionManagementFilter.java:85)
	at org.springframework.security.web.FilterChainProxy$VirtualFilterChain.doFilter(FilterChainProxy.java:374)
	at org.springframework.security.web.authentication.AnonymousAuthenticationFilter.doFilter(AnonymousAuthenticationFilter.java:100)
	at org.springframework.security.web.FilterChainProxy$VirtualFilterChain.doFilter(FilterChainProxy.java:374)
	at org.springframework.security.web.servletapi.SecurityContextHolderAwareRequestFilter.doFilter(SecurityContextHolderAwareRequestFilter.java:179)
	at org.springframework.security.web.FilterChainProxy$VirtualFilterChain.doFilter(FilterChainProxy.java:374)
	at org.springframework.security.web.savedrequest.RequestCacheAwareFilter.doFilter(RequestCacheAwareFilter.java:63)
	at org.springframework.security.web.FilterChainProxy$VirtualFilterChain.doFilter(FilterChainProxy.java:374)
	at com.app.bank.web.security.JwtAuthenticationFilter.doFilterInternal(JwtAuthenticationFilter.java:137)
	at org.springframework.web.filter.OncePerRequestFilter.doFilter(OncePerRequestFilter.java:116)
	at org.springframework.security.web.FilterChainProxy$VirtualFilterChain.doFilter(FilterChainProxy.java:374)
	at org.springframework.security.web.authentication.logout.LogoutFilter.doFilter(LogoutFilter.java:107)
	at org.springframework.security.web.authentication.logout.LogoutFilter.doFilter(LogoutFilter.java:93)
	at org.springframework.security.web.FilterChainProxy$VirtualFilterChain.doFilter(FilterChainProxy.java:374)
	at org.springframework.web.filter.CorsFilter.doFilterInternal(CorsFilter.java:91)
	at org.springframework.web.filter.OncePerRequestFilter.doFilter(OncePerRequestFilter.java:116)
	at org.springframework.security.web.FilterChainProxy$VirtualFilterChain.doFilter(FilterChainProxy.java:374)
	at org.springframework.security.web.header.HeaderWriterFilter.doHeadersAfter(HeaderWriterFilter.java:90)
	at org.springframework.security.web.header.HeaderWriterFilter.doFilterInternal(HeaderWriterFilter.java:75)
	at org.springframework.web.filter.OncePerRequestFilter.doFilter(OncePerRequestFilter.java:116)
	at org.springframework.security.web.FilterChainProxy$VirtualFilterChain.doFilter(FilterChainProxy.java:374)
	at org.springframework.security.web.context.SecurityContextHolderFilter.doFilter(SecurityContextHolderFilter.java:82)
	at org.springframework.security.web.context.SecurityContextHolderFilter.doFilter(SecurityContextHolderFilter.java:69)
	at org.springframework.security.web.FilterChainProxy$VirtualFilterChain.doFilter(FilterChainProxy.java:374)
	at org.springframework.security.web.context.request.async.WebAsyncManagerIntegrationFilter.doFilterInternal(WebAsyncManagerIntegrationFilter.java:62)
	at org.springframework.web.filter.OncePerRequestFilter.doFilter(OncePerRequestFilter.java:116)
	at org.springframework.security.web.FilterChainProxy$VirtualFilterChain.doFilter(FilterChainProxy.java:374)
	at org.springframework.security.web.session.DisableEncodeUrlFilter.doFilterInternal(DisableEncodeUrlFilter.java:42)
	at org.springframework.web.filter.OncePerRequestFilter.doFilter(OncePerRequestFilter.java:116)
	at org.springframework.security.web.FilterChainProxy$VirtualFilterChain.doFilter(FilterChainProxy.java:374)
	at org.springframework.security.web.FilterChainProxy.doFilterInternal(FilterChainProxy.java:233)
	at org.springframework.security.web.FilterChainProxy.doFilter(FilterChainProxy.java:191)
	at org.springframework.web.filter.CompositeFilter$VirtualFilterChain.doFilter(CompositeFilter.java:113)
	at org.springframework.web.filter.ServletRequestPathFilter.doFilter(ServletRequestPathFilter.java:52)
	at org.springframework.web.filter.CompositeFilter$VirtualFilterChain.doFilter(CompositeFilter.java:113)
	at org.springframework.web.filter.CompositeFilter.doFilter(CompositeFilter.java:74)
	at org.springframework.security.config.annotation.web.configuration.WebSecurityConfiguration$CompositeFilterChainProxy.doFilter(WebSecurityConfiguration.java:319)
	at org.springframework.web.filter.CompositeFilter$VirtualFilterChain.doFilter(CompositeFilter.java:113)
	at org.springframework.web.servlet.handler.HandlerMappingIntrospector.lambda$createCacheFilter$4(HandlerMappingIntrospector.java:267)
	at org.springframework.web.filter.CompositeFilter$VirtualFilterChain.doFilter(CompositeFilter.java:113)
	at org.springframework.web.filter.CompositeFilter.doFilter(CompositeFilter.java:74)
	at org.springframework.security.config.annotation.web.configuration.WebMvcSecurityConfiguration$CompositeFilterChainProxy.doFilter(WebMvcSecurityConfiguration.java:240)
	at org.springframework.web.filter.DelegatingFilterProxy.invokeDelegate(DelegatingFilterProxy.java:362)
	at org.springframework.web.filter.DelegatingFilterProxy.doFilter(DelegatingFilterProxy.java:278)
	at org.apache.catalina.core.ApplicationFilterChain.internalDoFilter(ApplicationFilterChain.java:162)
	at org.apache.catalina.core.ApplicationFilterChain.doFilter(ApplicationFilterChain.java:138)
	at org.springframework.web.filter.RequestContextFilter.doFilterInternal(RequestContextFilter.java:100)
	at org.springframework.web.filter.OncePerRequestFilter.doFilter(OncePerRequestFilter.java:116)
	at org.apache.catalina.core.ApplicationFilterChain.internalDoFilter(ApplicationFilterChain.java:162)
	at org.apache.catalina.core.ApplicationFilterChain.doFilter(ApplicationFilterChain.java:138)
	at org.springframework.web.filter.FormContentFilter.doFilterInternal(FormContentFilter.java:93)
	at org.springframework.web.filter.OncePerRequestFilter.doFilter(OncePerRequestFilter.java:116)
	at org.apache.catalina.core.ApplicationFilterChain.internalDoFilter(ApplicationFilterChain.java:162)
	at org.apache.catalina.core.ApplicationFilterChain.doFilter(ApplicationFilterChain.java:138)
	at org.springframework.web.filter.CharacterEncodingFilter.doFilterInternal(CharacterEncodingFilter.java:201)
	at org.springframework.web.filter.OncePerRequestFilter.doFilter(OncePerRequestFilter.java:116)
	at org.apache.catalina.core.ApplicationFilterChain.internalDoFilter(ApplicationFilterChain.java:162)
	at org.apache.catalina.core.ApplicationFilterChain.doFilter(ApplicationFilterChain.java:138)
	at org.apache.catalina.core.StandardWrapperValve.invoke(StandardWrapperValve.java:165)
	at org.apache.catalina.core.StandardContextValve.invoke(StandardContextValve.java:88)
	at org.apache.catalina.authenticator.AuthenticatorBase.invoke(AuthenticatorBase.java:482)
	at org.apache.catalina.core.StandardHostValve.invoke(StandardHostValve.java:113)
	at org.apache.catalina.valves.ErrorReportValve.invoke(ErrorReportValve.java:83)
	at org.apache.catalina.core.StandardEngineValve.invoke(StandardEngineValve.java:72)
	at org.apache.catalina.connector.CoyoteAdapter.service(CoyoteAdapter.java:342)
	at org.apache.coyote.http11.Http11Processor.service(Http11Processor.java:399)
	at org.apache.coyote.AbstractProcessorLight.process(AbstractProcessorLight.java:63)
	at org.apache.coyote.AbstractProtocol$ConnectionHandler.process(AbstractProtocol.java:903)
	at org.apache.tomcat.util.net.NioEndpoint$SocketProcessor.doRun(NioEndpoint.java:1774)
	at org.apache.tomcat.util.net.SocketProcessorBase.run(SocketProcessorBase.java:52)
	at org.apache.tomcat.util.threads.ThreadPoolExecutor.runWorker(ThreadPoolExecutor.java:973)
	at org.apache.tomcat.util.threads.ThreadPoolExecutor$Worker.run(ThreadPoolExecutor.java:491)
	at org.apache.tomcat.util.threads.TaskThread$WrappingRunnable.run(TaskThread.java:63)
	at java.base/java.lang.Thread.run(Thread.java:842)
2026-01-11 18:28:04 [http-nio-8989-exec-6] DEBUG o.s.security.web.FilterChainProxy - Securing GET /error
2026-01-11 18:28:04 [http-nio-8989-exec-6] DEBUG o.s.security.web.FilterChainProxy - Secured GET /error
2026-01-11 18:28:04 [http-nio-8989-exec-6] DEBUG o.s.web.servlet.DispatcherServlet - "ERROR" dispatch for GET "/error", parameters={}
2026-01-11 18:28:04 [http-nio-8989-exec-6] DEBUG o.s.w.s.m.m.a.RequestMappingHandlerMapping - Mapped to org.springframework.boot.autoconfigure.web.servlet.error.BasicErrorController#error(HttpServletRequest)
2026-01-11 18:28:04 [http-nio-8989-exec-6] DEBUG o.s.w.s.m.m.a.HttpEntityMethodProcessor - Using 'application/json', given [*/*] and supported [application/json, application/*+json]
2026-01-11 18:28:04 [http-nio-8989-exec-6] DEBUG o.s.w.s.m.m.a.HttpEntityMethodProcessor - Writing [{timestamp=Sun Jan 11 18:28:04 IST 2026, status=500, error=Internal Server Error, trace=com.app.bank (truncated)...]
2026-01-11 18:28:04 [http-nio-8989-exec-6] DEBUG o.s.web.servlet.DispatcherServlet - Exiting from "ERROR" dispatch, status 500
2026-01-11 18:28:04 [http-nio-8989-exec-6] DEBUG o.s.s.w.a.AnonymousAuthenticationFilter - Set SecurityContextHolder to anonymous SecurityContext
2026-01-11 18:28:24 [http-nio-8989-exec-7] DEBUG o.s.security.web.FilterChainProxy - Securing POST /api/v1/auth/login
2026-01-11 18:28:24 [http-nio-8989-exec-7] DEBUG o.s.s.w.a.AnonymousAuthenticationFilter - Set SecurityContextHolder to anonymous SecurityContext
2026-01-11 18:28:24 [http-nio-8989-exec-7] DEBUG o.s.security.web.FilterChainProxy - Secured POST /api/v1/auth/login
2026-01-11 18:28:24 [http-nio-8989-exec-7] DEBUG o.s.web.servlet.DispatcherServlet - POST "/api/v1/auth/login", parameters={}
2026-01-11 18:28:24 [http-nio-8989-exec-7] DEBUG o.s.w.s.m.m.a.RequestMappingHandlerMapping - Mapped to com.app.bank.web.controller.AuthController#loginUser(LoginRequest)
2026-01-11 18:28:24 [http-nio-8989-exec-7] DEBUG o.s.w.s.m.m.a.RequestResponseBodyMethodProcessor - Read "application/json;charset=UTF-8" to [com.app.bank.web.dto.LoginRequest@2a540b73]
2026-01-11 18:28:25 [http-nio-8989-exec-7] DEBUG org.hibernate.SQL - 
    select
        u1_0.id,
        u1_0.aadhar_number,
        u1_0.address,
        u1_0.created_at,
        u1_0.email,
        u1_0.failed_login_attempts,
        u1_0.first_name,
        u1_0.last_login_at,
        u1_0.last_name,
        u1_0.monthly_income,
        u1_0.pan_number,
        u1_0.password,
        u1_0.phone,
        u1_0.role,
        u1_0.status,
        u1_0.username 
    from
        users u1_0 
    where
        u1_0.username=?
2026-01-11 18:28:26 [http-nio-8989-exec-7] DEBUG o.s.s.a.d.DaoAuthenticationProvider - Authenticated user
2026-01-11 18:28:26 [http-nio-8989-exec-7] DEBUG o.s.w.s.m.m.a.HttpEntityMethodProcessor - Using 'application/json', given [*/*] and supported [application/json, application/*+json]
2026-01-11 18:28:26 [http-nio-8989-exec-7] DEBUG o.s.w.s.m.m.a.HttpEntityMethodProcessor - Writing [{tokenType=Bearer, token=eyJhbGciOiJIUzUxMiJ9.eyJzdWIiOiJrYWRpcjU2IiwiY3JlYXRlZCI6MTc2ODEzNjMwNjMxOC (truncated)...]
2026-01-11 18:28:26 [http-nio-8989-exec-7] DEBUG o.s.web.servlet.DispatcherServlet - Completed 200 OK
2026-01-11 18:28:39 [http-nio-8989-exec-8] DEBUG o.s.security.web.FilterChainProxy - Securing GET /api/v1/auth/ZPB1361326006798
2026-01-11 18:28:39 [http-nio-8989-exec-8] DEBUG o.s.s.w.a.AnonymousAuthenticationFilter - Set SecurityContextHolder to anonymous SecurityContext
2026-01-11 18:28:39 [http-nio-8989-exec-8] ERROR c.a.b.w.c.JwtAuthenticationEntryPoint - Unothorized error: Full authentication is required to access this resource
2026-01-11 18:28:39 [http-nio-8989-exec-8] ERROR c.a.b.w.c.JwtAuthenticationEntryPoint - Request URI: /api/v1/auth/ZPB1361326006798
2026-01-11 18:31:17 [http-nio-8989-exec-3] DEBUG o.s.security.web.FilterChainProxy - Securing POST /api/v1/auth/login
2026-01-11 18:31:17 [http-nio-8989-exec-3] DEBUG o.s.s.w.a.AnonymousAuthenticationFilter - Set SecurityContextHolder to anonymous SecurityContext
2026-01-11 18:31:17 [http-nio-8989-exec-3] DEBUG o.s.security.web.FilterChainProxy - Secured POST /api/v1/auth/login
2026-01-11 18:31:17 [http-nio-8989-exec-3] DEBUG o.s.web.servlet.DispatcherServlet - POST "/api/v1/auth/login", parameters={}
2026-01-11 18:31:17 [http-nio-8989-exec-3] DEBUG o.s.w.s.m.m.a.RequestMappingHandlerMapping - Mapped to com.app.bank.web.controller.AuthController#loginUser(LoginRequest)
2026-01-11 18:31:17 [http-nio-8989-exec-3] DEBUG o.s.w.s.m.m.a.RequestResponseBodyMethodProcessor - Read "application/json;charset=UTF-8" to [com.app.bank.web.dto.LoginRequest@7dc1f2c9]
2026-01-11 18:31:17 [http-nio-8989-exec-3] DEBUG org.hibernate.SQL - 
    select
        u1_0.id,
        u1_0.aadhar_number,
        u1_0.address,
        u1_0.created_at,
        u1_0.email,
        u1_0.failed_login_attempts,
        u1_0.first_name,
        u1_0.last_login_at,
        u1_0.last_name,
        u1_0.monthly_income,
        u1_0.pan_number,
        u1_0.password,
        u1_0.phone,
        u1_0.role,
        u1_0.status,
        u1_0.username 
    from
        users u1_0 
    where
        u1_0.username=?
2026-01-11 18:31:18 [http-nio-8989-exec-3] DEBUG o.s.s.a.d.DaoAuthenticationProvider - Authenticated user
2026-01-11 18:31:18 [http-nio-8989-exec-3] DEBUG o.s.w.s.m.m.a.HttpEntityMethodProcessor - Using 'application/json', given [*/*] and supported [application/json, application/*+json]
2026-01-11 18:31:18 [http-nio-8989-exec-3] DEBUG o.s.w.s.m.m.a.HttpEntityMethodProcessor - Writing [{tokenType=Bearer, token=eyJhbGciOiJIUzUxMiJ9.eyJzdWIiOiJrYWRpcjU2IiwiY3JlYXRlZCI6MTc2ODEzNjQ3ODc2Ny (truncated)...]
2026-01-11 18:31:18 [http-nio-8989-exec-3] DEBUG o.s.web.servlet.DispatcherServlet - Completed 200 OK
2026-01-11 18:31:37 [http-nio-8989-exec-1] DEBUG o.s.security.web.FilterChainProxy - Securing GET /api/v1/auth/ZPB1361326006798
2026-01-11 18:31:37 [http-nio-8989-exec-1] DEBUG org.hibernate.SQL - 
    select
        u1_0.id,
        u1_0.aadhar_number,
        u1_0.address,
        u1_0.created_at,
        u1_0.email,
        u1_0.failed_login_attempts,
        u1_0.first_name,
        u1_0.last_login_at,
        u1_0.last_name,
        u1_0.monthly_income,
        u1_0.pan_number,
        u1_0.password,
        u1_0.phone,
        u1_0.role,
        u1_0.status,
        u1_0.username 
    from
        users u1_0 
    where
        u1_0.username=?
2026-01-11 18:31:37 [http-nio-8989-exec-1] DEBUG o.s.security.web.FilterChainProxy - Secured GET /api/v1/auth/ZPB1361326006798
2026-01-11 18:31:37 [http-nio-8989-exec-1] DEBUG o.s.web.servlet.DispatcherServlet - GET "/api/v1/auth/ZPB1361326006798", parameters={}
2026-01-11 18:31:37 [http-nio-8989-exec-1] DEBUG o.s.w.s.m.m.a.RequestMappingHandlerMapping - Mapped to com.app.bank.web.controller.AccountController#getAcconut(String, Authentication)
2026-01-11 18:31:37 [http-nio-8989-exec-1] DEBUG org.hibernate.SQL - 
    select
        u1_0.id,
        u1_0.aadhar_number,
        u1_0.address,
        u1_0.created_at,
        u1_0.email,
        u1_0.failed_login_attempts,
        u1_0.first_name,
        u1_0.last_login_at,
        u1_0.last_name,
        u1_0.monthly_income,
        u1_0.pan_number,
        u1_0.password,
        u1_0.phone,
        u1_0.role,
        u1_0.status,
        u1_0.username 
    from
        users u1_0 
    where
        u1_0.username=?
2026-01-11 18:31:37 [http-nio-8989-exec-1] DEBUG org.hibernate.SQL - 
    select
        a1_0.id,
        a1_0.account_number,
        a1_0.account_type,
        a1_0.balance,
        a1_0.created_at,
        a1_0.interest_rate,
        a1_0.last_transaction_at,
        a1_0.minimum_balance,
        a1_0.status,
        a1_0.user_id 
    from
        accounts a1_0 
    where
        a1_0.account_number=?
2026-01-11 18:31:37 [http-nio-8989-exec-1] DEBUG org.hibernate.SQL - 
    select
        u1_0.id,
        u1_0.aadhar_number,
        u1_0.address,
        u1_0.created_at,
        u1_0.email,
        u1_0.failed_login_attempts,
        u1_0.first_name,
        u1_0.last_login_at,
        u1_0.last_name,
        u1_0.monthly_income,
        u1_0.pan_number,
        u1_0.password,
        u1_0.phone,
        u1_0.role,
        u1_0.status,
        u1_0.username 
    from
        users u1_0 
    where
        u1_0.id=?
2026-01-11 18:31:37 [http-nio-8989-exec-1] DEBUG o.s.w.s.m.m.a.HttpEntityMethodProcessor - Using 'application/json', given [*/*] and supported [application/json, application/*+json]
2026-01-11 18:31:37 [http-nio-8989-exec-1] DEBUG o.s.w.s.m.m.a.HttpEntityMethodProcessor - Writing [com.app.bank.web.dto.AccountResponse@149a4d5]
2026-01-11 18:31:37 [http-nio-8989-exec-1] DEBUG o.s.web.servlet.DispatcherServlet - Completed 200 OK
2026-01-11 18:31:47 [http-nio-8989-exec-4] DEBUG o.s.security.web.FilterChainProxy - Securing GET /api/v1/auth/ZPB1314701532529/transactions
2026-01-11 18:31:47 [http-nio-8989-exec-4] DEBUG org.hibernate.SQL - 
    select
        u1_0.id,
        u1_0.aadhar_number,
        u1_0.address,
        u1_0.created_at,
        u1_0.email,
        u1_0.failed_login_attempts,
        u1_0.first_name,
        u1_0.last_login_at,
        u1_0.last_name,
        u1_0.monthly_income,
        u1_0.pan_number,
        u1_0.password,
        u1_0.phone,
        u1_0.role,
        u1_0.status,
        u1_0.username 
    from
        users u1_0 
    where
        u1_0.username=?
2026-01-11 18:31:47 [http-nio-8989-exec-4] DEBUG o.s.security.web.FilterChainProxy - Secured GET /api/v1/auth/ZPB1314701532529/transactions
2026-01-11 18:31:47 [http-nio-8989-exec-4] DEBUG o.s.web.servlet.DispatcherServlet - GET "/api/v1/auth/ZPB1314701532529/transactions", parameters={}
2026-01-11 18:31:47 [http-nio-8989-exec-4] DEBUG o.s.w.s.m.m.a.RequestMappingHandlerMapping - Mapped to com.app.bank.web.controller.AccountController#getTransaction(String, Pageable)
2026-01-11 18:31:47 [http-nio-8989-exec-4] DEBUG org.hibernate.SQL - 
    select
        t1_0.id,
        t1_0.amount,
        t1_0.balance_after_transaction,
        t1_0.description,
        t1_0.from_account_id,
        t1_0.reference_number,
        t1_0.remarks,
        t1_0.status,
        t1_0.to_account_id,
        t1_0.transaction_date,
        t1_0.transaction_id,
        t1_0.transaction_type 
    from
        transactions t1_0 
    join
        accounts fa1_0 
            on fa1_0.id=t1_0.from_account_id 
    join
        accounts ta1_0 
            on ta1_0.id=t1_0.to_account_id 
    where
        fa1_0.account_number=? 
        or ta1_0.account_number=? 
    limit
        ?
2026-01-11 18:31:47 [http-nio-8989-exec-4] WARN  o.s.d.w.c.SpringDataJacksonConfiguration$PageModule$WarningLoggingModifier - Serializing PageImpl instances as-is is not supported, meaning that there is no guarantee about the stability of the resulting JSON structure!
	For a stable JSON structure, please use Spring Data's PagedModel (globally via @EnableSpringDataWebSupport(pageSerializationMode = VIA_DTO))
	or Spring HATEOAS and Spring Data's PagedResourcesAssembler as documented in https://docs.spring.io/spring-data/commons/reference/repositories/core-extensions.html#core.web.pageables.

2026-01-11 18:31:47 [http-nio-8989-exec-4] DEBUG o.s.w.s.m.m.a.HttpEntityMethodProcessor - Using 'application/json', given [*/*] and supported [application/json, application/*+json]
2026-01-11 18:31:47 [http-nio-8989-exec-4] DEBUG o.s.w.s.m.m.a.HttpEntityMethodProcessor - Writing [Page 1 of 0 containing UNKNOWN instances]
2026-01-11 18:31:47 [http-nio-8989-exec-4] DEBUG o.s.web.servlet.DispatcherServlet - Completed 200 OK
2026-01-11 18:31:55 [http-nio-8989-exec-2] DEBUG o.s.security.web.FilterChainProxy - Securing GET /api/v1/auth/my-accounts
2026-01-11 18:31:55 [http-nio-8989-exec-2] DEBUG org.hibernate.SQL - 
    select
        u1_0.id,
        u1_0.aadhar_number,
        u1_0.address,
        u1_0.created_at,
        u1_0.email,
        u1_0.failed_login_attempts,
        u1_0.first_name,
        u1_0.last_login_at,
        u1_0.last_name,
        u1_0.monthly_income,
        u1_0.pan_number,
        u1_0.password,
        u1_0.phone,
        u1_0.role,
        u1_0.status,
        u1_0.username 
    from
        users u1_0 
    where
        u1_0.username=?
2026-01-11 18:31:55 [http-nio-8989-exec-2] DEBUG o.s.security.web.FilterChainProxy - Secured GET /api/v1/auth/my-accounts
2026-01-11 18:31:55 [http-nio-8989-exec-2] DEBUG o.s.web.servlet.DispatcherServlet - GET "/api/v1/auth/my-accounts", parameters={}
2026-01-11 18:31:55 [http-nio-8989-exec-2] DEBUG o.s.w.s.m.m.a.RequestMappingHandlerMapping - Mapped to com.app.bank.web.controller.AccountController#getMyAccounts(Authentication)
2026-01-11 18:31:55 [http-nio-8989-exec-2] DEBUG org.hibernate.SQL - 
    select
        u1_0.id,
        u1_0.aadhar_number,
        u1_0.address,
        u1_0.created_at,
        u1_0.email,
        u1_0.failed_login_attempts,
        u1_0.first_name,
        u1_0.last_login_at,
        u1_0.last_name,
        u1_0.monthly_income,
        u1_0.pan_number,
        u1_0.password,
        u1_0.phone,
        u1_0.role,
        u1_0.status,
        u1_0.username 
    from
        users u1_0 
    where
        u1_0.username=?
2026-01-11 18:31:55 [http-nio-8989-exec-2] DEBUG org.hibernate.SQL - 
    select
        a1_0.id,
        a1_0.account_number,
        a1_0.account_type,
        a1_0.balance,
        a1_0.created_at,
        a1_0.interest_rate,
        a1_0.last_transaction_at,
        a1_0.minimum_balance,
        a1_0.status,
        a1_0.user_id 
    from
        accounts a1_0 
    left join
        users u1_0 
            on u1_0.id=a1_0.user_id 
    where
        u1_0.id=?
2026-01-11 18:31:55 [http-nio-8989-exec-2] DEBUG org.hibernate.SQL - 
    select
        u1_0.id,
        u1_0.aadhar_number,
        u1_0.address,
        u1_0.created_at,
        u1_0.email,
        u1_0.failed_login_attempts,
        u1_0.first_name,
        u1_0.last_login_at,
        u1_0.last_name,
        u1_0.monthly_income,
        u1_0.pan_number,
        u1_0.password,
        u1_0.phone,
        u1_0.role,
        u1_0.status,
        u1_0.username 
    from
        users u1_0 
    where
        u1_0.id=?
2026-01-11 18:31:55 [http-nio-8989-exec-2] DEBUG o.s.w.s.m.m.a.HttpEntityMethodProcessor - Using 'application/json', given [*/*] and supported [application/json, application/*+json]
2026-01-11 18:31:55 [http-nio-8989-exec-2] DEBUG o.s.w.s.m.m.a.HttpEntityMethodProcessor - Writing [[com.app.bank.web.dto.AccountResponse@3667f217]]
2026-01-11 18:31:55 [http-nio-8989-exec-2] DEBUG o.s.web.servlet.DispatcherServlet - Completed 200 OK
2026-01-11 18:32:01 [http-nio-8989-exec-6] DEBUG o.s.security.web.FilterChainProxy - Securing GET /api/v1/auth/my-accounts
2026-01-11 18:32:01 [http-nio-8989-exec-6] DEBUG org.hibernate.SQL - 
    select
        u1_0.id,
        u1_0.aadhar_number,
        u1_0.address,
        u1_0.created_at,
        u1_0.email,
        u1_0.failed_login_attempts,
        u1_0.first_name,
        u1_0.last_login_at,
        u1_0.last_name,
        u1_0.monthly_income,
        u1_0.pan_number,
        u1_0.password,
        u1_0.phone,
        u1_0.role,
        u1_0.status,
        u1_0.username 
    from
        users u1_0 
    where
        u1_0.username=?
2026-01-11 18:32:01 [http-nio-8989-exec-6] DEBUG o.s.security.web.FilterChainProxy - Secured GET /api/v1/auth/my-accounts
2026-01-11 18:32:01 [http-nio-8989-exec-6] DEBUG o.s.web.servlet.DispatcherServlet - GET "/api/v1/auth/my-accounts", parameters={}
2026-01-11 18:32:01 [http-nio-8989-exec-6] DEBUG o.s.w.s.m.m.a.RequestMappingHandlerMapping - Mapped to com.app.bank.web.controller.AccountController#getMyAccounts(Authentication)
2026-01-11 18:32:01 [http-nio-8989-exec-6] DEBUG org.hibernate.SQL - 
    select
        u1_0.id,
        u1_0.aadhar_number,
        u1_0.address,
        u1_0.created_at,
        u1_0.email,
        u1_0.failed_login_attempts,
        u1_0.first_name,
        u1_0.last_login_at,
        u1_0.last_name,
        u1_0.monthly_income,
        u1_0.pan_number,
        u1_0.password,
        u1_0.phone,
        u1_0.role,
        u1_0.status,
        u1_0.username 
    from
        users u1_0 
    where
        u1_0.username=?
2026-01-11 18:32:01 [http-nio-8989-exec-6] DEBUG org.hibernate.SQL - 
    select
        a1_0.id,
        a1_0.account_number,
        a1_0.account_type,
        a1_0.balance,
        a1_0.created_at,
        a1_0.interest_rate,
        a1_0.last_transaction_at,
        a1_0.minimum_balance,
        a1_0.status,
        a1_0.user_id 
    from
        accounts a1_0 
    left join
        users u1_0 
            on u1_0.id=a1_0.user_id 
    where
        u1_0.id=?
2026-01-11 18:32:01 [http-nio-8989-exec-6] DEBUG org.hibernate.SQL - 
    select
        u1_0.id,
        u1_0.aadhar_number,
        u1_0.address,
        u1_0.created_at,
        u1_0.email,
        u1_0.failed_login_attempts,
        u1_0.first_name,
        u1_0.last_login_at,
        u1_0.last_name,
        u1_0.monthly_income,
        u1_0.pan_number,
        u1_0.password,
        u1_0.phone,
        u1_0.role,
        u1_0.status,
        u1_0.username 
    from
        users u1_0 
    where
        u1_0.id=?
2026-01-11 18:32:01 [http-nio-8989-exec-6] DEBUG o.s.w.s.m.m.a.HttpEntityMethodProcessor - Using 'application/json', given [*/*] and supported [application/json, application/*+json]
2026-01-11 18:32:01 [http-nio-8989-exec-6] DEBUG o.s.w.s.m.m.a.HttpEntityMethodProcessor - Writing [[com.app.bank.web.dto.AccountResponse@6c7a36b9]]
2026-01-11 18:32:01 [http-nio-8989-exec-6] DEBUG o.s.web.servlet.DispatcherServlet - Completed 200 OK
2026-01-11 18:32:29 [http-nio-8989-exec-5] DEBUG o.s.security.web.FilterChainProxy - Securing GET /api/v1/auth/ZPB1361326006798/balance
2026-01-11 18:32:29 [http-nio-8989-exec-5] DEBUG org.hibernate.SQL - 
    select
        u1_0.id,
        u1_0.aadhar_number,
        u1_0.address,
        u1_0.created_at,
        u1_0.email,
        u1_0.failed_login_attempts,
        u1_0.first_name,
        u1_0.last_login_at,
        u1_0.last_name,
        u1_0.monthly_income,
        u1_0.pan_number,
        u1_0.password,
        u1_0.phone,
        u1_0.role,
        u1_0.status,
        u1_0.username 
    from
        users u1_0 
    where
        u1_0.username=?
2026-01-11 18:32:29 [http-nio-8989-exec-5] DEBUG o.s.security.web.FilterChainProxy - Secured GET /api/v1/auth/ZPB1361326006798/balance
2026-01-11 18:32:29 [http-nio-8989-exec-5] DEBUG o.s.web.servlet.DispatcherServlet - GET "/api/v1/auth/ZPB1361326006798/balance", parameters={}
2026-01-11 18:32:29 [http-nio-8989-exec-5] DEBUG o.s.w.s.m.m.a.RequestMappingHandlerMapping - Mapped to com.app.bank.web.controller.AccountController#getBalance(String, Authentication)
2026-01-11 18:32:29 [http-nio-8989-exec-5] DEBUG org.hibernate.SQL - 
    select
        a1_0.id,
        a1_0.account_number,
        a1_0.account_type,
        a1_0.balance,
        a1_0.created_at,
        a1_0.interest_rate,
        a1_0.last_transaction_at,
        a1_0.minimum_balance,
        a1_0.status,
        a1_0.user_id 
    from
        accounts a1_0 
    where
        a1_0.account_number=?
2026-01-11 18:32:29 [http-nio-8989-exec-5] DEBUG org.hibernate.SQL - 
    select
        u1_0.id,
        u1_0.aadhar_number,
        u1_0.address,
        u1_0.created_at,
        u1_0.email,
        u1_0.failed_login_attempts,
        u1_0.first_name,
        u1_0.last_login_at,
        u1_0.last_name,
        u1_0.monthly_income,
        u1_0.pan_number,
        u1_0.password,
        u1_0.phone,
        u1_0.role,
        u1_0.status,
        u1_0.username 
    from
        users u1_0 
    where
        u1_0.id=?
2026-01-11 18:32:29 [http-nio-8989-exec-5] DEBUG org.hibernate.SQL - 
    select
        u1_0.id,
        u1_0.aadhar_number,
        u1_0.address,
        u1_0.created_at,
        u1_0.email,
        u1_0.failed_login_attempts,
        u1_0.first_name,
        u1_0.last_login_at,
        u1_0.last_name,
        u1_0.monthly_income,
        u1_0.pan_number,
        u1_0.password,
        u1_0.phone,
        u1_0.role,
        u1_0.status,
        u1_0.username 
    from
        users u1_0 
    where
        u1_0.username=?
2026-01-11 18:32:29 [http-nio-8989-exec-5] DEBUG o.s.w.s.m.m.a.HttpEntityMethodProcessor - Using 'application/json', given [*/*] and supported [application/json, application/*+json]
2026-01-11 18:32:29 [http-nio-8989-exec-5] DEBUG o.s.w.s.m.m.a.HttpEntityMethodProcessor - Writing [{lastUpdated=null, balance=100000.00, currency=INR, accountNumber=ZPB1361326006798, availableBalance (truncated)...]
2026-01-11 18:32:29 [http-nio-8989-exec-5] DEBUG o.s.web.servlet.DispatcherServlet - Completed 200 OK
2026-01-11 18:33:16 [http-nio-8989-exec-7] DEBUG o.s.security.web.FilterChainProxy - Securing POST /api/v1/auth/ZPB1361326006798/withdraw?amount=50000&description=%22this%20amount%20is%20withdrawaled%22
2026-01-11 18:33:16 [http-nio-8989-exec-7] DEBUG org.hibernate.SQL - 
    select
        u1_0.id,
        u1_0.aadhar_number,
        u1_0.address,
        u1_0.created_at,
        u1_0.email,
        u1_0.failed_login_attempts,
        u1_0.first_name,
        u1_0.last_login_at,
        u1_0.last_name,
        u1_0.monthly_income,
        u1_0.pan_number,
        u1_0.password,
        u1_0.phone,
        u1_0.role,
        u1_0.status,
        u1_0.username 
    from
        users u1_0 
    where
        u1_0.username=?
2026-01-11 18:33:16 [http-nio-8989-exec-7] DEBUG o.s.security.web.FilterChainProxy - Secured POST /api/v1/auth/ZPB1361326006798/withdraw?amount=50000&description=%22this%20amount%20is%20withdrawaled%22
2026-01-11 18:33:16 [http-nio-8989-exec-7] DEBUG o.s.web.servlet.DispatcherServlet - POST "/api/v1/auth/ZPB1361326006798/withdraw?amount=50000&description=%22this%20amount%20is%20withdrawaled%22", parameters={masked}
2026-01-11 18:33:16 [http-nio-8989-exec-7] DEBUG o.s.w.s.m.m.a.RequestMappingHandlerMapping - Mapped to com.app.bank.web.controller.AccountController#withdraw(String, BigDecimal, String, Authentication)
2026-01-11 18:33:16 [http-nio-8989-exec-7] DEBUG org.hibernate.SQL - 
    select
        u1_0.id,
        u1_0.aadhar_number,
        u1_0.address,
        u1_0.created_at,
        u1_0.email,
        u1_0.failed_login_attempts,
        u1_0.first_name,
        u1_0.last_login_at,
        u1_0.last_name,
        u1_0.monthly_income,
        u1_0.pan_number,
        u1_0.password,
        u1_0.phone,
        u1_0.role,
        u1_0.status,
        u1_0.username 
    from
        users u1_0 
    where
        u1_0.username=?
2026-01-11 18:33:16 [http-nio-8989-exec-7] DEBUG org.hibernate.SQL - 
    select
        a1_0.id,
        a1_0.account_number,
        a1_0.account_type,
        a1_0.balance,
        a1_0.created_at,
        a1_0.interest_rate,
        a1_0.last_transaction_at,
        a1_0.minimum_balance,
        a1_0.status,
        a1_0.user_id 
    from
        accounts a1_0 
    where
        a1_0.account_number=?
2026-01-11 18:33:16 [http-nio-8989-exec-7] DEBUG org.hibernate.SQL - 
    insert 
    into
        transactions
        (amount, balance_after_transaction, description, from_account_id, reference_number, remarks, status, to_account_id, transaction_date, transaction_id, transaction_type) 
    values
        (?, ?, ?, ?, ?, ?, ?, ?, ?, ?, ?)
2026-01-11 18:33:16 [http-nio-8989-exec-7] DEBUG org.hibernate.SQL - 
    update
        accounts 
    set
        account_number=?,
        account_type=?,
        balance=?,
        created_at=?,
        interest_rate=?,
        last_transaction_at=?,
        minimum_balance=?,
        status=?,
        user_id=? 
    where
        id=?
2026-01-11 18:33:16 [http-nio-8989-exec-7] DEBUG o.s.w.s.m.m.a.HttpEntityMethodProcessor - Using 'application/json', given [*/*] and supported [application/json, application/*+json]
2026-01-11 18:33:16 [http-nio-8989-exec-7] DEBUG o.s.w.s.m.m.a.HttpEntityMethodProcessor - Writing [{newBalance=50000.00, message=Withdrawal Successful, transactionId=TXN1768136596302410}]
2026-01-11 18:33:16 [http-nio-8989-exec-7] DEBUG o.s.web.servlet.DispatcherServlet - Completed 200 OK
2026-01-11 18:33:42 [http-nio-8989-exec-8] DEBUG o.s.security.web.FilterChainProxy - Securing POST /api/v1/auth/apply-loan
2026-01-11 18:33:42 [http-nio-8989-exec-8] DEBUG org.hibernate.SQL - 
    select
        u1_0.id,
        u1_0.aadhar_number,
        u1_0.address,
        u1_0.created_at,
        u1_0.email,
        u1_0.failed_login_attempts,
        u1_0.first_name,
        u1_0.last_login_at,
        u1_0.last_name,
        u1_0.monthly_income,
        u1_0.pan_number,
        u1_0.password,
        u1_0.phone,
        u1_0.role,
        u1_0.status,
        u1_0.username 
    from
        users u1_0 
    where
        u1_0.username=?
2026-01-11 18:33:42 [http-nio-8989-exec-8] DEBUG o.s.security.web.FilterChainProxy - Secured POST /api/v1/auth/apply-loan
2026-01-11 18:33:42 [http-nio-8989-exec-8] DEBUG o.s.web.servlet.DispatcherServlet - POST "/api/v1/auth/apply-loan", parameters={}
2026-01-11 18:33:42 [http-nio-8989-exec-8] DEBUG o.s.w.s.m.m.a.RequestMappingHandlerMapping - Mapped to com.app.bank.web.controller.LoanController#applyForLoan(LoanRequest, Authentication)
2026-01-11 18:33:42 [http-nio-8989-exec-8] DEBUG o.s.w.s.m.m.a.RequestResponseBodyMethodProcessor - Read "application/json;charset=UTF-8" to [com.app.bank.web.dto.LoanRequest@4d59488b]
2026-01-11 18:33:42 [http-nio-8989-exec-8] DEBUG org.hibernate.SQL - 
    select
        u1_0.id,
        u1_0.aadhar_number,
        u1_0.address,
        u1_0.created_at,
        u1_0.email,
        u1_0.failed_login_attempts,
        u1_0.first_name,
        u1_0.last_login_at,
        u1_0.last_name,
        u1_0.monthly_income,
        u1_0.pan_number,
        u1_0.password,
        u1_0.phone,
        u1_0.role,
        u1_0.status,
        u1_0.username 
    from
        users u1_0 
    where
        u1_0.username=?
2026-01-11 18:33:42 [http-nio-8989-exec-8] DEBUG org.hibernate.SQL - 
    select
        a1_0.id,
        a1_0.account_number,
        a1_0.account_type,
        a1_0.balance,
        a1_0.created_at,
        a1_0.interest_rate,
        a1_0.last_transaction_at,
        a1_0.minimum_balance,
        a1_0.status,
        a1_0.user_id 
    from
        accounts a1_0 
    where
        a1_0.account_number=?
2026-01-11 18:33:42 [http-nio-8989-exec-8] DEBUG org.hibernate.SQL - 
    select
        u1_0.id,
        u1_0.aadhar_number,
        u1_0.address,
        u1_0.created_at,
        u1_0.email,
        u1_0.failed_login_attempts,
        u1_0.first_name,
        u1_0.last_login_at,
        u1_0.last_name,
        u1_0.monthly_income,
        u1_0.pan_number,
        u1_0.password,
        u1_0.phone,
        u1_0.role,
        u1_0.status,
        u1_0.username 
    from
        users u1_0 
    where
        u1_0.id=?
2026-01-11 18:33:42 [http-nio-8989-exec-8] DEBUG o.s.web.servlet.DispatcherServlet - Failed to complete request: com.app.bank.web.exception.BankException: Account not belong's to you
2026-01-11 18:33:42 [http-nio-8989-exec-8] ERROR o.a.c.c.C.[.[.[.[dispatcherServlet] - Servlet.service() for servlet [dispatcherServlet] in context with path [] threw exception [Request processing failed: com.app.bank.web.exception.BankException: Account not belong's to you] with root cause
com.app.bank.web.exception.BankException: Account not belong's to you
	at com.app.bank.web.service.LoanService.applyForLoan(LoanService.java:49)
	at java.base/jdk.internal.reflect.NativeMethodAccessorImpl.invoke0(Native Method)
	at java.base/jdk.internal.reflect.NativeMethodAccessorImpl.invoke(NativeMethodAccessorImpl.java:77)
	at java.base/jdk.internal.reflect.DelegatingMethodAccessorImpl.invoke(DelegatingMethodAccessorImpl.java:43)
	at java.base/java.lang.reflect.Method.invoke(Method.java:568)
	at org.springframework.aop.support.AopUtils.invokeJoinpointUsingReflection(AopUtils.java:360)
	at org.springframework.aop.framework.ReflectiveMethodInvocation.invokeJoinpoint(ReflectiveMethodInvocation.java:196)
	at org.springframework.aop.framework.ReflectiveMethodInvocation.proceed(ReflectiveMethodInvocation.java:163)
	at org.springframework.transaction.interceptor.TransactionAspectSupport.invokeWithinTransaction(TransactionAspectSupport.java:380)
	at org.springframework.transaction.interceptor.TransactionInterceptor.invoke(TransactionInterceptor.java:119)
	at org.springframework.aop.framework.ReflectiveMethodInvocation.proceed(ReflectiveMethodInvocation.java:184)
	at org.springframework.aop.framework.CglibAopProxy$DynamicAdvisedInterceptor.intercept(CglibAopProxy.java:728)
	at com.app.bank.web.service.LoanService$$SpringCGLIB$$0.applyForLoan(<generated>)
	at com.app.bank.web.controller.LoanController.applyForLoan(LoanController.java:35)
	at java.base/jdk.internal.reflect.NativeMethodAccessorImpl.invoke0(Native Method)
	at java.base/jdk.internal.reflect.NativeMethodAccessorImpl.invoke(NativeMethodAccessorImpl.java:77)
	at java.base/jdk.internal.reflect.DelegatingMethodAccessorImpl.invoke(DelegatingMethodAccessorImpl.java:43)
	at java.base/java.lang.reflect.Method.invoke(Method.java:568)
	at org.springframework.web.method.support.InvocableHandlerMethod.doInvoke(InvocableHandlerMethod.java:258)
	at org.springframework.web.method.support.InvocableHandlerMethod.invokeForRequest(InvocableHandlerMethod.java:191)
	at org.springframework.web.servlet.mvc.method.annotation.ServletInvocableHandlerMethod.invokeAndHandle(ServletInvocableHandlerMethod.java:118)
	at org.springframework.web.servlet.mvc.method.annotation.RequestMappingHandlerAdapter.invokeHandlerMethod(RequestMappingHandlerAdapter.java:991)
	at org.springframework.web.servlet.mvc.method.annotation.RequestMappingHandlerAdapter.handleInternal(RequestMappingHandlerAdapter.java:896)
	at org.springframework.web.servlet.mvc.method.AbstractHandlerMethodAdapter.handle(AbstractHandlerMethodAdapter.java:87)
	at org.springframework.web.servlet.DispatcherServlet.doDispatch(DispatcherServlet.java:1089)
	at org.springframework.web.servlet.DispatcherServlet.doService(DispatcherServlet.java:979)
	at org.springframework.web.servlet.FrameworkServlet.processRequest(FrameworkServlet.java:1014)
	at org.springframework.web.servlet.FrameworkServlet.doPost(FrameworkServlet.java:914)
	at jakarta.servlet.http.HttpServlet.service(HttpServlet.java:590)
	at org.springframework.web.servlet.FrameworkServlet.service(FrameworkServlet.java:885)
	at jakarta.servlet.http.HttpServlet.service(HttpServlet.java:658)
	at org.apache.catalina.core.ApplicationFilterChain.internalDoFilter(ApplicationFilterChain.java:193)
	at org.apache.catalina.core.ApplicationFilterChain.doFilter(ApplicationFilterChain.java:138)
	at org.apache.tomcat.websocket.server.WsFilter.doFilter(WsFilter.java:51)
	at org.apache.catalina.core.ApplicationFilterChain.internalDoFilter(ApplicationFilterChain.java:162)
	at org.apache.catalina.core.ApplicationFilterChain.doFilter(ApplicationFilterChain.java:138)
	at org.springframework.web.filter.OncePerRequestFilter.doFilter(OncePerRequestFilter.java:110)
	at org.apache.catalina.core.ApplicationFilterChain.internalDoFilter(ApplicationFilterChain.java:162)
	at org.apache.catalina.core.ApplicationFilterChain.doFilter(ApplicationFilterChain.java:138)
	at org.springframework.web.filter.CompositeFilter$VirtualFilterChain.doFilter(CompositeFilter.java:108)
	at org.springframework.web.filter.CompositeFilter$VirtualFilterChain.doFilter(CompositeFilter.java:108)
	at org.springframework.security.web.FilterChainProxy.lambda$doFilterInternal$3(FilterChainProxy.java:231)
	at org.springframework.security.web.FilterChainProxy$VirtualFilterChain.doFilter(FilterChainProxy.java:365)
	at org.springframework.security.web.access.intercept.AuthorizationFilter.doFilter(AuthorizationFilter.java:101)
	at org.springframework.security.web.FilterChainProxy$VirtualFilterChain.doFilter(FilterChainProxy.java:374)
	at org.springframework.security.web.access.ExceptionTranslationFilter.doFilter(ExceptionTranslationFilter.java:125)
	at org.springframework.security.web.access.ExceptionTranslationFilter.doFilter(ExceptionTranslationFilter.java:119)
	at org.springframework.security.web.FilterChainProxy$VirtualFilterChain.doFilter(FilterChainProxy.java:374)
	at org.springframework.security.web.session.SessionManagementFilter.doFilter(SessionManagementFilter.java:131)
	at org.springframework.security.web.session.SessionManagementFilter.doFilter(SessionManagementFilter.java:85)
	at org.springframework.security.web.FilterChainProxy$VirtualFilterChain.doFilter(FilterChainProxy.java:374)
	at org.springframework.security.web.authentication.AnonymousAuthenticationFilter.doFilter(AnonymousAuthenticationFilter.java:100)
	at org.springframework.security.web.FilterChainProxy$VirtualFilterChain.doFilter(FilterChainProxy.java:374)
	at org.springframework.security.web.servletapi.SecurityContextHolderAwareRequestFilter.doFilter(SecurityContextHolderAwareRequestFilter.java:179)
	at org.springframework.security.web.FilterChainProxy$VirtualFilterChain.doFilter(FilterChainProxy.java:374)
	at org.springframework.security.web.savedrequest.RequestCacheAwareFilter.doFilter(RequestCacheAwareFilter.java:63)
	at org.springframework.security.web.FilterChainProxy$VirtualFilterChain.doFilter(FilterChainProxy.java:374)
	at com.app.bank.web.security.JwtAuthenticationFilter.doFilterInternal(JwtAuthenticationFilter.java:137)
	at org.springframework.web.filter.OncePerRequestFilter.doFilter(OncePerRequestFilter.java:116)
	at org.springframework.security.web.FilterChainProxy$VirtualFilterChain.doFilter(FilterChainProxy.java:374)
	at org.springframework.security.web.authentication.logout.LogoutFilter.doFilter(LogoutFilter.java:107)
	at org.springframework.security.web.authentication.logout.LogoutFilter.doFilter(LogoutFilter.java:93)
	at org.springframework.security.web.FilterChainProxy$VirtualFilterChain.doFilter(FilterChainProxy.java:374)
	at org.springframework.web.filter.CorsFilter.doFilterInternal(CorsFilter.java:91)
	at org.springframework.web.filter.OncePerRequestFilter.doFilter(OncePerRequestFilter.java:116)
	at org.springframework.security.web.FilterChainProxy$VirtualFilterChain.doFilter(FilterChainProxy.java:374)
	at org.springframework.security.web.header.HeaderWriterFilter.doHeadersAfter(HeaderWriterFilter.java:90)
	at org.springframework.security.web.header.HeaderWriterFilter.doFilterInternal(HeaderWriterFilter.java:75)
	at org.springframework.web.filter.OncePerRequestFilter.doFilter(OncePerRequestFilter.java:116)
	at org.springframework.security.web.FilterChainProxy$VirtualFilterChain.doFilter(FilterChainProxy.java:374)
	at org.springframework.security.web.context.SecurityContextHolderFilter.doFilter(SecurityContextHolderFilter.java:82)
	at org.springframework.security.web.context.SecurityContextHolderFilter.doFilter(SecurityContextHolderFilter.java:69)
	at org.springframework.security.web.FilterChainProxy$VirtualFilterChain.doFilter(FilterChainProxy.java:374)
	at org.springframework.security.web.context.request.async.WebAsyncManagerIntegrationFilter.doFilterInternal(WebAsyncManagerIntegrationFilter.java:62)
	at org.springframework.web.filter.OncePerRequestFilter.doFilter(OncePerRequestFilter.java:116)
	at org.springframework.security.web.FilterChainProxy$VirtualFilterChain.doFilter(FilterChainProxy.java:374)
	at org.springframework.security.web.session.DisableEncodeUrlFilter.doFilterInternal(DisableEncodeUrlFilter.java:42)
	at org.springframework.web.filter.OncePerRequestFilter.doFilter(OncePerRequestFilter.java:116)
	at org.springframework.security.web.FilterChainProxy$VirtualFilterChain.doFilter(FilterChainProxy.java:374)
	at org.springframework.security.web.FilterChainProxy.doFilterInternal(FilterChainProxy.java:233)
	at org.springframework.security.web.FilterChainProxy.doFilter(FilterChainProxy.java:191)
	at org.springframework.web.filter.CompositeFilter$VirtualFilterChain.doFilter(CompositeFilter.java:113)
	at org.springframework.web.filter.ServletRequestPathFilter.doFilter(ServletRequestPathFilter.java:52)
	at org.springframework.web.filter.CompositeFilter$VirtualFilterChain.doFilter(CompositeFilter.java:113)
	at org.springframework.web.filter.CompositeFilter.doFilter(CompositeFilter.java:74)
	at org.springframework.security.config.annotation.web.configuration.WebSecurityConfiguration$CompositeFilterChainProxy.doFilter(WebSecurityConfiguration.java:319)
	at org.springframework.web.filter.CompositeFilter$VirtualFilterChain.doFilter(CompositeFilter.java:113)
	at org.springframework.web.servlet.handler.HandlerMappingIntrospector.lambda$createCacheFilter$4(HandlerMappingIntrospector.java:267)
	at org.springframework.web.filter.CompositeFilter$VirtualFilterChain.doFilter(CompositeFilter.java:113)
	at org.springframework.web.filter.CompositeFilter.doFilter(CompositeFilter.java:74)
	at org.springframework.security.config.annotation.web.configuration.WebMvcSecurityConfiguration$CompositeFilterChainProxy.doFilter(WebMvcSecurityConfiguration.java:240)
	at org.springframework.web.filter.DelegatingFilterProxy.invokeDelegate(DelegatingFilterProxy.java:362)
	at org.springframework.web.filter.DelegatingFilterProxy.doFilter(DelegatingFilterProxy.java:278)
	at org.apache.catalina.core.ApplicationFilterChain.internalDoFilter(ApplicationFilterChain.java:162)
	at org.apache.catalina.core.ApplicationFilterChain.doFilter(ApplicationFilterChain.java:138)
	at org.springframework.web.filter.RequestContextFilter.doFilterInternal(RequestContextFilter.java:100)
	at org.springframework.web.filter.OncePerRequestFilter.doFilter(OncePerRequestFilter.java:116)
	at org.apache.catalina.core.ApplicationFilterChain.internalDoFilter(ApplicationFilterChain.java:162)
	at org.apache.catalina.core.ApplicationFilterChain.doFilter(ApplicationFilterChain.java:138)
	at org.springframework.web.filter.FormContentFilter.doFilterInternal(FormContentFilter.java:93)
	at org.springframework.web.filter.OncePerRequestFilter.doFilter(OncePerRequestFilter.java:116)
	at org.apache.catalina.core.ApplicationFilterChain.internalDoFilter(ApplicationFilterChain.java:162)
	at org.apache.catalina.core.ApplicationFilterChain.doFilter(ApplicationFilterChain.java:138)
	at org.springframework.web.filter.CharacterEncodingFilter.doFilterInternal(CharacterEncodingFilter.java:201)
	at org.springframework.web.filter.OncePerRequestFilter.doFilter(OncePerRequestFilter.java:116)
	at org.apache.catalina.core.ApplicationFilterChain.internalDoFilter(ApplicationFilterChain.java:162)
	at org.apache.catalina.core.ApplicationFilterChain.doFilter(ApplicationFilterChain.java:138)
	at org.apache.catalina.core.StandardWrapperValve.invoke(StandardWrapperValve.java:165)
	at org.apache.catalina.core.StandardContextValve.invoke(StandardContextValve.java:88)
	at org.apache.catalina.authenticator.AuthenticatorBase.invoke(AuthenticatorBase.java:482)
	at org.apache.catalina.core.StandardHostValve.invoke(StandardHostValve.java:113)
	at org.apache.catalina.valves.ErrorReportValve.invoke(ErrorReportValve.java:83)
	at org.apache.catalina.core.StandardEngineValve.invoke(StandardEngineValve.java:72)
	at org.apache.catalina.connector.CoyoteAdapter.service(CoyoteAdapter.java:342)
	at org.apache.coyote.http11.Http11Processor.service(Http11Processor.java:399)
	at org.apache.coyote.AbstractProcessorLight.process(AbstractProcessorLight.java:63)
	at org.apache.coyote.AbstractProtocol$ConnectionHandler.process(AbstractProtocol.java:903)
	at org.apache.tomcat.util.net.NioEndpoint$SocketProcessor.doRun(NioEndpoint.java:1774)
	at org.apache.tomcat.util.net.SocketProcessorBase.run(SocketProcessorBase.java:52)
	at org.apache.tomcat.util.threads.ThreadPoolExecutor.runWorker(ThreadPoolExecutor.java:973)
	at org.apache.tomcat.util.threads.ThreadPoolExecutor$Worker.run(ThreadPoolExecutor.java:491)
	at org.apache.tomcat.util.threads.TaskThread$WrappingRunnable.run(TaskThread.java:63)
	at java.base/java.lang.Thread.run(Thread.java:842)
2026-01-11 18:33:42 [http-nio-8989-exec-8] DEBUG o.s.security.web.FilterChainProxy - Securing POST /error
2026-01-11 18:33:42 [http-nio-8989-exec-8] DEBUG o.s.security.web.FilterChainProxy - Secured POST /error
2026-01-11 18:33:42 [http-nio-8989-exec-8] DEBUG o.s.web.servlet.DispatcherServlet - "ERROR" dispatch for POST "/error", parameters={}
2026-01-11 18:33:42 [http-nio-8989-exec-8] DEBUG o.s.w.s.m.m.a.RequestMappingHandlerMapping - Mapped to org.springframework.boot.autoconfigure.web.servlet.error.BasicErrorController#error(HttpServletRequest)
2026-01-11 18:33:42 [http-nio-8989-exec-8] DEBUG o.s.w.s.m.m.a.HttpEntityMethodProcessor - Using 'application/json', given [*/*] and supported [application/json, application/*+json]
2026-01-11 18:33:42 [http-nio-8989-exec-8] DEBUG o.s.w.s.m.m.a.HttpEntityMethodProcessor - Writing [{timestamp=Sun Jan 11 18:33:42 IST 2026, status=500, error=Internal Server Error, trace=com.app.bank (truncated)...]
2026-01-11 18:33:42 [http-nio-8989-exec-8] DEBUG o.s.web.servlet.DispatcherServlet - Exiting from "ERROR" dispatch, status 500
2026-01-11 18:33:42 [http-nio-8989-exec-8] DEBUG o.s.s.w.a.AnonymousAuthenticationFilter - Set SecurityContextHolder to anonymous SecurityContext
2026-01-11 18:35:02 [http-nio-8989-exec-10] DEBUG o.s.security.web.FilterChainProxy - Securing POST /api/v1/auth/apply-loan
2026-01-11 18:35:02 [http-nio-8989-exec-10] DEBUG org.hibernate.SQL - 
    select
        u1_0.id,
        u1_0.aadhar_number,
        u1_0.address,
        u1_0.created_at,
        u1_0.email,
        u1_0.failed_login_attempts,
        u1_0.first_name,
        u1_0.last_login_at,
        u1_0.last_name,
        u1_0.monthly_income,
        u1_0.pan_number,
        u1_0.password,
        u1_0.phone,
        u1_0.role,
        u1_0.status,
        u1_0.username 
    from
        users u1_0 
    where
        u1_0.username=?
2026-01-11 18:35:02 [http-nio-8989-exec-10] DEBUG o.s.security.web.FilterChainProxy - Secured POST /api/v1/auth/apply-loan
2026-01-11 18:35:02 [http-nio-8989-exec-10] DEBUG o.s.web.servlet.DispatcherServlet - POST "/api/v1/auth/apply-loan", parameters={}
2026-01-11 18:35:02 [http-nio-8989-exec-10] DEBUG o.s.w.s.m.m.a.RequestMappingHandlerMapping - Mapped to com.app.bank.web.controller.LoanController#applyForLoan(LoanRequest, Authentication)
2026-01-11 18:35:02 [http-nio-8989-exec-10] DEBUG o.s.w.s.m.m.a.RequestResponseBodyMethodProcessor - Read "application/json;charset=UTF-8" to [com.app.bank.web.dto.LoanRequest@1533973a]
2026-01-11 18:35:02 [http-nio-8989-exec-10] DEBUG org.hibernate.SQL - 
    select
        u1_0.id,
        u1_0.aadhar_number,
        u1_0.address,
        u1_0.created_at,
        u1_0.email,
        u1_0.failed_login_attempts,
        u1_0.first_name,
        u1_0.last_login_at,
        u1_0.last_name,
        u1_0.monthly_income,
        u1_0.pan_number,
        u1_0.password,
        u1_0.phone,
        u1_0.role,
        u1_0.status,
        u1_0.username 
    from
        users u1_0 
    where
        u1_0.username=?
2026-01-11 18:35:02 [http-nio-8989-exec-10] DEBUG org.hibernate.SQL - 
    select
        a1_0.id,
        a1_0.account_number,
        a1_0.account_type,
        a1_0.balance,
        a1_0.created_at,
        a1_0.interest_rate,
        a1_0.last_transaction_at,
        a1_0.minimum_balance,
        a1_0.status,
        a1_0.user_id 
    from
        accounts a1_0 
    where
        a1_0.account_number=?
2026-01-11 18:35:02 [http-nio-8989-exec-10] DEBUG org.hibernate.SQL - 
    select
        count(l1_0.id) 
    from
        loans l1_0 
    left join
        users u1_0 
            on u1_0.id=l1_0.user_id 
    where
        u1_0.id=? 
        and l1_0.status=?
2026-01-11 18:35:02 [http-nio-8989-exec-10] DEBUG org.hibernate.SQL - 
    insert 
    into
        loans
        (applied_date, approved_by, approved_date, disbursement_date, emi_amount, interest_rate, account_id, loan_account_number, loan_type, maturity_date, principal_amount, status, tenure_months, total_amount, user_id) 
    values
        (?, ?, ?, ?, ?, ?, ?, ?, ?, ?, ?, ?, ?, ?, ?)
2026-01-11 18:35:02 [http-nio-8989-exec-10] DEBUG o.s.w.s.m.m.a.HttpEntityMethodProcessor - Using 'application/json', given [*/*] and supported [application/json, application/*+json]
2026-01-11 18:35:02 [http-nio-8989-exec-10] DEBUG o.s.w.s.m.m.a.HttpEntityMethodProcessor - Writing [com.app.bank.web.dto.LoanResponse@2accc1e9]
2026-01-11 18:35:02 [http-nio-8989-exec-10] DEBUG o.s.web.servlet.DispatcherServlet - Completed 200 OK
2026-01-11 18:35:58 [http-nio-8989-exec-3] DEBUG o.s.security.web.FilterChainProxy - Securing POST /api/v1/auth/6/approve-loan
2026-01-11 18:35:58 [http-nio-8989-exec-3] DEBUG org.hibernate.SQL - 
    select
        u1_0.id,
        u1_0.aadhar_number,
        u1_0.address,
        u1_0.created_at,
        u1_0.email,
        u1_0.failed_login_attempts,
        u1_0.first_name,
        u1_0.last_login_at,
        u1_0.last_name,
        u1_0.monthly_income,
        u1_0.pan_number,
        u1_0.password,
        u1_0.phone,
        u1_0.role,
        u1_0.status,
        u1_0.username 
    from
        users u1_0 
    where
        u1_0.username=?
2026-01-11 18:35:58 [http-nio-8989-exec-3] DEBUG o.s.security.web.FilterChainProxy - Secured POST /api/v1/auth/6/approve-loan
2026-01-11 18:35:58 [http-nio-8989-exec-3] DEBUG o.s.web.servlet.DispatcherServlet - POST "/api/v1/auth/6/approve-loan", parameters={}
2026-01-11 18:35:58 [http-nio-8989-exec-3] DEBUG o.s.w.s.m.m.a.RequestMappingHandlerMapping - Mapped to com.app.bank.web.controller.LoanController#approveLoan(Long, Authentication)
2026-01-11 18:35:58 [http-nio-8989-exec-3] DEBUG org.hibernate.SQL - 
    select
        l1_0.id,
        l1_0.applied_date,
        l1_0.approved_by,
        l1_0.approved_date,
        l1_0.disbursement_date,
        l1_0.emi_amount,
        l1_0.interest_rate,
        l1_0.account_id,
        la1_0.id,
        la1_0.account_number,
        la1_0.account_type,
        la1_0.balance,
        la1_0.created_at,
        la1_0.interest_rate,
        la1_0.last_transaction_at,
        la1_0.minimum_balance,
        la1_0.status,
        la1_0.user_id,
        u1_0.id,
        u1_0.aadhar_number,
        u1_0.address,
        u1_0.created_at,
        u1_0.email,
        u1_0.failed_login_attempts,
        u1_0.first_name,
        u1_0.last_login_at,
        u1_0.last_name,
        u1_0.monthly_income,
        u1_0.pan_number,
        u1_0.password,
        u1_0.phone,
        u1_0.role,
        u1_0.status,
        u1_0.username,
        l1_0.loan_account_number,
        l1_0.loan_type,
        l1_0.maturity_date,
        l1_0.principal_amount,
        l1_0.status,
        l1_0.tenure_months,
        l1_0.total_amount,
        l1_0.user_id,
        u2_0.id,
        u2_0.aadhar_number,
        u2_0.address,
        u2_0.created_at,
        u2_0.email,
        u2_0.failed_login_attempts,
        u2_0.first_name,
        u2_0.last_login_at,
        u2_0.last_name,
        u2_0.monthly_income,
        u2_0.pan_number,
        u2_0.password,
        u2_0.phone,
        u2_0.role,
        u2_0.status,
        u2_0.username 
    from
        loans l1_0 
    join
        accounts la1_0 
            on la1_0.id=l1_0.account_id 
    join
        users u1_0 
            on u1_0.id=la1_0.user_id 
    join
        users u2_0 
            on u2_0.id=l1_0.user_id 
    where
        l1_0.id=?
2026-01-11 18:35:58 [http-nio-8989-exec-3] DEBUG org.hibernate.SQL - 
    update
        accounts 
    set
        account_number=?,
        account_type=?,
        balance=?,
        created_at=?,
        interest_rate=?,
        last_transaction_at=?,
        minimum_balance=?,
        status=?,
        user_id=? 
    where
        id=?
2026-01-11 18:35:58 [http-nio-8989-exec-3] DEBUG org.hibernate.SQL - 
    update
        loans 
    set
        applied_date=?,
        approved_by=?,
        approved_date=?,
        disbursement_date=?,
        emi_amount=?,
        interest_rate=?,
        account_id=?,
        loan_account_number=?,
        loan_type=?,
        maturity_date=?,
        principal_amount=?,
        status=?,
        tenure_months=?,
        total_amount=?,
        user_id=? 
    where
        id=?
2026-01-11 18:35:58 [http-nio-8989-exec-3] DEBUG o.s.w.s.m.m.a.HttpEntityMethodProcessor - Using 'application/json', given [*/*] and supported [application/json, application/*+json]
2026-01-11 18:35:58 [http-nio-8989-exec-3] DEBUG o.s.w.s.m.m.a.HttpEntityMethodProcessor - Writing [com.app.bank.web.dto.LoanResponse@7252896]
2026-01-11 18:35:58 [http-nio-8989-exec-3] DEBUG o.s.web.servlet.DispatcherServlet - Completed 200 OK
2026-01-11 18:36:19 [http-nio-8989-exec-1] DEBUG o.s.security.web.FilterChainProxy - Securing GET /api/v1/auth/my-loans
2026-01-11 18:36:19 [http-nio-8989-exec-1] DEBUG org.hibernate.SQL - 
    select
        u1_0.id,
        u1_0.aadhar_number,
        u1_0.address,
        u1_0.created_at,
        u1_0.email,
        u1_0.failed_login_attempts,
        u1_0.first_name,
        u1_0.last_login_at,
        u1_0.last_name,
        u1_0.monthly_income,
        u1_0.pan_number,
        u1_0.password,
        u1_0.phone,
        u1_0.role,
        u1_0.status,
        u1_0.username 
    from
        users u1_0 
    where
        u1_0.username=?
2026-01-11 18:36:19 [http-nio-8989-exec-1] DEBUG o.s.security.web.FilterChainProxy - Secured GET /api/v1/auth/my-loans
2026-01-11 18:36:19 [http-nio-8989-exec-1] DEBUG o.s.web.servlet.DispatcherServlet - GET "/api/v1/auth/my-loans", parameters={}
2026-01-11 18:36:19 [http-nio-8989-exec-1] DEBUG o.s.w.s.m.m.a.RequestMappingHandlerMapping - Mapped to com.app.bank.web.controller.LoanController#getMyLoans(Authentication)
2026-01-11 18:36:19 [http-nio-8989-exec-1] DEBUG org.hibernate.SQL - 
    select
        u1_0.id,
        u1_0.aadhar_number,
        u1_0.address,
        u1_0.created_at,
        u1_0.email,
        u1_0.failed_login_attempts,
        u1_0.first_name,
        u1_0.last_login_at,
        u1_0.last_name,
        u1_0.monthly_income,
        u1_0.pan_number,
        u1_0.password,
        u1_0.phone,
        u1_0.role,
        u1_0.status,
        u1_0.username 
    from
        users u1_0 
    where
        u1_0.username=?
2026-01-11 18:36:19 [http-nio-8989-exec-1] DEBUG org.hibernate.SQL - 
    select
        l1_0.id,
        l1_0.applied_date,
        l1_0.approved_by,
        l1_0.approved_date,
        l1_0.disbursement_date,
        l1_0.emi_amount,
        l1_0.interest_rate,
        l1_0.account_id,
        l1_0.loan_account_number,
        l1_0.loan_type,
        l1_0.maturity_date,
        l1_0.principal_amount,
        l1_0.status,
        l1_0.tenure_months,
        l1_0.total_amount,
        l1_0.user_id 
    from
        loans l1_0 
    left join
        users u1_0 
            on u1_0.id=l1_0.user_id 
    where
        u1_0.id=?
2026-01-11 18:36:19 [http-nio-8989-exec-1] DEBUG org.hibernate.SQL - 
    select
        a1_0.id,
        a1_0.account_number,
        a1_0.account_type,
        a1_0.balance,
        a1_0.created_at,
        a1_0.interest_rate,
        a1_0.last_transaction_at,
        a1_0.minimum_balance,
        a1_0.status,
        a1_0.user_id,
        u1_0.id,
        u1_0.aadhar_number,
        u1_0.address,
        u1_0.created_at,
        u1_0.email,
        u1_0.failed_login_attempts,
        u1_0.first_name,
        u1_0.last_login_at,
        u1_0.last_name,
        u1_0.monthly_income,
        u1_0.pan_number,
        u1_0.password,
        u1_0.phone,
        u1_0.role,
        u1_0.status,
        u1_0.username 
    from
        accounts a1_0 
    join
        users u1_0 
            on u1_0.id=a1_0.user_id 
    where
        a1_0.id=?
2026-01-11 18:36:19 [http-nio-8989-exec-1] DEBUG o.s.w.s.m.m.a.HttpEntityMethodProcessor - Using 'application/json', given [*/*] and supported [application/json, application/*+json]
2026-01-11 18:36:19 [http-nio-8989-exec-1] DEBUG o.s.w.s.m.m.a.HttpEntityMethodProcessor - Writing [[com.app.bank.web.dto.LoanResponse@36268aeb]]
2026-01-11 18:36:19 [http-nio-8989-exec-1] DEBUG o.s.web.servlet.DispatcherServlet - Completed 200 OK
2026-01-11 18:36:26 [http-nio-8989-exec-4] DEBUG o.s.security.web.FilterChainProxy - Securing GET /api/v1/auth/all-loans
2026-01-11 18:36:26 [http-nio-8989-exec-4] DEBUG org.hibernate.SQL - 
    select
        u1_0.id,
        u1_0.aadhar_number,
        u1_0.address,
        u1_0.created_at,
        u1_0.email,
        u1_0.failed_login_attempts,
        u1_0.first_name,
        u1_0.last_login_at,
        u1_0.last_name,
        u1_0.monthly_income,
        u1_0.pan_number,
        u1_0.password,
        u1_0.phone,
        u1_0.role,
        u1_0.status,
        u1_0.username 
    from
        users u1_0 
    where
        u1_0.username=?
2026-01-11 18:36:26 [http-nio-8989-exec-4] DEBUG o.s.security.web.FilterChainProxy - Secured GET /api/v1/auth/all-loans
2026-01-11 18:36:26 [http-nio-8989-exec-4] DEBUG o.s.web.servlet.DispatcherServlet - GET "/api/v1/auth/all-loans", parameters={}
2026-01-11 18:36:26 [http-nio-8989-exec-4] DEBUG o.s.w.s.m.m.a.RequestMappingHandlerMapping - Mapped to com.app.bank.web.controller.LoanController#getAllLoans(LoanStatus, Pageable)
2026-01-11 18:36:26 [http-nio-8989-exec-4] DEBUG org.hibernate.SQL - 
    select
        l1_0.id,
        l1_0.applied_date,
        l1_0.approved_by,
        l1_0.approved_date,
        l1_0.disbursement_date,
        l1_0.emi_amount,
        l1_0.interest_rate,
        l1_0.account_id,
        l1_0.loan_account_number,
        l1_0.loan_type,
        l1_0.maturity_date,
        l1_0.principal_amount,
        l1_0.status,
        l1_0.tenure_months,
        l1_0.total_amount,
        l1_0.user_id 
    from
        loans l1_0 
    limit
        ?, ?
2026-01-11 18:36:26 [http-nio-8989-exec-4] DEBUG org.hibernate.SQL - 
    select
        a1_0.id,
        a1_0.account_number,
        a1_0.account_type,
        a1_0.balance,
        a1_0.created_at,
        a1_0.interest_rate,
        a1_0.last_transaction_at,
        a1_0.minimum_balance,
        a1_0.status,
        a1_0.user_id,
        u1_0.id,
        u1_0.aadhar_number,
        u1_0.address,
        u1_0.created_at,
        u1_0.email,
        u1_0.failed_login_attempts,
        u1_0.first_name,
        u1_0.last_login_at,
        u1_0.last_name,
        u1_0.monthly_income,
        u1_0.pan_number,
        u1_0.password,
        u1_0.phone,
        u1_0.role,
        u1_0.status,
        u1_0.username 
    from
        accounts a1_0 
    join
        users u1_0 
            on u1_0.id=a1_0.user_id 
    where
        a1_0.id=?
2026-01-11 18:36:26 [http-nio-8989-exec-4] DEBUG org.hibernate.SQL - 
    select
        a1_0.id,
        a1_0.account_number,
        a1_0.account_type,
        a1_0.balance,
        a1_0.created_at,
        a1_0.interest_rate,
        a1_0.last_transaction_at,
        a1_0.minimum_balance,
        a1_0.status,
        a1_0.user_id,
        u1_0.id,
        u1_0.aadhar_number,
        u1_0.address,
        u1_0.created_at,
        u1_0.email,
        u1_0.failed_login_attempts,
        u1_0.first_name,
        u1_0.last_login_at,
        u1_0.last_name,
        u1_0.monthly_income,
        u1_0.pan_number,
        u1_0.password,
        u1_0.phone,
        u1_0.role,
        u1_0.status,
        u1_0.username 
    from
        accounts a1_0 
    join
        users u1_0 
            on u1_0.id=a1_0.user_id 
    where
        a1_0.id=?
2026-01-11 18:36:26 [http-nio-8989-exec-4] DEBUG org.hibernate.SQL - 
    select
        a1_0.id,
        a1_0.account_number,
        a1_0.account_type,
        a1_0.balance,
        a1_0.created_at,
        a1_0.interest_rate,
        a1_0.last_transaction_at,
        a1_0.minimum_balance,
        a1_0.status,
        a1_0.user_id,
        u1_0.id,
        u1_0.aadhar_number,
        u1_0.address,
        u1_0.created_at,
        u1_0.email,
        u1_0.failed_login_attempts,
        u1_0.first_name,
        u1_0.last_login_at,
        u1_0.last_name,
        u1_0.monthly_income,
        u1_0.pan_number,
        u1_0.password,
        u1_0.phone,
        u1_0.role,
        u1_0.status,
        u1_0.username 
    from
        accounts a1_0 
    join
        users u1_0 
            on u1_0.id=a1_0.user_id 
    where
        a1_0.id=?
2026-01-11 18:36:26 [http-nio-8989-exec-4] DEBUG org.hibernate.SQL - 
    select
        a1_0.id,
        a1_0.account_number,
        a1_0.account_type,
        a1_0.balance,
        a1_0.created_at,
        a1_0.interest_rate,
        a1_0.last_transaction_at,
        a1_0.minimum_balance,
        a1_0.status,
        a1_0.user_id,
        u1_0.id,
        u1_0.aadhar_number,
        u1_0.address,
        u1_0.created_at,
        u1_0.email,
        u1_0.failed_login_attempts,
        u1_0.first_name,
        u1_0.last_login_at,
        u1_0.last_name,
        u1_0.monthly_income,
        u1_0.pan_number,
        u1_0.password,
        u1_0.phone,
        u1_0.role,
        u1_0.status,
        u1_0.username 
    from
        accounts a1_0 
    join
        users u1_0 
            on u1_0.id=a1_0.user_id 
    where
        a1_0.id=?
2026-01-11 18:36:26 [http-nio-8989-exec-4] DEBUG o.s.w.s.m.m.a.HttpEntityMethodProcessor - Using 'application/json', given [*/*] and supported [application/json, application/*+json]
2026-01-11 18:36:26 [http-nio-8989-exec-4] DEBUG o.s.w.s.m.m.a.HttpEntityMethodProcessor - Writing [Page 1 of 1 containing com.app.bank.web.dto.LoanResponse instances]
2026-01-11 18:36:26 [http-nio-8989-exec-4] DEBUG o.s.web.servlet.DispatcherServlet - Completed 200 OK
2026-01-11 18:37:43 [http-nio-8989-exec-5] DEBUG o.s.security.web.FilterChainProxy - Securing POST /api/v1/auth/LOAN1768136702081/repay-loan?amount=50000
2026-01-11 18:37:43 [http-nio-8989-exec-5] DEBUG org.hibernate.SQL - 
    select
        u1_0.id,
        u1_0.aadhar_number,
        u1_0.address,
        u1_0.created_at,
        u1_0.email,
        u1_0.failed_login_attempts,
        u1_0.first_name,
        u1_0.last_login_at,
        u1_0.last_name,
        u1_0.monthly_income,
        u1_0.pan_number,
        u1_0.password,
        u1_0.phone,
        u1_0.role,
        u1_0.status,
        u1_0.username 
    from
        users u1_0 
    where
        u1_0.username=?
2026-01-11 18:37:43 [http-nio-8989-exec-5] DEBUG o.s.security.web.FilterChainProxy - Secured POST /api/v1/auth/LOAN1768136702081/repay-loan?amount=50000
2026-01-11 18:37:43 [http-nio-8989-exec-5] DEBUG o.s.web.servlet.DispatcherServlet - POST "/api/v1/auth/LOAN1768136702081/repay-loan?amount=50000", parameters={masked}
2026-01-11 18:37:43 [http-nio-8989-exec-5] DEBUG o.s.w.s.m.m.a.RequestMappingHandlerMapping - Mapped to com.app.bank.web.controller.LoanController#repayLoan(String, BigDecimal, Authentication)
2026-01-11 18:37:43 [http-nio-8989-exec-5] DEBUG org.hibernate.SQL - 
    select
        l1_0.id,
        l1_0.applied_date,
        l1_0.approved_by,
        l1_0.approved_date,
        l1_0.disbursement_date,
        l1_0.emi_amount,
        l1_0.interest_rate,
        l1_0.account_id,
        l1_0.loan_account_number,
        l1_0.loan_type,
        l1_0.maturity_date,
        l1_0.principal_amount,
        l1_0.status,
        l1_0.tenure_months,
        l1_0.total_amount,
        l1_0.user_id 
    from
        loans l1_0 
    where
        l1_0.loan_account_number=?
2026-01-11 18:37:43 [http-nio-8989-exec-5] DEBUG org.hibernate.SQL - 
    select
        a1_0.id,
        a1_0.account_number,
        a1_0.account_type,
        a1_0.balance,
        a1_0.created_at,
        a1_0.interest_rate,
        a1_0.last_transaction_at,
        a1_0.minimum_balance,
        a1_0.status,
        a1_0.user_id,
        u1_0.id,
        u1_0.aadhar_number,
        u1_0.address,
        u1_0.created_at,
        u1_0.email,
        u1_0.failed_login_attempts,
        u1_0.first_name,
        u1_0.last_login_at,
        u1_0.last_name,
        u1_0.monthly_income,
        u1_0.pan_number,
        u1_0.password,
        u1_0.phone,
        u1_0.role,
        u1_0.status,
        u1_0.username 
    from
        accounts a1_0 
    join
        users u1_0 
            on u1_0.id=a1_0.user_id 
    where
        a1_0.id=?
2026-01-11 18:37:43 [http-nio-8989-exec-5] DEBUG org.hibernate.SQL - 
    select
        u1_0.id,
        u1_0.aadhar_number,
        u1_0.address,
        u1_0.created_at,
        u1_0.email,
        u1_0.failed_login_attempts,
        u1_0.first_name,
        u1_0.last_login_at,
        u1_0.last_name,
        u1_0.monthly_income,
        u1_0.pan_number,
        u1_0.password,
        u1_0.phone,
        u1_0.role,
        u1_0.status,
        u1_0.username 
    from
        users u1_0 
    where
        u1_0.username=?
2026-01-11 18:37:43 [http-nio-8989-exec-5] DEBUG org.hibernate.SQL - 
    select
        r1_0.loan_id,
        r1_0.id,
        r1_0.created_at,
        r1_0.created_by,
        r1_0.due_amount,
        r1_0.due_date,
        r1_0.grace_period_end_date,
        r1_0.installment_number,
        r1_0.interest_amount,
        r1_0.late_payment_fee,
        r1_0.paid_amount,
        r1_0.payment_date,
        r1_0.payment_mode,
        r1_0.payment_reference,
        r1_0.penalty_rate,
        r1_0.principal_amount,
        r1_0.remaining_principal,
        r1_0.remarks,
        r1_0.status,
        r1_0.total_outstanding,
        r1_0.transaction_id,
        r1_0.updated_at,
        r1_0.updated_by 
    from
        loan_repayments r1_0 
    where
        r1_0.loan_id=?
2026-01-11 18:37:43 [http-nio-8989-exec-5] DEBUG org.hibernate.SQL - 
    update
        accounts 
    set
        account_number=?,
        account_type=?,
        balance=?,
        created_at=?,
        interest_rate=?,
        last_transaction_at=?,
        minimum_balance=?,
        status=?,
        user_id=? 
    where
        id=?
2026-01-11 18:37:43 [http-nio-8989-exec-5] DEBUG o.s.w.s.m.m.a.HttpEntityMethodProcessor - Using 'application/json', given [*/*] and supported [application/json, application/*+json]
2026-01-11 18:37:43 [http-nio-8989-exec-5] DEBUG o.s.w.s.m.m.a.HttpEntityMethodProcessor - Writing [{remining balance=564481.12, message=Loan repayment successful}]
2026-01-11 18:37:43 [http-nio-8989-exec-5] DEBUG o.s.web.servlet.DispatcherServlet - Completed 200 OK
2026-01-11 18:41:39 [http-nio-8989-exec-9] DEBUG o.s.security.web.FilterChainProxy - Securing GET /api/v1/auth/validate-token?token=%22eyJhbGciOiJIUzUxMiJ9.eyJzdWIiOiJrYWRpcjU2IiwiY3JlYXRlZCI6MTc2ODEzNjQ3ODc2NywiZXhwIjoxNzY4MjIyODc4LCJpYXQiOjE3NjgxMzY0NzgsImF1dGhvcml0aWVzIjoiUk9MRV9DVVNUT01FUiIsInVzZXJuYW1lIjoia2FkaXI1NiJ9.wW7GOzXXQFL9jnLwPR8yOx4imbPsaKE-VRxdV7FfROy1edo3sg5WVjRlMeOmbMVClqXwMAG3hScB1ScDYqNLQw%22
2026-01-11 18:41:39 [http-nio-8989-exec-9] DEBUG o.s.s.w.a.AnonymousAuthenticationFilter - Set SecurityContextHolder to anonymous SecurityContext
2026-01-11 18:41:39 [http-nio-8989-exec-9] ERROR c.a.b.w.c.JwtAuthenticationEntryPoint - Unothorized error: Full authentication is required to access this resource
2026-01-11 18:41:39 [http-nio-8989-exec-9] ERROR c.a.b.w.c.JwtAuthenticationEntryPoint - Request URI: /api/v1/auth/validate-token
2026-01-11 18:41:52 [http-nio-8989-exec-10] DEBUG o.s.security.web.FilterChainProxy - Securing GET /api/v1/auth/validate-token?token=%22eyJhbGciOiJIUzUxMiJ9.eyJzdWIiOiJrYWRpcjU2IiwiY3JlYXRlZCI6MTc2ODEzNjQ3ODc2NywiZXhwIjoxNzY4MjIyODc4LCJpYXQiOjE3NjgxMzY0NzgsImF1dGhvcml0aWVzIjoiUk9MRV9DVVNUT01FUiIsInVzZXJuYW1lIjoia2FkaXI1NiJ9.wW7GOzXXQFL9jnLwPR8yOx4imbPsaKE-VRxdV7FfROy1edo3sg5WVjRlMeOmbMVClqXwMAG3hScB1ScDYqNLQw%22
2026-01-11 18:41:52 [http-nio-8989-exec-10] DEBUG org.hibernate.SQL - 
    select
        u1_0.id,
        u1_0.aadhar_number,
        u1_0.address,
        u1_0.created_at,
        u1_0.email,
        u1_0.failed_login_attempts,
        u1_0.first_name,
        u1_0.last_login_at,
        u1_0.last_name,
        u1_0.monthly_income,
        u1_0.pan_number,
        u1_0.password,
        u1_0.phone,
        u1_0.role,
        u1_0.status,
        u1_0.username 
    from
        users u1_0 
    where
        u1_0.username=?
2026-01-11 18:41:52 [http-nio-8989-exec-10] DEBUG o.s.security.web.FilterChainProxy - Secured GET /api/v1/auth/validate-token?token=%22eyJhbGciOiJIUzUxMiJ9.eyJzdWIiOiJrYWRpcjU2IiwiY3JlYXRlZCI6MTc2ODEzNjQ3ODc2NywiZXhwIjoxNzY4MjIyODc4LCJpYXQiOjE3NjgxMzY0NzgsImF1dGhvcml0aWVzIjoiUk9MRV9DVVNUT01FUiIsInVzZXJuYW1lIjoia2FkaXI1NiJ9.wW7GOzXXQFL9jnLwPR8yOx4imbPsaKE-VRxdV7FfROy1edo3sg5WVjRlMeOmbMVClqXwMAG3hScB1ScDYqNLQw%22
2026-01-11 18:41:52 [http-nio-8989-exec-10] DEBUG o.s.web.servlet.DispatcherServlet - GET "/api/v1/auth/validate-token?token=%22eyJhbGciOiJIUzUxMiJ9.eyJzdWIiOiJrYWRpcjU2IiwiY3JlYXRlZCI6MTc2ODEzNjQ3ODc2NywiZXhwIjoxNzY4MjIyODc4LCJpYXQiOjE3NjgxMzY0NzgsImF1dGhvcml0aWVzIjoiUk9MRV9DVVNUT01FUiIsInVzZXJuYW1lIjoia2FkaXI1NiJ9.wW7GOzXXQFL9jnLwPR8yOx4imbPsaKE-VRxdV7FfROy1edo3sg5WVjRlMeOmbMVClqXwMAG3hScB1ScDYqNLQw%22", parameters={masked}
2026-01-11 18:41:52 [http-nio-8989-exec-10] DEBUG o.s.w.s.m.m.a.RequestMappingHandlerMapping - Mapped to com.app.bank.web.controller.AuthController#validateToken(String)
2026-01-11 18:41:52 [http-nio-8989-exec-10] DEBUG o.s.w.s.m.m.a.HttpEntityMethodProcessor - Using 'text/plain', given [*/*] and supported [text/plain, */*, application/json, application/*+json]
2026-01-11 18:41:52 [http-nio-8989-exec-10] DEBUG o.s.w.s.m.m.a.HttpEntityMethodProcessor - Writing ["Invalid Token"]
2026-01-11 18:41:52 [http-nio-8989-exec-10] DEBUG o.s.web.servlet.DispatcherServlet - Completed 400 BAD_REQUEST
2026-01-11 18:42:22 [http-nio-8989-exec-1] DEBUG o.s.security.web.FilterChainProxy - Securing GET /api/v1/auth/validate-token?token=%22eyJhbGciOiJIUzUxMiJ9.eyJzdWIiOiJrYWRpcjU2IiwiY3JlYXRlZCI6MTc2ODEzNjQ3ODc2NywiZXhwIjoxNzY4MjIyODc4LCJpYXQiOjE3NjgxMzY0NzgsImF1dGhvcml0aWVzIjoiUk9MRV9DVVNUT01FUiIsInVzZXJuYW1lIjoia2FkaXI1NiJ9.wW7GOzXXQFL9jnLwPR8yOx4imbPsaKE-VRxdV7FfROy1edo3sg5WVjRlMeOmbMVClqXwMAG3hScB1ScDYqNLQw%22
2026-01-11 18:42:22 [http-nio-8989-exec-1] DEBUG org.hibernate.SQL - 
    select
        u1_0.id,
        u1_0.aadhar_number,
        u1_0.address,
        u1_0.created_at,
        u1_0.email,
        u1_0.failed_login_attempts,
        u1_0.first_name,
        u1_0.last_login_at,
        u1_0.last_name,
        u1_0.monthly_income,
        u1_0.pan_number,
        u1_0.password,
        u1_0.phone,
        u1_0.role,
        u1_0.status,
        u1_0.username 
    from
        users u1_0 
    where
        u1_0.username=?
2026-01-11 18:42:22 [http-nio-8989-exec-1] DEBUG o.s.security.web.FilterChainProxy - Secured GET /api/v1/auth/validate-token?token=%22eyJhbGciOiJIUzUxMiJ9.eyJzdWIiOiJrYWRpcjU2IiwiY3JlYXRlZCI6MTc2ODEzNjQ3ODc2NywiZXhwIjoxNzY4MjIyODc4LCJpYXQiOjE3NjgxMzY0NzgsImF1dGhvcml0aWVzIjoiUk9MRV9DVVNUT01FUiIsInVzZXJuYW1lIjoia2FkaXI1NiJ9.wW7GOzXXQFL9jnLwPR8yOx4imbPsaKE-VRxdV7FfROy1edo3sg5WVjRlMeOmbMVClqXwMAG3hScB1ScDYqNLQw%22
2026-01-11 18:42:22 [http-nio-8989-exec-1] DEBUG o.s.web.servlet.DispatcherServlet - GET "/api/v1/auth/validate-token?token=%22eyJhbGciOiJIUzUxMiJ9.eyJzdWIiOiJrYWRpcjU2IiwiY3JlYXRlZCI6MTc2ODEzNjQ3ODc2NywiZXhwIjoxNzY4MjIyODc4LCJpYXQiOjE3NjgxMzY0NzgsImF1dGhvcml0aWVzIjoiUk9MRV9DVVNUT01FUiIsInVzZXJuYW1lIjoia2FkaXI1NiJ9.wW7GOzXXQFL9jnLwPR8yOx4imbPsaKE-VRxdV7FfROy1edo3sg5WVjRlMeOmbMVClqXwMAG3hScB1ScDYqNLQw%22", parameters={masked}
2026-01-11 18:42:22 [http-nio-8989-exec-1] DEBUG o.s.w.s.m.m.a.RequestMappingHandlerMapping - Mapped to com.app.bank.web.controller.AuthController#validateToken(String)
2026-01-11 18:42:22 [http-nio-8989-exec-1] DEBUG o.s.w.s.m.m.a.HttpEntityMethodProcessor - Using 'text/plain', given [*/*] and supported [text/plain, */*, application/json, application/*+json]
2026-01-11 18:42:22 [http-nio-8989-exec-1] DEBUG o.s.w.s.m.m.a.HttpEntityMethodProcessor - Writing ["Invalid Token"]
2026-01-11 18:42:22 [http-nio-8989-exec-1] DEBUG o.s.web.servlet.DispatcherServlet - Completed 400 BAD_REQUEST
2026-01-11 18:42:45 [http-nio-8989-exec-2] DEBUG o.s.security.web.FilterChainProxy - Securing GET /api/v1/auth/validate-token?token=eyJhbGciOiJIUzUxMiJ9.eyJzdWIiOiJrYWRpcjU2IiwiY3JlYXRlZCI6MTc2ODEzNjQ3ODc2NywiZXhwIjoxNzY4MjIyODc4LCJpYXQiOjE3NjgxMzY0NzgsImF1dGhvcml0aWVzIjoiUk9MRV9DVVNUT01FUiIsInVzZXJuYW1lIjoia2FkaXI1NiJ9.wW7GOzXXQFL9jnLwPR8yOx4imbPsaKE-VRxdV7FfROy1edo3sg5WVjRlMeOmbMVClqXwMAG3hScB1ScDYqNLQw
2026-01-11 18:42:45 [http-nio-8989-exec-2] DEBUG org.hibernate.SQL - 
    select
        u1_0.id,
        u1_0.aadhar_number,
        u1_0.address,
        u1_0.created_at,
        u1_0.email,
        u1_0.failed_login_attempts,
        u1_0.first_name,
        u1_0.last_login_at,
        u1_0.last_name,
        u1_0.monthly_income,
        u1_0.pan_number,
        u1_0.password,
        u1_0.phone,
        u1_0.role,
        u1_0.status,
        u1_0.username 
    from
        users u1_0 
    where
        u1_0.username=?
2026-01-11 18:42:45 [http-nio-8989-exec-2] DEBUG o.s.security.web.FilterChainProxy - Secured GET /api/v1/auth/validate-token?token=eyJhbGciOiJIUzUxMiJ9.eyJzdWIiOiJrYWRpcjU2IiwiY3JlYXRlZCI6MTc2ODEzNjQ3ODc2NywiZXhwIjoxNzY4MjIyODc4LCJpYXQiOjE3NjgxMzY0NzgsImF1dGhvcml0aWVzIjoiUk9MRV9DVVNUT01FUiIsInVzZXJuYW1lIjoia2FkaXI1NiJ9.wW7GOzXXQFL9jnLwPR8yOx4imbPsaKE-VRxdV7FfROy1edo3sg5WVjRlMeOmbMVClqXwMAG3hScB1ScDYqNLQw
2026-01-11 18:42:45 [http-nio-8989-exec-2] DEBUG o.s.web.servlet.DispatcherServlet - GET "/api/v1/auth/validate-token?token=eyJhbGciOiJIUzUxMiJ9.eyJzdWIiOiJrYWRpcjU2IiwiY3JlYXRlZCI6MTc2ODEzNjQ3ODc2NywiZXhwIjoxNzY4MjIyODc4LCJpYXQiOjE3NjgxMzY0NzgsImF1dGhvcml0aWVzIjoiUk9MRV9DVVNUT01FUiIsInVzZXJuYW1lIjoia2FkaXI1NiJ9.wW7GOzXXQFL9jnLwPR8yOx4imbPsaKE-VRxdV7FfROy1edo3sg5WVjRlMeOmbMVClqXwMAG3hScB1ScDYqNLQw", parameters={masked}
2026-01-11 18:42:45 [http-nio-8989-exec-2] DEBUG o.s.w.s.m.m.a.RequestMappingHandlerMapping - Mapped to com.app.bank.web.controller.AuthController#validateToken(String)
2026-01-11 18:42:45 [http-nio-8989-exec-2] DEBUG o.s.w.s.m.m.a.HttpEntityMethodProcessor - Using 'text/plain', given [*/*] and supported [text/plain, */*, application/json, application/*+json]
2026-01-11 18:42:45 [http-nio-8989-exec-2] DEBUG o.s.w.s.m.m.a.HttpEntityMethodProcessor - Writing ["Token is valid"]
2026-01-11 18:42:45 [http-nio-8989-exec-2] DEBUG o.s.web.servlet.DispatcherServlet - Completed 200 OK
2026-01-11 18:45:21 [http-nio-8989-exec-7] DEBUG o.s.security.web.FilterChainProxy - Securing POST /api/v1/auth/refresh-token?token=eyJhbGciOiJIUzUxMiJ9.eyJzdWIiOiJrYWRpcjU2IiwiY3JlYXRlZCI6MTc2ODEzNjQ3ODc2NywiZXhwIjoxNzY4MjIyODc4LCJpYXQiOjE3NjgxMzY0NzgsImF1dGhvcml0aWVzIjoiUk9MRV9DVVNUT01FUiIsInVzZXJuYW1lIjoia2FkaXI1NiJ9.wW7GOzXXQFL9jnLwPR8yOx4imbPsaKE-VRxdV7FfROy1edo3sg5WVjRlMeOmbMVClqXwMAG3hScB1ScDYqNLQw
2026-01-11 18:45:21 [http-nio-8989-exec-7] DEBUG org.hibernate.SQL - 
    select
        u1_0.id,
        u1_0.aadhar_number,
        u1_0.address,
        u1_0.created_at,
        u1_0.email,
        u1_0.failed_login_attempts,
        u1_0.first_name,
        u1_0.last_login_at,
        u1_0.last_name,
        u1_0.monthly_income,
        u1_0.pan_number,
        u1_0.password,
        u1_0.phone,
        u1_0.role,
        u1_0.status,
        u1_0.username 
    from
        users u1_0 
    where
        u1_0.username=?
2026-01-11 18:45:21 [http-nio-8989-exec-7] DEBUG o.s.security.web.FilterChainProxy - Secured POST /api/v1/auth/refresh-token?token=eyJhbGciOiJIUzUxMiJ9.eyJzdWIiOiJrYWRpcjU2IiwiY3JlYXRlZCI6MTc2ODEzNjQ3ODc2NywiZXhwIjoxNzY4MjIyODc4LCJpYXQiOjE3NjgxMzY0NzgsImF1dGhvcml0aWVzIjoiUk9MRV9DVVNUT01FUiIsInVzZXJuYW1lIjoia2FkaXI1NiJ9.wW7GOzXXQFL9jnLwPR8yOx4imbPsaKE-VRxdV7FfROy1edo3sg5WVjRlMeOmbMVClqXwMAG3hScB1ScDYqNLQw
2026-01-11 18:45:21 [http-nio-8989-exec-7] DEBUG o.s.web.servlet.DispatcherServlet - POST "/api/v1/auth/refresh-token?token=eyJhbGciOiJIUzUxMiJ9.eyJzdWIiOiJrYWRpcjU2IiwiY3JlYXRlZCI6MTc2ODEzNjQ3ODc2NywiZXhwIjoxNzY4MjIyODc4LCJpYXQiOjE3NjgxMzY0NzgsImF1dGhvcml0aWVzIjoiUk9MRV9DVVNUT01FUiIsInVzZXJuYW1lIjoia2FkaXI1NiJ9.wW7GOzXXQFL9jnLwPR8yOx4imbPsaKE-VRxdV7FfROy1edo3sg5WVjRlMeOmbMVClqXwMAG3hScB1ScDYqNLQw", parameters={masked}
2026-01-11 18:45:21 [http-nio-8989-exec-7] DEBUG o.s.w.s.m.m.a.RequestMappingHandlerMapping - Mapped to com.app.bank.web.controller.AuthController#refreshToken(String)
2026-01-11 18:45:21 [http-nio-8989-exec-7] DEBUG o.s.w.s.m.m.a.HttpEntityMethodProcessor - Using 'application/json', given [*/*] and supported [application/json, application/*+json]
2026-01-11 18:45:21 [http-nio-8989-exec-7] DEBUG o.s.w.s.m.m.a.HttpEntityMethodProcessor - Writing [com.app.bank.web.dto.LoginResponse@61a2d896]
2026-01-11 18:45:21 [http-nio-8989-exec-7] DEBUG o.s.web.servlet.DispatcherServlet - Completed 200 OK
2026-01-11 18:45:39 [http-nio-8989-exec-8] DEBUG o.s.security.web.FilterChainProxy - Securing GET /api/v1/auth/my-loans
2026-01-11 18:45:39 [http-nio-8989-exec-8] DEBUG org.hibernate.SQL - 
    select
        u1_0.id,
        u1_0.aadhar_number,
        u1_0.address,
        u1_0.created_at,
        u1_0.email,
        u1_0.failed_login_attempts,
        u1_0.first_name,
        u1_0.last_login_at,
        u1_0.last_name,
        u1_0.monthly_income,
        u1_0.pan_number,
        u1_0.password,
        u1_0.phone,
        u1_0.role,
        u1_0.status,
        u1_0.username 
    from
        users u1_0 
    where
        u1_0.username=?
2026-01-11 18:45:39 [http-nio-8989-exec-8] DEBUG o.s.security.web.FilterChainProxy - Secured GET /api/v1/auth/my-loans
2026-01-11 18:45:39 [http-nio-8989-exec-8] DEBUG o.s.web.servlet.DispatcherServlet - GET "/api/v1/auth/my-loans", parameters={}
2026-01-11 18:45:39 [http-nio-8989-exec-8] DEBUG o.s.w.s.m.m.a.RequestMappingHandlerMapping - Mapped to com.app.bank.web.controller.LoanController#getMyLoans(Authentication)
2026-01-11 18:45:39 [http-nio-8989-exec-8] DEBUG org.hibernate.SQL - 
    select
        u1_0.id,
        u1_0.aadhar_number,
        u1_0.address,
        u1_0.created_at,
        u1_0.email,
        u1_0.failed_login_attempts,
        u1_0.first_name,
        u1_0.last_login_at,
        u1_0.last_name,
        u1_0.monthly_income,
        u1_0.pan_number,
        u1_0.password,
        u1_0.phone,
        u1_0.role,
        u1_0.status,
        u1_0.username 
    from
        users u1_0 
    where
        u1_0.username=?
2026-01-11 18:45:39 [http-nio-8989-exec-8] DEBUG org.hibernate.SQL - 
    select
        l1_0.id,
        l1_0.applied_date,
        l1_0.approved_by,
        l1_0.approved_date,
        l1_0.disbursement_date,
        l1_0.emi_amount,
        l1_0.interest_rate,
        l1_0.account_id,
        l1_0.loan_account_number,
        l1_0.loan_type,
        l1_0.maturity_date,
        l1_0.principal_amount,
        l1_0.status,
        l1_0.tenure_months,
        l1_0.total_amount,
        l1_0.user_id 
    from
        loans l1_0 
    left join
        users u1_0 
            on u1_0.id=l1_0.user_id 
    where
        u1_0.id=?
2026-01-11 18:45:39 [http-nio-8989-exec-8] DEBUG org.hibernate.SQL - 
    select
        a1_0.id,
        a1_0.account_number,
        a1_0.account_type,
        a1_0.balance,
        a1_0.created_at,
        a1_0.interest_rate,
        a1_0.last_transaction_at,
        a1_0.minimum_balance,
        a1_0.status,
        a1_0.user_id,
        u1_0.id,
        u1_0.aadhar_number,
        u1_0.address,
        u1_0.created_at,
        u1_0.email,
        u1_0.failed_login_attempts,
        u1_0.first_name,
        u1_0.last_login_at,
        u1_0.last_name,
        u1_0.monthly_income,
        u1_0.pan_number,
        u1_0.password,
        u1_0.phone,
        u1_0.role,
        u1_0.status,
        u1_0.username 
    from
        accounts a1_0 
    join
        users u1_0 
            on u1_0.id=a1_0.user_id 
    where
        a1_0.id=?
2026-01-11 18:45:39 [http-nio-8989-exec-8] DEBUG o.s.w.s.m.m.a.HttpEntityMethodProcessor - Using 'application/json', given [*/*] and supported [application/json, application/*+json]
2026-01-11 18:45:39 [http-nio-8989-exec-8] DEBUG o.s.w.s.m.m.a.HttpEntityMethodProcessor - Writing [[com.app.bank.web.dto.LoanResponse@1d1527aa]]
2026-01-11 18:45:39 [http-nio-8989-exec-8] DEBUG o.s.web.servlet.DispatcherServlet - Completed 200 OK
2026-01-11 18:45:47 [http-nio-8989-exec-9] DEBUG o.s.security.web.FilterChainProxy - Securing GET /api/v1/auth/my-loans
2026-01-11 18:45:47 [http-nio-8989-exec-9] DEBUG org.hibernate.SQL - 
    select
        u1_0.id,
        u1_0.aadhar_number,
        u1_0.address,
        u1_0.created_at,
        u1_0.email,
        u1_0.failed_login_attempts,
        u1_0.first_name,
        u1_0.last_login_at,
        u1_0.last_name,
        u1_0.monthly_income,
        u1_0.pan_number,
        u1_0.password,
        u1_0.phone,
        u1_0.role,
        u1_0.status,
        u1_0.username 
    from
        users u1_0 
    where
        u1_0.username=?
2026-01-11 18:45:47 [http-nio-8989-exec-9] DEBUG o.s.security.web.FilterChainProxy - Secured GET /api/v1/auth/my-loans
2026-01-11 18:45:47 [http-nio-8989-exec-9] DEBUG o.s.web.servlet.DispatcherServlet - GET "/api/v1/auth/my-loans", parameters={}
2026-01-11 18:45:47 [http-nio-8989-exec-9] DEBUG o.s.w.s.m.m.a.RequestMappingHandlerMapping - Mapped to com.app.bank.web.controller.LoanController#getMyLoans(Authentication)
2026-01-11 18:45:47 [http-nio-8989-exec-9] DEBUG org.hibernate.SQL - 
    select
        u1_0.id,
        u1_0.aadhar_number,
        u1_0.address,
        u1_0.created_at,
        u1_0.email,
        u1_0.failed_login_attempts,
        u1_0.first_name,
        u1_0.last_login_at,
        u1_0.last_name,
        u1_0.monthly_income,
        u1_0.pan_number,
        u1_0.password,
        u1_0.phone,
        u1_0.role,
        u1_0.status,
        u1_0.username 
    from
        users u1_0 
    where
        u1_0.username=?
2026-01-11 18:45:47 [http-nio-8989-exec-9] DEBUG org.hibernate.SQL - 
    select
        l1_0.id,
        l1_0.applied_date,
        l1_0.approved_by,
        l1_0.approved_date,
        l1_0.disbursement_date,
        l1_0.emi_amount,
        l1_0.interest_rate,
        l1_0.account_id,
        l1_0.loan_account_number,
        l1_0.loan_type,
        l1_0.maturity_date,
        l1_0.principal_amount,
        l1_0.status,
        l1_0.tenure_months,
        l1_0.total_amount,
        l1_0.user_id 
    from
        loans l1_0 
    left join
        users u1_0 
            on u1_0.id=l1_0.user_id 
    where
        u1_0.id=?
2026-01-11 18:45:47 [http-nio-8989-exec-9] DEBUG org.hibernate.SQL - 
    select
        a1_0.id,
        a1_0.account_number,
        a1_0.account_type,
        a1_0.balance,
        a1_0.created_at,
        a1_0.interest_rate,
        a1_0.last_transaction_at,
        a1_0.minimum_balance,
        a1_0.status,
        a1_0.user_id,
        u1_0.id,
        u1_0.aadhar_number,
        u1_0.address,
        u1_0.created_at,
        u1_0.email,
        u1_0.failed_login_attempts,
        u1_0.first_name,
        u1_0.last_login_at,
        u1_0.last_name,
        u1_0.monthly_income,
        u1_0.pan_number,
        u1_0.password,
        u1_0.phone,
        u1_0.role,
        u1_0.status,
        u1_0.username 
    from
        accounts a1_0 
    join
        users u1_0 
            on u1_0.id=a1_0.user_id 
    where
        a1_0.id=?
2026-01-11 18:45:47 [http-nio-8989-exec-9] DEBUG o.s.w.s.m.m.a.HttpEntityMethodProcessor - Using 'application/json', given [*/*] and supported [application/json, application/*+json]
2026-01-11 18:45:47 [http-nio-8989-exec-9] DEBUG o.s.w.s.m.m.a.HttpEntityMethodProcessor - Writing [[com.app.bank.web.dto.LoanResponse@33f22fab]]
2026-01-11 18:45:47 [http-nio-8989-exec-9] DEBUG o.s.web.servlet.DispatcherServlet - Completed 200 OK
2026-01-11 18:46:40 [http-nio-8989-exec-10] DEBUG o.s.security.web.FilterChainProxy - Securing POST /api/v1/auth/logout
2026-01-11 18:46:40 [http-nio-8989-exec-10] DEBUG o.s.s.w.a.AnonymousAuthenticationFilter - Set SecurityContextHolder to anonymous SecurityContext
2026-01-11 18:46:40 [http-nio-8989-exec-10] ERROR c.a.b.w.c.JwtAuthenticationEntryPoint - Unothorized error: Full authentication is required to access this resource
2026-01-11 18:46:40 [http-nio-8989-exec-10] ERROR c.a.b.w.c.JwtAuthenticationEntryPoint - Request URI: /api/v1/auth/logout
2026-01-11 18:47:37 [http-nio-8989-exec-3] DEBUG o.s.security.web.FilterChainProxy - Securing POST /api/v1/auth/logout
2026-01-11 18:47:37 [http-nio-8989-exec-3] DEBUG org.hibernate.SQL - 
    select
        u1_0.id,
        u1_0.aadhar_number,
        u1_0.address,
        u1_0.created_at,
        u1_0.email,
        u1_0.failed_login_attempts,
        u1_0.first_name,
        u1_0.last_login_at,
        u1_0.last_name,
        u1_0.monthly_income,
        u1_0.pan_number,
        u1_0.password,
        u1_0.phone,
        u1_0.role,
        u1_0.status,
        u1_0.username 
    from
        users u1_0 
    where
        u1_0.username=?
2026-01-11 18:47:37 [http-nio-8989-exec-3] DEBUG o.s.security.web.FilterChainProxy - Secured POST /api/v1/auth/logout
2026-01-11 18:47:37 [http-nio-8989-exec-3] DEBUG o.s.web.servlet.DispatcherServlet - POST "/api/v1/auth/logout", parameters={}
2026-01-11 18:47:37 [http-nio-8989-exec-3] DEBUG o.s.w.s.m.m.a.RequestMappingHandlerMapping - Mapped to com.app.bank.web.controller.AuthController#logoutUser()
2026-01-11 18:47:37 [http-nio-8989-exec-3] DEBUG o.s.w.s.m.m.a.HttpEntityMethodProcessor - Using 'text/plain', given [*/*] and supported [text/plain, */*, application/json, application/*+json]
2026-01-11 18:47:37 [http-nio-8989-exec-3] DEBUG o.s.w.s.m.m.a.HttpEntityMethodProcessor - Writing ["Logout Successful"]
2026-01-11 18:47:37 [http-nio-8989-exec-3] DEBUG o.s.web.servlet.DispatcherServlet - Completed 200 OK
2026-01-11 18:47:45 [http-nio-8989-exec-1] DEBUG o.s.security.web.FilterChainProxy - Securing GET /api/v1/auth/my-loans
2026-01-11 18:47:45 [http-nio-8989-exec-1] DEBUG org.hibernate.SQL - 
    select
        u1_0.id,
        u1_0.aadhar_number,
        u1_0.address,
        u1_0.created_at,
        u1_0.email,
        u1_0.failed_login_attempts,
        u1_0.first_name,
        u1_0.last_login_at,
        u1_0.last_name,
        u1_0.monthly_income,
        u1_0.pan_number,
        u1_0.password,
        u1_0.phone,
        u1_0.role,
        u1_0.status,
        u1_0.username 
    from
        users u1_0 
    where
        u1_0.username=?
2026-01-11 18:47:45 [http-nio-8989-exec-1] DEBUG o.s.security.web.FilterChainProxy - Secured GET /api/v1/auth/my-loans
2026-01-11 18:47:45 [http-nio-8989-exec-1] DEBUG o.s.web.servlet.DispatcherServlet - GET "/api/v1/auth/my-loans", parameters={}
2026-01-11 18:47:45 [http-nio-8989-exec-1] DEBUG o.s.w.s.m.m.a.RequestMappingHandlerMapping - Mapped to com.app.bank.web.controller.LoanController#getMyLoans(Authentication)
2026-01-11 18:47:45 [http-nio-8989-exec-1] DEBUG org.hibernate.SQL - 
    select
        u1_0.id,
        u1_0.aadhar_number,
        u1_0.address,
        u1_0.created_at,
        u1_0.email,
        u1_0.failed_login_attempts,
        u1_0.first_name,
        u1_0.last_login_at,
        u1_0.last_name,
        u1_0.monthly_income,
        u1_0.pan_number,
        u1_0.password,
        u1_0.phone,
        u1_0.role,
        u1_0.status,
        u1_0.username 
    from
        users u1_0 
    where
        u1_0.username=?
2026-01-11 18:47:45 [http-nio-8989-exec-1] DEBUG org.hibernate.SQL - 
    select
        l1_0.id,
        l1_0.applied_date,
        l1_0.approved_by,
        l1_0.approved_date,
        l1_0.disbursement_date,
        l1_0.emi_amount,
        l1_0.interest_rate,
        l1_0.account_id,
        l1_0.loan_account_number,
        l1_0.loan_type,
        l1_0.maturity_date,
        l1_0.principal_amount,
        l1_0.status,
        l1_0.tenure_months,
        l1_0.total_amount,
        l1_0.user_id 
    from
        loans l1_0 
    left join
        users u1_0 
            on u1_0.id=l1_0.user_id 
    where
        u1_0.id=?
2026-01-11 18:47:45 [http-nio-8989-exec-1] DEBUG org.hibernate.SQL - 
    select
        a1_0.id,
        a1_0.account_number,
        a1_0.account_type,
        a1_0.balance,
        a1_0.created_at,
        a1_0.interest_rate,
        a1_0.last_transaction_at,
        a1_0.minimum_balance,
        a1_0.status,
        a1_0.user_id,
        u1_0.id,
        u1_0.aadhar_number,
        u1_0.address,
        u1_0.created_at,
        u1_0.email,
        u1_0.failed_login_attempts,
        u1_0.first_name,
        u1_0.last_login_at,
        u1_0.last_name,
        u1_0.monthly_income,
        u1_0.pan_number,
        u1_0.password,
        u1_0.phone,
        u1_0.role,
        u1_0.status,
        u1_0.username 
    from
        accounts a1_0 
    join
        users u1_0 
            on u1_0.id=a1_0.user_id 
    where
        a1_0.id=?
2026-01-11 18:47:45 [http-nio-8989-exec-1] DEBUG o.s.w.s.m.m.a.HttpEntityMethodProcessor - Using 'application/json', given [*/*] and supported [application/json, application/*+json]
2026-01-11 18:47:45 [http-nio-8989-exec-1] DEBUG o.s.w.s.m.m.a.HttpEntityMethodProcessor - Writing [[com.app.bank.web.dto.LoanResponse@5d91fe95]]
2026-01-11 18:47:45 [http-nio-8989-exec-1] DEBUG o.s.web.servlet.DispatcherServlet - Completed 200 OK
2026-01-11 18:47:50 [http-nio-8989-exec-4] DEBUG o.s.security.web.FilterChainProxy - Securing POST /api/v1/auth/logout
2026-01-11 18:47:50 [http-nio-8989-exec-4] DEBUG org.hibernate.SQL - 
    select
        u1_0.id,
        u1_0.aadhar_number,
        u1_0.address,
        u1_0.created_at,
        u1_0.email,
        u1_0.failed_login_attempts,
        u1_0.first_name,
        u1_0.last_login_at,
        u1_0.last_name,
        u1_0.monthly_income,
        u1_0.pan_number,
        u1_0.password,
        u1_0.phone,
        u1_0.role,
        u1_0.status,
        u1_0.username 
    from
        users u1_0 
    where
        u1_0.username=?
2026-01-11 18:47:50 [http-nio-8989-exec-4] DEBUG o.s.security.web.FilterChainProxy - Secured POST /api/v1/auth/logout
2026-01-11 18:47:50 [http-nio-8989-exec-4] DEBUG o.s.web.servlet.DispatcherServlet - POST "/api/v1/auth/logout", parameters={}
2026-01-11 18:47:50 [http-nio-8989-exec-4] DEBUG o.s.w.s.m.m.a.RequestMappingHandlerMapping - Mapped to com.app.bank.web.controller.AuthController#logoutUser()
2026-01-11 18:47:50 [http-nio-8989-exec-4] DEBUG o.s.w.s.m.m.a.HttpEntityMethodProcessor - Using 'text/plain', given [*/*] and supported [text/plain, */*, application/json, application/*+json]
2026-01-11 18:47:50 [http-nio-8989-exec-4] DEBUG o.s.w.s.m.m.a.HttpEntityMethodProcessor - Writing ["Logout Successful"]
2026-01-11 18:47:50 [http-nio-8989-exec-4] DEBUG o.s.web.servlet.DispatcherServlet - Completed 200 OK
2026-01-11 18:48:02 [http-nio-8989-exec-2] DEBUG o.s.security.web.FilterChainProxy - Securing GET /api/v1/auth/ZPB1361326006798
2026-01-11 18:48:02 [http-nio-8989-exec-2] DEBUG org.hibernate.SQL - 
    select
        u1_0.id,
        u1_0.aadhar_number,
        u1_0.address,
        u1_0.created_at,
        u1_0.email,
        u1_0.failed_login_attempts,
        u1_0.first_name,
        u1_0.last_login_at,
        u1_0.last_name,
        u1_0.monthly_income,
        u1_0.pan_number,
        u1_0.password,
        u1_0.phone,
        u1_0.role,
        u1_0.status,
        u1_0.username 
    from
        users u1_0 
    where
        u1_0.username=?
2026-01-11 18:48:02 [http-nio-8989-exec-2] DEBUG o.s.security.web.FilterChainProxy - Secured GET /api/v1/auth/ZPB1361326006798
2026-01-11 18:48:02 [http-nio-8989-exec-2] DEBUG o.s.web.servlet.DispatcherServlet - GET "/api/v1/auth/ZPB1361326006798", parameters={}
2026-01-11 18:48:02 [http-nio-8989-exec-2] DEBUG o.s.w.s.m.m.a.RequestMappingHandlerMapping - Mapped to com.app.bank.web.controller.AccountController#getAcconut(String, Authentication)
2026-01-11 18:48:02 [http-nio-8989-exec-2] DEBUG org.hibernate.SQL - 
    select
        u1_0.id,
        u1_0.aadhar_number,
        u1_0.address,
        u1_0.created_at,
        u1_0.email,
        u1_0.failed_login_attempts,
        u1_0.first_name,
        u1_0.last_login_at,
        u1_0.last_name,
        u1_0.monthly_income,
        u1_0.pan_number,
        u1_0.password,
        u1_0.phone,
        u1_0.role,
        u1_0.status,
        u1_0.username 
    from
        users u1_0 
    where
        u1_0.username=?
2026-01-11 18:48:02 [http-nio-8989-exec-2] DEBUG org.hibernate.SQL - 
    select
        a1_0.id,
        a1_0.account_number,
        a1_0.account_type,
        a1_0.balance,
        a1_0.created_at,
        a1_0.interest_rate,
        a1_0.last_transaction_at,
        a1_0.minimum_balance,
        a1_0.status,
        a1_0.user_id 
    from
        accounts a1_0 
    where
        a1_0.account_number=?
2026-01-11 18:48:02 [http-nio-8989-exec-2] DEBUG org.hibernate.SQL - 
    select
        u1_0.id,
        u1_0.aadhar_number,
        u1_0.address,
        u1_0.created_at,
        u1_0.email,
        u1_0.failed_login_attempts,
        u1_0.first_name,
        u1_0.last_login_at,
        u1_0.last_name,
        u1_0.monthly_income,
        u1_0.pan_number,
        u1_0.password,
        u1_0.phone,
        u1_0.role,
        u1_0.status,
        u1_0.username 
    from
        users u1_0 
    where
        u1_0.id=?
2026-01-11 18:48:02 [http-nio-8989-exec-2] DEBUG o.s.w.s.m.m.a.HttpEntityMethodProcessor - Using 'application/json', given [*/*] and supported [application/json, application/*+json]
2026-01-11 18:48:02 [http-nio-8989-exec-2] DEBUG o.s.w.s.m.m.a.HttpEntityMethodProcessor - Writing [com.app.bank.web.dto.AccountResponse@1b74fb3f]
2026-01-11 18:48:02 [http-nio-8989-exec-2] DEBUG o.s.web.servlet.DispatcherServlet - Completed 200 OK
2026-01-11 18:52:41 [http-nio-8989-exec-7] DEBUG o.s.security.web.FilterChainProxy - Securing POST /api/v1/auth/login
2026-01-11 18:52:41 [http-nio-8989-exec-7] DEBUG o.s.s.w.a.AnonymousAuthenticationFilter - Set SecurityContextHolder to anonymous SecurityContext
2026-01-11 18:52:41 [http-nio-8989-exec-7] DEBUG o.s.security.web.FilterChainProxy - Secured POST /api/v1/auth/login
2026-01-11 18:52:41 [http-nio-8989-exec-7] DEBUG o.s.web.servlet.DispatcherServlet - POST "/api/v1/auth/login", parameters={}
2026-01-11 18:52:41 [http-nio-8989-exec-7] DEBUG o.s.w.s.m.m.a.RequestMappingHandlerMapping - Mapped to com.app.bank.web.controller.AuthController#loginUser(LoginRequest)
2026-01-11 18:52:41 [http-nio-8989-exec-7] DEBUG o.s.w.s.m.m.a.RequestResponseBodyMethodProcessor - Read "application/json;charset=UTF-8" to [com.app.bank.web.dto.LoginRequest@f371bcb]
2026-01-11 18:52:41 [http-nio-8989-exec-7] DEBUG org.hibernate.SQL - 
    select
        u1_0.id,
        u1_0.aadhar_number,
        u1_0.address,
        u1_0.created_at,
        u1_0.email,
        u1_0.failed_login_attempts,
        u1_0.first_name,
        u1_0.last_login_at,
        u1_0.last_name,
        u1_0.monthly_income,
        u1_0.pan_number,
        u1_0.password,
        u1_0.phone,
        u1_0.role,
        u1_0.status,
        u1_0.username 
    from
        users u1_0 
    where
        u1_0.username=?
2026-01-11 18:52:42 [http-nio-8989-exec-7] DEBUG o.s.s.a.d.DaoAuthenticationProvider - Authenticated user
2026-01-11 18:52:42 [http-nio-8989-exec-7] DEBUG o.s.w.s.m.m.a.HttpEntityMethodProcessor - Using 'application/json', given [*/*] and supported [application/json, application/*+json]
2026-01-11 18:52:42 [http-nio-8989-exec-7] DEBUG o.s.w.s.m.m.a.HttpEntityMethodProcessor - Writing [{tokenType=Bearer, token=eyJhbGciOiJIUzUxMiJ9.eyJzdWIiOiJqdW5lZDU2IiwiY3JlYXRlZCI6MTc2ODEzNzc2MjY5NC (truncated)...]
2026-01-11 18:52:42 [http-nio-8989-exec-7] DEBUG o.s.web.servlet.DispatcherServlet - Completed 200 OK
2026-01-11 18:52:57 [http-nio-8989-exec-8] DEBUG o.s.security.web.FilterChainProxy - Securing POST /api/v1/auth/ZPB1361326006798/deposit?amount=10000&description=%22Deposited%20amount%20into%20the%20account%22
2026-01-11 18:52:57 [http-nio-8989-exec-8] DEBUG org.hibernate.SQL - 
    select
        u1_0.id,
        u1_0.aadhar_number,
        u1_0.address,
        u1_0.created_at,
        u1_0.email,
        u1_0.failed_login_attempts,
        u1_0.first_name,
        u1_0.last_login_at,
        u1_0.last_name,
        u1_0.monthly_income,
        u1_0.pan_number,
        u1_0.password,
        u1_0.phone,
        u1_0.role,
        u1_0.status,
        u1_0.username 
    from
        users u1_0 
    where
        u1_0.username=?
2026-01-11 18:52:57 [http-nio-8989-exec-8] DEBUG o.s.security.web.FilterChainProxy - Secured POST /api/v1/auth/ZPB1361326006798/deposit?amount=10000&description=%22Deposited%20amount%20into%20the%20account%22
2026-01-11 18:52:57 [http-nio-8989-exec-8] DEBUG o.s.web.servlet.DispatcherServlet - POST "/api/v1/auth/ZPB1361326006798/deposit?amount=10000&description=%22Deposited%20amount%20into%20the%20account%22", parameters={masked}
2026-01-11 18:52:57 [http-nio-8989-exec-8] DEBUG o.s.w.s.m.m.a.RequestMappingHandlerMapping - Mapped to com.app.bank.web.controller.AccountController#deposit(String, BigDecimal, String)
2026-01-11 18:52:57 [http-nio-8989-exec-8] DEBUG org.hibernate.SQL - 
    select
        a1_0.id,
        a1_0.account_number,
        a1_0.account_type,
        a1_0.balance,
        a1_0.created_at,
        a1_0.interest_rate,
        a1_0.last_transaction_at,
        a1_0.minimum_balance,
        a1_0.status,
        a1_0.user_id 
    from
        accounts a1_0 
    where
        a1_0.account_number=?
2026-01-11 18:52:57 [http-nio-8989-exec-8] DEBUG org.hibernate.SQL - 
    select
        u1_0.id,
        u1_0.aadhar_number,
        u1_0.address,
        u1_0.created_at,
        u1_0.email,
        u1_0.failed_login_attempts,
        u1_0.first_name,
        u1_0.last_login_at,
        u1_0.last_name,
        u1_0.monthly_income,
        u1_0.pan_number,
        u1_0.password,
        u1_0.phone,
        u1_0.role,
        u1_0.status,
        u1_0.username 
    from
        users u1_0 
    where
        u1_0.id=?
2026-01-11 18:52:57 [http-nio-8989-exec-8] DEBUG org.hibernate.SQL - 
    insert 
    into
        transactions
        (amount, balance_after_transaction, description, from_account_id, reference_number, remarks, status, to_account_id, transaction_date, transaction_id, transaction_type) 
    values
        (?, ?, ?, ?, ?, ?, ?, ?, ?, ?, ?)
2026-01-11 18:52:57 [http-nio-8989-exec-8] DEBUG org.hibernate.SQL - 
    update
        accounts 
    set
        account_number=?,
        account_type=?,
        balance=?,
        created_at=?,
        interest_rate=?,
        last_transaction_at=?,
        minimum_balance=?,
        status=?,
        user_id=? 
    where
        id=?
2026-01-11 18:52:57 [http-nio-8989-exec-8] DEBUG o.s.w.s.m.m.a.HttpEntityMethodProcessor - Using 'application/json', given [*/*] and supported [application/json, application/*+json]
2026-01-11 18:52:57 [http-nio-8989-exec-8] DEBUG o.s.w.s.m.m.a.HttpEntityMethodProcessor - Writing [{newBalance=510000.00, message=Deposit Successful, transactionId=TXN1768137777272301}]
2026-01-11 18:52:57 [http-nio-8989-exec-8] DEBUG o.s.web.servlet.DispatcherServlet - Completed 200 OK
2026-01-11 18:54:36 [RMI TCP Connection(38)-127.0.0.1] INFO  o.s.b.a.SpringApplicationAdminMXBeanRegistrar$SpringApplicationAdmin - Application shutdown requested.
2026-01-11 18:54:36 [RMI TCP Connection(38)-127.0.0.1] INFO  o.s.b.w.e.tomcat.GracefulShutdown - Commencing graceful shutdown. Waiting for active requests to complete
2026-01-11 18:54:36 [tomcat-shutdown] INFO  o.a.coyote.http11.Http11NioProtocol - Pausing ProtocolHandler ["http-nio-8989"]
2026-01-11 18:54:36 [tomcat-shutdown] INFO  o.s.b.w.e.tomcat.GracefulShutdown - Graceful shutdown complete
2026-01-11 18:54:36 [RMI TCP Connection(38)-127.0.0.1] INFO  o.a.coyote.http11.Http11NioProtocol - Stopping ProtocolHandler ["http-nio-8989"]
2026-01-11 18:54:36 [RMI TCP Connection(38)-127.0.0.1] INFO  o.s.o.j.LocalContainerEntityManagerFactoryBean - Closing JPA EntityManagerFactory for persistence unit 'default'
2026-01-11 18:54:36 [RMI TCP Connection(38)-127.0.0.1] INFO  com.zaxxer.hikari.HikariDataSource - HikariPool-1 - Shutdown initiated...
2026-01-11 18:54:36 [RMI TCP Connection(38)-127.0.0.1] INFO  com.zaxxer.hikari.HikariDataSource - HikariPool-1 - Shutdown completed.
2026-01-11 18:59:03 [background-preinit] INFO  o.h.validator.internal.util.Version - HV000001: Hibernate Validator 8.0.3.Final
2026-01-11 18:59:03 [restartedMain] INFO  c.app.bank.web.ZplusbankApplication - Starting ZplusbankApplication using Java 17.0.10 with PID 21404 (C:\Users\91790\Documents\workspace-spring-tools-for-eclipse-5.0.0.RELEASE\zplusbank\target\classes started by 91790 in C:\Users\91790\Documents\workspace-spring-tools-for-eclipse-5.0.0.RELEASE\zplusbank)
2026-01-11 18:59:03 [restartedMain] INFO  c.app.bank.web.ZplusbankApplication - No active profile set, falling back to 1 default profile: "default"
2026-01-11 18:59:03 [restartedMain] INFO  o.s.b.d.restart.ChangeableUrls - The Class-Path manifest attribute in C:\Users\91790\.m2\repository\org\glassfish\jaxb\jaxb-runtime\2.3.1\jaxb-runtime-2.3.1.jar referenced one or more files that do not exist: file:/C:/Users/91790/.m2/repository/org/glassfish/jaxb/jaxb-runtime/2.3.1/jaxb-api-2.3.1.jar,file:/C:/Users/91790/.m2/repository/org/glassfish/jaxb/jaxb-runtime/2.3.1/txw2-2.3.1.jar,file:/C:/Users/91790/.m2/repository/org/glassfish/jaxb/jaxb-runtime/2.3.1/istack-commons-runtime-3.0.7.jar,file:/C:/Users/91790/.m2/repository/org/glassfish/jaxb/jaxb-runtime/2.3.1/stax-ex-1.8.jar,file:/C:/Users/91790/.m2/repository/org/glassfish/jaxb/jaxb-runtime/2.3.1/FastInfoset-1.2.15.jar,file:/C:/Users/91790/.m2/repository/org/glassfish/jaxb/jaxb-runtime/2.3.1/javax.activation-api-1.2.0.jar
2026-01-11 18:59:03 [restartedMain] INFO  o.s.b.d.e.DevToolsPropertyDefaultsPostProcessor - Devtools property defaults active! Set 'spring.devtools.add-properties' to 'false' to disable
2026-01-11 18:59:03 [restartedMain] INFO  o.s.b.d.e.DevToolsPropertyDefaultsPostProcessor - For additional web related logging consider setting the 'logging.level.web' property to 'DEBUG'
2026-01-11 18:59:04 [restartedMain] INFO  o.s.d.r.c.RepositoryConfigurationDelegate - Bootstrapping Spring Data JPA repositories in DEFAULT mode.
2026-01-11 18:59:04 [restartedMain] INFO  o.s.d.r.c.RepositoryConfigurationDelegate - Finished Spring Data repository scanning in 57 ms. Found 5 JPA repository interfaces.
2026-01-11 18:59:04 [restartedMain] INFO  o.s.b.w.e.tomcat.TomcatWebServer - Tomcat initialized with port 8989 (http)
2026-01-11 18:59:04 [restartedMain] INFO  o.a.coyote.http11.Http11NioProtocol - Initializing ProtocolHandler ["http-nio-8989"]
2026-01-11 18:59:04 [restartedMain] INFO  o.a.catalina.core.StandardService - Starting service [Tomcat]
2026-01-11 18:59:04 [restartedMain] INFO  o.a.catalina.core.StandardEngine - Starting Servlet engine: [Apache Tomcat/10.1.50]
2026-01-11 18:59:04 [restartedMain] INFO  o.a.c.c.C.[Tomcat].[localhost].[/] - Initializing Spring embedded WebApplicationContext
2026-01-11 18:59:04 [restartedMain] INFO  o.s.b.w.s.c.ServletWebServerApplicationContext - Root WebApplicationContext: initialization completed in 1496 ms
2026-01-11 18:59:04 [restartedMain] INFO  o.h.jpa.internal.util.LogHelper - HHH000204: Processing PersistenceUnitInfo [name: default]
2026-01-11 18:59:04 [restartedMain] INFO  org.hibernate.Version - HHH000412: Hibernate ORM core version 6.6.39.Final
2026-01-11 18:59:04 [restartedMain] INFO  o.h.c.i.RegionFactoryInitiator - HHH000026: Second-level cache disabled
2026-01-11 18:59:05 [restartedMain] INFO  o.s.o.j.p.SpringPersistenceUnitInfo - No LoadTimeWeaver setup: ignoring JPA class transformer
2026-01-11 18:59:05 [restartedMain] INFO  com.zaxxer.hikari.HikariDataSource - HikariPool-1 - Starting...
2026-01-11 18:59:05 [restartedMain] INFO  com.zaxxer.hikari.pool.HikariPool - HikariPool-1 - Added connection com.mysql.cj.jdbc.ConnectionImpl@718ceea8
2026-01-11 18:59:05 [restartedMain] INFO  com.zaxxer.hikari.HikariDataSource - HikariPool-1 - Start completed.
2026-01-11 18:59:05 [restartedMain] WARN  org.hibernate.orm.deprecation - HHH90000025: MySQL8Dialect does not need to be specified explicitly using 'hibernate.dialect' (remove the property setting and it will be selected by default)
2026-01-11 18:59:05 [restartedMain] WARN  org.hibernate.orm.deprecation - HHH90000026: MySQL8Dialect has been deprecated; use org.hibernate.dialect.MySQLDialect instead
2026-01-11 18:59:05 [restartedMain] INFO  o.hibernate.orm.connections.pooling - HHH10001005: Database info:
	Database JDBC URL [Connecting through datasource 'HikariDataSource (HikariPool-1)']
	Database driver: undefined/unknown
	Database version: 8.0
	Autocommit mode: undefined/unknown
	Isolation level: undefined/unknown
	Minimum pool size: undefined/unknown
	Maximum pool size: undefined/unknown
2026-01-11 18:59:06 [restartedMain] INFO  o.h.e.t.j.p.i.JtaPlatformInitiator - HHH000489: No JTA platform available (set 'hibernate.transaction.jta.platform' to enable JTA platform integration)
2026-01-11 18:59:06 [restartedMain] DEBUG org.hibernate.SQL - 
    alter table loan_repayments 
       modify column status enum ('ADVANCED_PAID','DEFAULTED','OVERDUE','PAID','PARTIALLY_PAID','PENDING','WAIVED_OFF') not null
2026-01-11 18:59:06 [restartedMain] INFO  o.s.o.j.LocalContainerEntityManagerFactoryBean - Initialized JPA EntityManagerFactory for persistence unit 'default'
2026-01-11 18:59:06 [restartedMain] DEBUG o.h.s.internal.StatisticsInitiator - Statistics initialized [enabled=false]
2026-01-11 18:59:07 [restartedMain] INFO  o.s.d.j.r.query.QueryEnhancerFactory - Hibernate is in classpath; If applicable, HQL parser will be used.
2026-01-11 18:59:07 [restartedMain] INFO  o.s.s.c.a.a.c.InitializeAuthenticationProviderBeanManagerConfigurer$InitializeAuthenticationProviderManagerConfigurer - Global AuthenticationManager configured with AuthenticationProvider bean with name authenticationProvider
2026-01-11 18:59:07 [restartedMain] WARN  o.s.s.c.a.a.c.InitializeUserDetailsBeanManagerConfigurer$InitializeUserDetailsManagerConfigurer - Global AuthenticationManager configured with an AuthenticationProvider bean. UserDetailsService beans will not be used by Spring Security for automatically configuring username/password login. Consider removing the AuthenticationProvider bean. Alternatively, consider using the UserDetailsService in a manually instantiated DaoAuthenticationProvider. If the current configuration is intentional, to turn off this warning, increase the logging level of 'org.springframework.security.config.annotation.authentication.configuration.InitializeUserDetailsBeanManagerConfigurer' to ERROR
2026-01-11 18:59:08 [restartedMain] DEBUG o.s.w.s.m.m.a.RequestMappingHandlerMapping - 20 mappings in 'requestMappingHandlerMapping'
2026-01-11 18:59:08 [restartedMain] DEBUG o.s.w.s.h.SimpleUrlHandlerMapping - Patterns [/webjars/**, /**] in 'resourceHandlerMapping'
2026-01-11 18:59:08 [restartedMain] DEBUG o.s.s.web.DefaultSecurityFilterChain - Will secure any request with filters: DisableEncodeUrlFilter, WebAsyncManagerIntegrationFilter, SecurityContextHolderFilter, HeaderWriterFilter, CorsFilter, LogoutFilter, JwtAuthenticationFilter, RequestCacheAwareFilter, SecurityContextHolderAwareRequestFilter, AnonymousAuthenticationFilter, SessionManagementFilter, ExceptionTranslationFilter, AuthorizationFilter
2026-01-11 18:59:08 [restartedMain] DEBUG o.s.w.s.m.m.a.RequestMappingHandlerAdapter - ControllerAdvice beans: 0 @ModelAttribute, 0 @InitBinder, 1 RequestBodyAdvice, 1 ResponseBodyAdvice
2026-01-11 18:59:08 [restartedMain] WARN  o.s.b.a.t.ThymeleafAutoConfiguration$DefaultTemplateResolverConfiguration - Cannot find template location: classpath:/templates/emails/ (please add some templates, check your Thymeleaf configuration, or set spring.thymeleaf.check-template-location=false)
2026-01-11 18:59:08 [restartedMain] DEBUG o.s.w.s.m.m.a.ExceptionHandlerExceptionResolver - ControllerAdvice beans: 0 @ExceptionHandler, 1 ResponseBodyAdvice
2026-01-11 18:59:09 [restartedMain] INFO  o.s.b.d.a.OptionalLiveReloadServer - LiveReload server is running on port 35729
2026-01-11 18:59:09 [restartedMain] INFO  o.a.coyote.http11.Http11NioProtocol - Starting ProtocolHandler ["http-nio-8989"]
2026-01-11 18:59:09 [restartedMain] INFO  o.s.b.w.e.tomcat.TomcatWebServer - Tomcat started on port 8989 (http) with context path '/'
2026-01-11 18:59:09 [restartedMain] INFO  c.app.bank.web.ZplusbankApplication - Started ZplusbankApplication in 6.618 seconds (process running for 7.222)
2026-01-11 18:59:17 [http-nio-8989-exec-1] INFO  o.a.c.c.C.[Tomcat].[localhost].[/] - Initializing Spring DispatcherServlet 'dispatcherServlet'
2026-01-11 18:59:17 [http-nio-8989-exec-1] INFO  o.s.web.servlet.DispatcherServlet - Initializing Servlet 'dispatcherServlet'
2026-01-11 18:59:17 [http-nio-8989-exec-1] DEBUG o.s.web.servlet.DispatcherServlet - Detected StandardServletMultipartResolver
2026-01-11 18:59:17 [http-nio-8989-exec-1] DEBUG o.s.web.servlet.DispatcherServlet - Detected AcceptHeaderLocaleResolver
2026-01-11 18:59:17 [http-nio-8989-exec-1] DEBUG o.s.web.servlet.DispatcherServlet - Detected FixedThemeResolver
2026-01-11 18:59:17 [http-nio-8989-exec-1] DEBUG o.s.web.servlet.DispatcherServlet - Detected org.springframework.web.servlet.view.DefaultRequestToViewNameTranslator@15b58ae9
2026-01-11 18:59:17 [http-nio-8989-exec-1] DEBUG o.s.web.servlet.DispatcherServlet - Detected org.springframework.web.servlet.support.SessionFlashMapManager@79bb5ea6
2026-01-11 18:59:17 [http-nio-8989-exec-1] DEBUG o.s.web.servlet.DispatcherServlet - enableLoggingRequestDetails='false': request parameters and headers will be masked to prevent unsafe logging of potentially sensitive data
2026-01-11 18:59:17 [http-nio-8989-exec-1] INFO  o.s.web.servlet.DispatcherServlet - Completed initialization in 6 ms
2026-01-11 18:59:17 [http-nio-8989-exec-1] DEBUG o.s.security.web.FilterChainProxy - Securing POST /api/v1/auth/ZPB1361326006798/deposit?amount=10000&description=%22Deposited%20amount%20into%20the%20account%22
2026-01-11 18:59:18 [http-nio-8989-exec-1] DEBUG org.hibernate.SQL - 
    select
        u1_0.id,
        u1_0.aadhar_number,
        u1_0.address,
        u1_0.created_at,
        u1_0.email,
        u1_0.failed_login_attempts,
        u1_0.first_name,
        u1_0.last_login_at,
        u1_0.last_name,
        u1_0.monthly_income,
        u1_0.pan_number,
        u1_0.password,
        u1_0.phone,
        u1_0.role,
        u1_0.status,
        u1_0.username 
    from
        users u1_0 
    where
        u1_0.username=?
2026-01-11 18:59:18 [http-nio-8989-exec-1] DEBUG o.s.security.web.FilterChainProxy - Secured POST /api/v1/auth/ZPB1361326006798/deposit?amount=10000&description=%22Deposited%20amount%20into%20the%20account%22
2026-01-11 18:59:18 [http-nio-8989-exec-1] DEBUG o.s.web.servlet.DispatcherServlet - POST "/api/v1/auth/ZPB1361326006798/deposit?amount=10000&description=%22Deposited%20amount%20into%20the%20account%22", parameters={masked}
2026-01-11 18:59:18 [http-nio-8989-exec-1] DEBUG o.s.w.s.m.m.a.RequestMappingHandlerMapping - Mapped to com.app.bank.web.controller.AccountController#deposit(String, BigDecimal, String, Authentication)
2026-01-11 18:59:18 [http-nio-8989-exec-1] DEBUG org.hibernate.SQL - 
    select
        u1_0.id,
        u1_0.aadhar_number,
        u1_0.address,
        u1_0.created_at,
        u1_0.email,
        u1_0.failed_login_attempts,
        u1_0.first_name,
        u1_0.last_login_at,
        u1_0.last_name,
        u1_0.monthly_income,
        u1_0.pan_number,
        u1_0.password,
        u1_0.phone,
        u1_0.role,
        u1_0.status,
        u1_0.username 
    from
        users u1_0 
    where
        u1_0.username=?
2026-01-11 18:59:18 [http-nio-8989-exec-1] DEBUG org.hibernate.SQL - 
    select
        a1_0.id,
        a1_0.account_number,
        a1_0.account_type,
        a1_0.balance,
        a1_0.created_at,
        a1_0.interest_rate,
        a1_0.last_transaction_at,
        a1_0.minimum_balance,
        a1_0.status,
        a1_0.user_id 
    from
        accounts a1_0 
    where
        a1_0.account_number=?
2026-01-11 18:59:18 [http-nio-8989-exec-1] DEBUG org.hibernate.SQL - 
    select
        u1_0.id,
        u1_0.aadhar_number,
        u1_0.address,
        u1_0.created_at,
        u1_0.email,
        u1_0.failed_login_attempts,
        u1_0.first_name,
        u1_0.last_login_at,
        u1_0.last_name,
        u1_0.monthly_income,
        u1_0.pan_number,
        u1_0.password,
        u1_0.phone,
        u1_0.role,
        u1_0.status,
        u1_0.username 
    from
        users u1_0 
    where
        u1_0.id=?
2026-01-11 18:59:18 [http-nio-8989-exec-1] DEBUG o.s.web.servlet.DispatcherServlet - Failed to complete request: com.app.bank.web.exception.BankException: You don't own this account
2026-01-11 18:59:18 [http-nio-8989-exec-1] ERROR o.a.c.c.C.[.[.[.[dispatcherServlet] - Servlet.service() for servlet [dispatcherServlet] in context with path [] threw exception [Request processing failed: com.app.bank.web.exception.BankException: You don't own this account] with root cause
com.app.bank.web.exception.BankException: You don't own this account
	at com.app.bank.web.service.AccountService.deposit(AccountService.java:346)
	at java.base/jdk.internal.reflect.NativeMethodAccessorImpl.invoke0(Native Method)
	at java.base/jdk.internal.reflect.NativeMethodAccessorImpl.invoke(NativeMethodAccessorImpl.java:77)
	at java.base/jdk.internal.reflect.DelegatingMethodAccessorImpl.invoke(DelegatingMethodAccessorImpl.java:43)
	at java.base/java.lang.reflect.Method.invoke(Method.java:568)
	at org.springframework.aop.support.AopUtils.invokeJoinpointUsingReflection(AopUtils.java:360)
	at org.springframework.aop.framework.ReflectiveMethodInvocation.invokeJoinpoint(ReflectiveMethodInvocation.java:196)
	at org.springframework.aop.framework.ReflectiveMethodInvocation.proceed(ReflectiveMethodInvocation.java:163)
	at org.springframework.transaction.interceptor.TransactionAspectSupport.invokeWithinTransaction(TransactionAspectSupport.java:380)
	at org.springframework.transaction.interceptor.TransactionInterceptor.invoke(TransactionInterceptor.java:119)
	at org.springframework.aop.framework.ReflectiveMethodInvocation.proceed(ReflectiveMethodInvocation.java:184)
	at org.springframework.aop.framework.CglibAopProxy$DynamicAdvisedInterceptor.intercept(CglibAopProxy.java:728)
	at com.app.bank.web.service.AccountService$$SpringCGLIB$$0.deposit(<generated>)
	at com.app.bank.web.controller.AccountController.deposit(AccountController.java:48)
	at java.base/jdk.internal.reflect.NativeMethodAccessorImpl.invoke0(Native Method)
	at java.base/jdk.internal.reflect.NativeMethodAccessorImpl.invoke(NativeMethodAccessorImpl.java:77)
	at java.base/jdk.internal.reflect.DelegatingMethodAccessorImpl.invoke(DelegatingMethodAccessorImpl.java:43)
	at java.base/java.lang.reflect.Method.invoke(Method.java:568)
	at org.springframework.web.method.support.InvocableHandlerMethod.doInvoke(InvocableHandlerMethod.java:258)
	at org.springframework.web.method.support.InvocableHandlerMethod.invokeForRequest(InvocableHandlerMethod.java:191)
	at org.springframework.web.servlet.mvc.method.annotation.ServletInvocableHandlerMethod.invokeAndHandle(ServletInvocableHandlerMethod.java:118)
	at org.springframework.web.servlet.mvc.method.annotation.RequestMappingHandlerAdapter.invokeHandlerMethod(RequestMappingHandlerAdapter.java:991)
	at org.springframework.web.servlet.mvc.method.annotation.RequestMappingHandlerAdapter.handleInternal(RequestMappingHandlerAdapter.java:896)
	at org.springframework.web.servlet.mvc.method.AbstractHandlerMethodAdapter.handle(AbstractHandlerMethodAdapter.java:87)
	at org.springframework.web.servlet.DispatcherServlet.doDispatch(DispatcherServlet.java:1089)
	at org.springframework.web.servlet.DispatcherServlet.doService(DispatcherServlet.java:979)
	at org.springframework.web.servlet.FrameworkServlet.processRequest(FrameworkServlet.java:1014)
	at org.springframework.web.servlet.FrameworkServlet.doPost(FrameworkServlet.java:914)
	at jakarta.servlet.http.HttpServlet.service(HttpServlet.java:590)
	at org.springframework.web.servlet.FrameworkServlet.service(FrameworkServlet.java:885)
	at jakarta.servlet.http.HttpServlet.service(HttpServlet.java:658)
	at org.apache.catalina.core.ApplicationFilterChain.internalDoFilter(ApplicationFilterChain.java:193)
	at org.apache.catalina.core.ApplicationFilterChain.doFilter(ApplicationFilterChain.java:138)
	at org.apache.tomcat.websocket.server.WsFilter.doFilter(WsFilter.java:51)
	at org.apache.catalina.core.ApplicationFilterChain.internalDoFilter(ApplicationFilterChain.java:162)
	at org.apache.catalina.core.ApplicationFilterChain.doFilter(ApplicationFilterChain.java:138)
	at org.springframework.web.filter.OncePerRequestFilter.doFilter(OncePerRequestFilter.java:110)
	at org.apache.catalina.core.ApplicationFilterChain.internalDoFilter(ApplicationFilterChain.java:162)
	at org.apache.catalina.core.ApplicationFilterChain.doFilter(ApplicationFilterChain.java:138)
	at org.springframework.web.filter.CompositeFilter$VirtualFilterChain.doFilter(CompositeFilter.java:108)
	at org.springframework.web.filter.CompositeFilter$VirtualFilterChain.doFilter(CompositeFilter.java:108)
	at org.springframework.security.web.FilterChainProxy.lambda$doFilterInternal$3(FilterChainProxy.java:231)
	at org.springframework.security.web.FilterChainProxy$VirtualFilterChain.doFilter(FilterChainProxy.java:365)
	at org.springframework.security.web.access.intercept.AuthorizationFilter.doFilter(AuthorizationFilter.java:101)
	at org.springframework.security.web.FilterChainProxy$VirtualFilterChain.doFilter(FilterChainProxy.java:374)
	at org.springframework.security.web.access.ExceptionTranslationFilter.doFilter(ExceptionTranslationFilter.java:125)
	at org.springframework.security.web.access.ExceptionTranslationFilter.doFilter(ExceptionTranslationFilter.java:119)
	at org.springframework.security.web.FilterChainProxy$VirtualFilterChain.doFilter(FilterChainProxy.java:374)
	at org.springframework.security.web.session.SessionManagementFilter.doFilter(SessionManagementFilter.java:131)
	at org.springframework.security.web.session.SessionManagementFilter.doFilter(SessionManagementFilter.java:85)
	at org.springframework.security.web.FilterChainProxy$VirtualFilterChain.doFilter(FilterChainProxy.java:374)
	at org.springframework.security.web.authentication.AnonymousAuthenticationFilter.doFilter(AnonymousAuthenticationFilter.java:100)
	at org.springframework.security.web.FilterChainProxy$VirtualFilterChain.doFilter(FilterChainProxy.java:374)
	at org.springframework.security.web.servletapi.SecurityContextHolderAwareRequestFilter.doFilter(SecurityContextHolderAwareRequestFilter.java:179)
	at org.springframework.security.web.FilterChainProxy$VirtualFilterChain.doFilter(FilterChainProxy.java:374)
	at org.springframework.security.web.savedrequest.RequestCacheAwareFilter.doFilter(RequestCacheAwareFilter.java:63)
	at org.springframework.security.web.FilterChainProxy$VirtualFilterChain.doFilter(FilterChainProxy.java:374)
	at com.app.bank.web.security.JwtAuthenticationFilter.doFilterInternal(JwtAuthenticationFilter.java:137)
	at org.springframework.web.filter.OncePerRequestFilter.doFilter(OncePerRequestFilter.java:116)
	at org.springframework.security.web.FilterChainProxy$VirtualFilterChain.doFilter(FilterChainProxy.java:374)
	at org.springframework.security.web.authentication.logout.LogoutFilter.doFilter(LogoutFilter.java:107)
	at org.springframework.security.web.authentication.logout.LogoutFilter.doFilter(LogoutFilter.java:93)
	at org.springframework.security.web.FilterChainProxy$VirtualFilterChain.doFilter(FilterChainProxy.java:374)
	at org.springframework.web.filter.CorsFilter.doFilterInternal(CorsFilter.java:91)
	at org.springframework.web.filter.OncePerRequestFilter.doFilter(OncePerRequestFilter.java:116)
	at org.springframework.security.web.FilterChainProxy$VirtualFilterChain.doFilter(FilterChainProxy.java:374)
	at org.springframework.security.web.header.HeaderWriterFilter.doHeadersAfter(HeaderWriterFilter.java:90)
	at org.springframework.security.web.header.HeaderWriterFilter.doFilterInternal(HeaderWriterFilter.java:75)
	at org.springframework.web.filter.OncePerRequestFilter.doFilter(OncePerRequestFilter.java:116)
	at org.springframework.security.web.FilterChainProxy$VirtualFilterChain.doFilter(FilterChainProxy.java:374)
	at org.springframework.security.web.context.SecurityContextHolderFilter.doFilter(SecurityContextHolderFilter.java:82)
	at org.springframework.security.web.context.SecurityContextHolderFilter.doFilter(SecurityContextHolderFilter.java:69)
	at org.springframework.security.web.FilterChainProxy$VirtualFilterChain.doFilter(FilterChainProxy.java:374)
	at org.springframework.security.web.context.request.async.WebAsyncManagerIntegrationFilter.doFilterInternal(WebAsyncManagerIntegrationFilter.java:62)
	at org.springframework.web.filter.OncePerRequestFilter.doFilter(OncePerRequestFilter.java:116)
	at org.springframework.security.web.FilterChainProxy$VirtualFilterChain.doFilter(FilterChainProxy.java:374)
	at org.springframework.security.web.session.DisableEncodeUrlFilter.doFilterInternal(DisableEncodeUrlFilter.java:42)
	at org.springframework.web.filter.OncePerRequestFilter.doFilter(OncePerRequestFilter.java:116)
	at org.springframework.security.web.FilterChainProxy$VirtualFilterChain.doFilter(FilterChainProxy.java:374)
	at org.springframework.security.web.FilterChainProxy.doFilterInternal(FilterChainProxy.java:233)
	at org.springframework.security.web.FilterChainProxy.doFilter(FilterChainProxy.java:191)
	at org.springframework.web.filter.CompositeFilter$VirtualFilterChain.doFilter(CompositeFilter.java:113)
	at org.springframework.web.filter.ServletRequestPathFilter.doFilter(ServletRequestPathFilter.java:52)
	at org.springframework.web.filter.CompositeFilter$VirtualFilterChain.doFilter(CompositeFilter.java:113)
	at org.springframework.web.filter.CompositeFilter.doFilter(CompositeFilter.java:74)
	at org.springframework.security.config.annotation.web.configuration.WebSecurityConfiguration$CompositeFilterChainProxy.doFilter(WebSecurityConfiguration.java:319)
	at org.springframework.web.filter.CompositeFilter$VirtualFilterChain.doFilter(CompositeFilter.java:113)
	at org.springframework.web.servlet.handler.HandlerMappingIntrospector.lambda$createCacheFilter$4(HandlerMappingIntrospector.java:267)
	at org.springframework.web.filter.CompositeFilter$VirtualFilterChain.doFilter(CompositeFilter.java:113)
	at org.springframework.web.filter.CompositeFilter.doFilter(CompositeFilter.java:74)
	at org.springframework.security.config.annotation.web.configuration.WebMvcSecurityConfiguration$CompositeFilterChainProxy.doFilter(WebMvcSecurityConfiguration.java:240)
	at org.springframework.web.filter.DelegatingFilterProxy.invokeDelegate(DelegatingFilterProxy.java:362)
	at org.springframework.web.filter.DelegatingFilterProxy.doFilter(DelegatingFilterProxy.java:278)
	at org.apache.catalina.core.ApplicationFilterChain.internalDoFilter(ApplicationFilterChain.java:162)
	at org.apache.catalina.core.ApplicationFilterChain.doFilter(ApplicationFilterChain.java:138)
	at org.springframework.web.filter.RequestContextFilter.doFilterInternal(RequestContextFilter.java:100)
	at org.springframework.web.filter.OncePerRequestFilter.doFilter(OncePerRequestFilter.java:116)
	at org.apache.catalina.core.ApplicationFilterChain.internalDoFilter(ApplicationFilterChain.java:162)
	at org.apache.catalina.core.ApplicationFilterChain.doFilter(ApplicationFilterChain.java:138)
	at org.springframework.web.filter.FormContentFilter.doFilterInternal(FormContentFilter.java:93)
	at org.springframework.web.filter.OncePerRequestFilter.doFilter(OncePerRequestFilter.java:116)
	at org.apache.catalina.core.ApplicationFilterChain.internalDoFilter(ApplicationFilterChain.java:162)
	at org.apache.catalina.core.ApplicationFilterChain.doFilter(ApplicationFilterChain.java:138)
	at org.springframework.web.filter.CharacterEncodingFilter.doFilterInternal(CharacterEncodingFilter.java:201)
	at org.springframework.web.filter.OncePerRequestFilter.doFilter(OncePerRequestFilter.java:116)
	at org.apache.catalina.core.ApplicationFilterChain.internalDoFilter(ApplicationFilterChain.java:162)
	at org.apache.catalina.core.ApplicationFilterChain.doFilter(ApplicationFilterChain.java:138)
	at org.apache.catalina.core.StandardWrapperValve.invoke(StandardWrapperValve.java:165)
	at org.apache.catalina.core.StandardContextValve.invoke(StandardContextValve.java:88)
	at org.apache.catalina.authenticator.AuthenticatorBase.invoke(AuthenticatorBase.java:482)
	at org.apache.catalina.core.StandardHostValve.invoke(StandardHostValve.java:113)
	at org.apache.catalina.valves.ErrorReportValve.invoke(ErrorReportValve.java:83)
	at org.apache.catalina.core.StandardEngineValve.invoke(StandardEngineValve.java:72)
	at org.apache.catalina.connector.CoyoteAdapter.service(CoyoteAdapter.java:342)
	at org.apache.coyote.http11.Http11Processor.service(Http11Processor.java:399)
	at org.apache.coyote.AbstractProcessorLight.process(AbstractProcessorLight.java:63)
	at org.apache.coyote.AbstractProtocol$ConnectionHandler.process(AbstractProtocol.java:903)
	at org.apache.tomcat.util.net.NioEndpoint$SocketProcessor.doRun(NioEndpoint.java:1774)
	at org.apache.tomcat.util.net.SocketProcessorBase.run(SocketProcessorBase.java:52)
	at org.apache.tomcat.util.threads.ThreadPoolExecutor.runWorker(ThreadPoolExecutor.java:973)
	at org.apache.tomcat.util.threads.ThreadPoolExecutor$Worker.run(ThreadPoolExecutor.java:491)
	at org.apache.tomcat.util.threads.TaskThread$WrappingRunnable.run(TaskThread.java:63)
	at java.base/java.lang.Thread.run(Thread.java:842)
2026-01-11 18:59:18 [http-nio-8989-exec-1] DEBUG o.s.security.web.FilterChainProxy - Securing POST /error?amount=10000&description=%22Deposited%20amount%20into%20the%20account%22
2026-01-11 18:59:18 [http-nio-8989-exec-1] DEBUG o.s.security.web.FilterChainProxy - Secured POST /error?amount=10000&description=%22Deposited%20amount%20into%20the%20account%22
2026-01-11 18:59:18 [http-nio-8989-exec-1] DEBUG o.s.web.servlet.DispatcherServlet - "ERROR" dispatch for POST "/error?amount=10000&description=%22Deposited%20amount%20into%20the%20account%22", parameters={masked}
2026-01-11 18:59:18 [http-nio-8989-exec-1] DEBUG o.s.w.s.m.m.a.RequestMappingHandlerMapping - Mapped to org.springframework.boot.autoconfigure.web.servlet.error.BasicErrorController#error(HttpServletRequest)
2026-01-11 18:59:18 [http-nio-8989-exec-1] DEBUG o.s.w.s.m.m.a.HttpEntityMethodProcessor - Using 'application/json', given [*/*] and supported [application/json, application/*+json]
2026-01-11 18:59:18 [http-nio-8989-exec-1] DEBUG o.s.w.s.m.m.a.HttpEntityMethodProcessor - Writing [{timestamp=Sun Jan 11 18:59:18 IST 2026, status=500, error=Internal Server Error, trace=com.app.bank (truncated)...]
2026-01-11 18:59:18 [http-nio-8989-exec-1] DEBUG o.s.web.servlet.DispatcherServlet - Exiting from "ERROR" dispatch, status 500
2026-01-11 18:59:18 [http-nio-8989-exec-1] DEBUG o.s.s.w.a.AnonymousAuthenticationFilter - Set SecurityContextHolder to anonymous SecurityContext
2026-01-11 18:59:41 [http-nio-8989-exec-4] DEBUG o.s.security.web.FilterChainProxy - Securing POST /api/v1/auth/login
2026-01-11 18:59:41 [http-nio-8989-exec-4] DEBUG o.s.s.w.a.AnonymousAuthenticationFilter - Set SecurityContextHolder to anonymous SecurityContext
2026-01-11 18:59:41 [http-nio-8989-exec-4] DEBUG o.s.security.web.FilterChainProxy - Secured POST /api/v1/auth/login
2026-01-11 18:59:41 [http-nio-8989-exec-4] DEBUG o.s.web.servlet.DispatcherServlet - POST "/api/v1/auth/login", parameters={}
2026-01-11 18:59:41 [http-nio-8989-exec-4] DEBUG o.s.w.s.m.m.a.RequestMappingHandlerMapping - Mapped to com.app.bank.web.controller.AuthController#loginUser(LoginRequest)
2026-01-11 18:59:41 [http-nio-8989-exec-4] DEBUG o.s.w.s.m.m.a.RequestResponseBodyMethodProcessor - Read "application/json;charset=UTF-8" to [com.app.bank.web.dto.LoginRequest@3278b692]
2026-01-11 18:59:42 [http-nio-8989-exec-4] DEBUG org.hibernate.SQL - 
    select
        u1_0.id,
        u1_0.aadhar_number,
        u1_0.address,
        u1_0.created_at,
        u1_0.email,
        u1_0.failed_login_attempts,
        u1_0.first_name,
        u1_0.last_login_at,
        u1_0.last_name,
        u1_0.monthly_income,
        u1_0.pan_number,
        u1_0.password,
        u1_0.phone,
        u1_0.role,
        u1_0.status,
        u1_0.username 
    from
        users u1_0 
    where
        u1_0.username=?
2026-01-11 18:59:43 [http-nio-8989-exec-4] DEBUG o.s.s.a.d.DaoAuthenticationProvider - Authenticated user
2026-01-11 18:59:43 [http-nio-8989-exec-4] DEBUG o.s.w.s.m.m.a.HttpEntityMethodProcessor - Using 'application/json', given [*/*] and supported [application/json, application/*+json]
2026-01-11 18:59:43 [http-nio-8989-exec-4] DEBUG o.s.w.s.m.m.a.HttpEntityMethodProcessor - Writing [{tokenType=Bearer, token=eyJhbGciOiJIUzUxMiJ9.eyJzdWIiOiJrYWRpcjU2IiwiY3JlYXRlZCI6MTc2ODEzODE4MzU1OC (truncated)...]
2026-01-11 18:59:43 [http-nio-8989-exec-4] DEBUG o.s.web.servlet.DispatcherServlet - Completed 200 OK
2026-01-11 19:01:53 [http-nio-8989-exec-7] DEBUG o.s.security.web.FilterChainProxy - Securing POST /api/v1/auth/ZPB1361326006798/deposit?amount=10000&description=%22Deposited%20amount%20into%20the%20account%22
2026-01-11 19:01:53 [http-nio-8989-exec-7] DEBUG org.hibernate.SQL - 
    select
        u1_0.id,
        u1_0.aadhar_number,
        u1_0.address,
        u1_0.created_at,
        u1_0.email,
        u1_0.failed_login_attempts,
        u1_0.first_name,
        u1_0.last_login_at,
        u1_0.last_name,
        u1_0.monthly_income,
        u1_0.pan_number,
        u1_0.password,
        u1_0.phone,
        u1_0.role,
        u1_0.status,
        u1_0.username 
    from
        users u1_0 
    where
        u1_0.username=?
2026-01-11 19:01:53 [http-nio-8989-exec-7] DEBUG o.s.security.web.FilterChainProxy - Secured POST /api/v1/auth/ZPB1361326006798/deposit?amount=10000&description=%22Deposited%20amount%20into%20the%20account%22
2026-01-11 19:01:53 [http-nio-8989-exec-7] DEBUG o.s.web.servlet.DispatcherServlet - POST "/api/v1/auth/ZPB1361326006798/deposit?amount=10000&description=%22Deposited%20amount%20into%20the%20account%22", parameters={masked}
2026-01-11 19:01:53 [http-nio-8989-exec-7] DEBUG o.s.w.s.m.m.a.RequestMappingHandlerMapping - Mapped to com.app.bank.web.controller.AccountController#deposit(String, BigDecimal, String, Authentication)
2026-01-11 19:01:53 [http-nio-8989-exec-7] DEBUG org.hibernate.SQL - 
    select
        u1_0.id,
        u1_0.aadhar_number,
        u1_0.address,
        u1_0.created_at,
        u1_0.email,
        u1_0.failed_login_attempts,
        u1_0.first_name,
        u1_0.last_login_at,
        u1_0.last_name,
        u1_0.monthly_income,
        u1_0.pan_number,
        u1_0.password,
        u1_0.phone,
        u1_0.role,
        u1_0.status,
        u1_0.username 
    from
        users u1_0 
    where
        u1_0.username=?
2026-01-11 19:01:53 [http-nio-8989-exec-7] DEBUG org.hibernate.SQL - 
    select
        a1_0.id,
        a1_0.account_number,
        a1_0.account_type,
        a1_0.balance,
        a1_0.created_at,
        a1_0.interest_rate,
        a1_0.last_transaction_at,
        a1_0.minimum_balance,
        a1_0.status,
        a1_0.user_id 
    from
        accounts a1_0 
    where
        a1_0.account_number=?
2026-01-11 19:01:53 [http-nio-8989-exec-7] DEBUG org.hibernate.SQL - 
    insert 
    into
        transactions
        (amount, balance_after_transaction, description, from_account_id, reference_number, remarks, status, to_account_id, transaction_date, transaction_id, transaction_type) 
    values
        (?, ?, ?, ?, ?, ?, ?, ?, ?, ?, ?)
2026-01-11 19:01:53 [http-nio-8989-exec-7] DEBUG org.hibernate.SQL - 
    update
        accounts 
    set
        account_number=?,
        account_type=?,
        balance=?,
        created_at=?,
        interest_rate=?,
        last_transaction_at=?,
        minimum_balance=?,
        status=?,
        user_id=? 
    where
        id=?
2026-01-11 19:01:53 [http-nio-8989-exec-7] DEBUG o.s.w.s.m.m.a.HttpEntityMethodProcessor - Using 'application/json', given [*/*] and supported [application/json, application/*+json]
2026-01-11 19:01:53 [http-nio-8989-exec-7] DEBUG o.s.w.s.m.m.a.HttpEntityMethodProcessor - Writing [{newBalance=520000.00, message=Deposit Successful, transactionId=TXN1768138313856708}]
2026-01-11 19:01:53 [http-nio-8989-exec-7] DEBUG o.s.web.servlet.DispatcherServlet - Completed 200 OK
2026-01-11 19:04:34 [http-nio-8989-exec-9] DEBUG o.s.security.web.FilterChainProxy - Securing POST /api/v1/auth/ZPB1361326006798/deposit?amount=10000&description=%22Deposited%20amount%20into%20the%20account%22
2026-01-11 19:04:34 [http-nio-8989-exec-9] DEBUG org.hibernate.SQL - 
    select
        u1_0.id,
        u1_0.aadhar_number,
        u1_0.address,
        u1_0.created_at,
        u1_0.email,
        u1_0.failed_login_attempts,
        u1_0.first_name,
        u1_0.last_login_at,
        u1_0.last_name,
        u1_0.monthly_income,
        u1_0.pan_number,
        u1_0.password,
        u1_0.phone,
        u1_0.role,
        u1_0.status,
        u1_0.username 
    from
        users u1_0 
    where
        u1_0.username=?
2026-01-11 19:04:34 [http-nio-8989-exec-9] DEBUG o.s.security.web.FilterChainProxy - Secured POST /api/v1/auth/ZPB1361326006798/deposit?amount=10000&description=%22Deposited%20amount%20into%20the%20account%22
2026-01-11 19:04:34 [http-nio-8989-exec-9] DEBUG o.s.web.servlet.DispatcherServlet - POST "/api/v1/auth/ZPB1361326006798/deposit?amount=10000&description=%22Deposited%20amount%20into%20the%20account%22", parameters={masked}
2026-01-11 19:04:34 [http-nio-8989-exec-9] DEBUG o.s.w.s.m.m.a.RequestMappingHandlerMapping - Mapped to com.app.bank.web.controller.AccountController#deposit(String, BigDecimal, String, Authentication)
2026-01-11 19:04:34 [http-nio-8989-exec-9] DEBUG org.hibernate.SQL - 
    select
        u1_0.id,
        u1_0.aadhar_number,
        u1_0.address,
        u1_0.created_at,
        u1_0.email,
        u1_0.failed_login_attempts,
        u1_0.first_name,
        u1_0.last_login_at,
        u1_0.last_name,
        u1_0.monthly_income,
        u1_0.pan_number,
        u1_0.password,
        u1_0.phone,
        u1_0.role,
        u1_0.status,
        u1_0.username 
    from
        users u1_0 
    where
        u1_0.username=?
2026-01-11 19:04:34 [http-nio-8989-exec-9] DEBUG org.hibernate.SQL - 
    select
        a1_0.id,
        a1_0.account_number,
        a1_0.account_type,
        a1_0.balance,
        a1_0.created_at,
        a1_0.interest_rate,
        a1_0.last_transaction_at,
        a1_0.minimum_balance,
        a1_0.status,
        a1_0.user_id 
    from
        accounts a1_0 
    where
        a1_0.account_number=?
2026-01-11 19:04:34 [http-nio-8989-exec-9] DEBUG org.hibernate.SQL - 
    insert 
    into
        transactions
        (amount, balance_after_transaction, description, from_account_id, reference_number, remarks, status, to_account_id, transaction_date, transaction_id, transaction_type) 
    values
        (?, ?, ?, ?, ?, ?, ?, ?, ?, ?, ?)
2026-01-11 19:04:34 [http-nio-8989-exec-9] DEBUG org.hibernate.SQL - 
    update
        accounts 
    set
        account_number=?,
        account_type=?,
        balance=?,
        created_at=?,
        interest_rate=?,
        last_transaction_at=?,
        minimum_balance=?,
        status=?,
        user_id=? 
    where
        id=?
2026-01-11 19:04:34 [http-nio-8989-exec-9] DEBUG o.s.w.s.m.m.a.HttpEntityMethodProcessor - Using 'application/json', given [*/*] and supported [application/json, application/*+json]
2026-01-11 19:04:34 [http-nio-8989-exec-9] DEBUG o.s.w.s.m.m.a.HttpEntityMethodProcessor - Writing [{newBalance=530000.00, message=Deposit Successful, transactionId=TXN1768138474847276}]
2026-01-11 19:04:34 [http-nio-8989-exec-9] DEBUG o.s.web.servlet.DispatcherServlet - Completed 200 OK
2026-01-11 19:05:30 [http-nio-8989-exec-3] DEBUG o.s.security.web.FilterChainProxy - Securing POST /api/v1/auth/ZPB1361326006798/withdraw?amount=50000&description=%22this%20amount%20is%20withdrawaled%22
2026-01-11 19:05:30 [http-nio-8989-exec-3] DEBUG org.hibernate.SQL - 
    select
        u1_0.id,
        u1_0.aadhar_number,
        u1_0.address,
        u1_0.created_at,
        u1_0.email,
        u1_0.failed_login_attempts,
        u1_0.first_name,
        u1_0.last_login_at,
        u1_0.last_name,
        u1_0.monthly_income,
        u1_0.pan_number,
        u1_0.password,
        u1_0.phone,
        u1_0.role,
        u1_0.status,
        u1_0.username 
    from
        users u1_0 
    where
        u1_0.username=?
2026-01-11 19:05:30 [http-nio-8989-exec-3] DEBUG o.s.security.web.FilterChainProxy - Secured POST /api/v1/auth/ZPB1361326006798/withdraw?amount=50000&description=%22this%20amount%20is%20withdrawaled%22
2026-01-11 19:05:30 [http-nio-8989-exec-3] DEBUG o.s.web.servlet.DispatcherServlet - POST "/api/v1/auth/ZPB1361326006798/withdraw?amount=50000&description=%22this%20amount%20is%20withdrawaled%22", parameters={masked}
2026-01-11 19:05:30 [http-nio-8989-exec-3] DEBUG o.s.w.s.m.m.a.RequestMappingHandlerMapping - Mapped to com.app.bank.web.controller.AccountController#withdraw(String, BigDecimal, String, Authentication)
2026-01-11 19:05:30 [http-nio-8989-exec-3] DEBUG org.hibernate.SQL - 
    select
        u1_0.id,
        u1_0.aadhar_number,
        u1_0.address,
        u1_0.created_at,
        u1_0.email,
        u1_0.failed_login_attempts,
        u1_0.first_name,
        u1_0.last_login_at,
        u1_0.last_name,
        u1_0.monthly_income,
        u1_0.pan_number,
        u1_0.password,
        u1_0.phone,
        u1_0.role,
        u1_0.status,
        u1_0.username 
    from
        users u1_0 
    where
        u1_0.username=?
2026-01-11 19:05:30 [http-nio-8989-exec-3] DEBUG org.hibernate.SQL - 
    select
        a1_0.id,
        a1_0.account_number,
        a1_0.account_type,
        a1_0.balance,
        a1_0.created_at,
        a1_0.interest_rate,
        a1_0.last_transaction_at,
        a1_0.minimum_balance,
        a1_0.status,
        a1_0.user_id 
    from
        accounts a1_0 
    where
        a1_0.account_number=?
2026-01-11 19:05:30 [http-nio-8989-exec-3] DEBUG org.hibernate.SQL - 
    insert 
    into
        transactions
        (amount, balance_after_transaction, description, from_account_id, reference_number, remarks, status, to_account_id, transaction_date, transaction_id, transaction_type) 
    values
        (?, ?, ?, ?, ?, ?, ?, ?, ?, ?, ?)
2026-01-11 19:05:30 [http-nio-8989-exec-3] DEBUG org.hibernate.SQL - 
    update
        accounts 
    set
        account_number=?,
        account_type=?,
        balance=?,
        created_at=?,
        interest_rate=?,
        last_transaction_at=?,
        minimum_balance=?,
        status=?,
        user_id=? 
    where
        id=?
2026-01-11 19:05:30 [http-nio-8989-exec-3] DEBUG o.s.w.s.m.m.a.HttpEntityMethodProcessor - Using 'application/json', given [*/*] and supported [application/json, application/*+json]
2026-01-11 19:05:30 [http-nio-8989-exec-3] DEBUG o.s.w.s.m.m.a.HttpEntityMethodProcessor - Writing [{newBalance=480000.00, message=Withdrawal Successful, transactionId=TXN1768138530673876}]
2026-01-11 19:05:30 [http-nio-8989-exec-3] DEBUG o.s.web.servlet.DispatcherServlet - Completed 200 OK
2026-01-11 19:06:17 [http-nio-8989-exec-1] DEBUG o.s.security.web.FilterChainProxy - Securing POST /api/v1/auth/ZPB1361326006798/deposit?amount=10000&description=%22Deposited%20amount%20into%20the%20account%22
2026-01-11 19:06:17 [http-nio-8989-exec-1] DEBUG org.hibernate.SQL - 
    select
        u1_0.id,
        u1_0.aadhar_number,
        u1_0.address,
        u1_0.created_at,
        u1_0.email,
        u1_0.failed_login_attempts,
        u1_0.first_name,
        u1_0.last_login_at,
        u1_0.last_name,
        u1_0.monthly_income,
        u1_0.pan_number,
        u1_0.password,
        u1_0.phone,
        u1_0.role,
        u1_0.status,
        u1_0.username 
    from
        users u1_0 
    where
        u1_0.username=?
2026-01-11 19:06:17 [http-nio-8989-exec-1] DEBUG o.s.security.web.FilterChainProxy - Secured POST /api/v1/auth/ZPB1361326006798/deposit?amount=10000&description=%22Deposited%20amount%20into%20the%20account%22
2026-01-11 19:06:17 [http-nio-8989-exec-1] DEBUG o.s.web.servlet.DispatcherServlet - POST "/api/v1/auth/ZPB1361326006798/deposit?amount=10000&description=%22Deposited%20amount%20into%20the%20account%22", parameters={masked}
2026-01-11 19:06:17 [http-nio-8989-exec-1] DEBUG o.s.w.s.m.m.a.RequestMappingHandlerMapping - Mapped to com.app.bank.web.controller.AccountController#deposit(String, BigDecimal, String, Authentication)
2026-01-11 19:06:17 [http-nio-8989-exec-1] DEBUG org.hibernate.SQL - 
    select
        u1_0.id,
        u1_0.aadhar_number,
        u1_0.address,
        u1_0.created_at,
        u1_0.email,
        u1_0.failed_login_attempts,
        u1_0.first_name,
        u1_0.last_login_at,
        u1_0.last_name,
        u1_0.monthly_income,
        u1_0.pan_number,
        u1_0.password,
        u1_0.phone,
        u1_0.role,
        u1_0.status,
        u1_0.username 
    from
        users u1_0 
    where
        u1_0.username=?
2026-01-11 19:06:17 [http-nio-8989-exec-1] DEBUG org.hibernate.SQL - 
    select
        a1_0.id,
        a1_0.account_number,
        a1_0.account_type,
        a1_0.balance,
        a1_0.created_at,
        a1_0.interest_rate,
        a1_0.last_transaction_at,
        a1_0.minimum_balance,
        a1_0.status,
        a1_0.user_id 
    from
        accounts a1_0 
    where
        a1_0.account_number=?
2026-01-11 19:06:17 [http-nio-8989-exec-1] DEBUG org.hibernate.SQL - 
    insert 
    into
        transactions
        (amount, balance_after_transaction, description, from_account_id, reference_number, remarks, status, to_account_id, transaction_date, transaction_id, transaction_type) 
    values
        (?, ?, ?, ?, ?, ?, ?, ?, ?, ?, ?)
2026-01-11 19:06:17 [http-nio-8989-exec-1] DEBUG org.hibernate.SQL - 
    update
        accounts 
    set
        account_number=?,
        account_type=?,
        balance=?,
        created_at=?,
        interest_rate=?,
        last_transaction_at=?,
        minimum_balance=?,
        status=?,
        user_id=? 
    where
        id=?
2026-01-11 19:06:17 [http-nio-8989-exec-1] DEBUG o.s.w.s.m.m.a.HttpEntityMethodProcessor - Using 'application/json', given [*/*] and supported [application/json, application/*+json]
2026-01-11 19:06:17 [http-nio-8989-exec-1] DEBUG o.s.w.s.m.m.a.HttpEntityMethodProcessor - Writing [{newBalance=490000.00, message=Deposit Successful, transactionId=TXN1768138577521750}]
2026-01-11 19:06:17 [http-nio-8989-exec-1] DEBUG o.s.web.servlet.DispatcherServlet - Completed 200 OK
2026-01-11 19:06:38 [http-nio-8989-exec-2] DEBUG o.s.security.web.FilterChainProxy - Securing POST /api/v1/auth/ZPB1361326006798/deposit?amount=105&description=%22Deposited%20amount%20into%20the%20account%22
2026-01-11 19:06:38 [http-nio-8989-exec-2] DEBUG org.hibernate.SQL - 
    select
        u1_0.id,
        u1_0.aadhar_number,
        u1_0.address,
        u1_0.created_at,
        u1_0.email,
        u1_0.failed_login_attempts,
        u1_0.first_name,
        u1_0.last_login_at,
        u1_0.last_name,
        u1_0.monthly_income,
        u1_0.pan_number,
        u1_0.password,
        u1_0.phone,
        u1_0.role,
        u1_0.status,
        u1_0.username 
    from
        users u1_0 
    where
        u1_0.username=?
2026-01-11 19:06:38 [http-nio-8989-exec-2] DEBUG o.s.security.web.FilterChainProxy - Secured POST /api/v1/auth/ZPB1361326006798/deposit?amount=105&description=%22Deposited%20amount%20into%20the%20account%22
2026-01-11 19:06:38 [http-nio-8989-exec-2] DEBUG o.s.web.servlet.DispatcherServlet - POST "/api/v1/auth/ZPB1361326006798/deposit?amount=105&description=%22Deposited%20amount%20into%20the%20account%22", parameters={masked}
2026-01-11 19:06:38 [http-nio-8989-exec-2] DEBUG o.s.w.s.m.m.a.RequestMappingHandlerMapping - Mapped to com.app.bank.web.controller.AccountController#deposit(String, BigDecimal, String, Authentication)
2026-01-11 19:06:38 [http-nio-8989-exec-2] DEBUG org.hibernate.SQL - 
    select
        u1_0.id,
        u1_0.aadhar_number,
        u1_0.address,
        u1_0.created_at,
        u1_0.email,
        u1_0.failed_login_attempts,
        u1_0.first_name,
        u1_0.last_login_at,
        u1_0.last_name,
        u1_0.monthly_income,
        u1_0.pan_number,
        u1_0.password,
        u1_0.phone,
        u1_0.role,
        u1_0.status,
        u1_0.username 
    from
        users u1_0 
    where
        u1_0.username=?
2026-01-11 19:06:38 [http-nio-8989-exec-2] DEBUG org.hibernate.SQL - 
    select
        a1_0.id,
        a1_0.account_number,
        a1_0.account_type,
        a1_0.balance,
        a1_0.created_at,
        a1_0.interest_rate,
        a1_0.last_transaction_at,
        a1_0.minimum_balance,
        a1_0.status,
        a1_0.user_id 
    from
        accounts a1_0 
    where
        a1_0.account_number=?
2026-01-11 19:06:38 [http-nio-8989-exec-2] DEBUG org.hibernate.SQL - 
    insert 
    into
        transactions
        (amount, balance_after_transaction, description, from_account_id, reference_number, remarks, status, to_account_id, transaction_date, transaction_id, transaction_type) 
    values
        (?, ?, ?, ?, ?, ?, ?, ?, ?, ?, ?)
2026-01-11 19:06:38 [http-nio-8989-exec-2] DEBUG org.hibernate.SQL - 
    update
        accounts 
    set
        account_number=?,
        account_type=?,
        balance=?,
        created_at=?,
        interest_rate=?,
        last_transaction_at=?,
        minimum_balance=?,
        status=?,
        user_id=? 
    where
        id=?
2026-01-11 19:06:38 [http-nio-8989-exec-2] DEBUG o.s.w.s.m.m.a.HttpEntityMethodProcessor - Using 'application/json', given [*/*] and supported [application/json, application/*+json]
2026-01-11 19:06:38 [http-nio-8989-exec-2] DEBUG o.s.w.s.m.m.a.HttpEntityMethodProcessor - Writing [{newBalance=490105.00, message=Deposit Successful, transactionId=TXN1768138598171679}]
2026-01-11 19:06:38 [http-nio-8989-exec-2] DEBUG o.s.web.servlet.DispatcherServlet - Completed 200 OK
2026-01-11 19:14:49 [http-nio-8989-exec-6] DEBUG o.s.security.web.FilterChainProxy - Securing POST /api/v1/auth/transfer
2026-01-11 19:14:49 [http-nio-8989-exec-6] DEBUG org.hibernate.SQL - 
    select
        u1_0.id,
        u1_0.aadhar_number,
        u1_0.address,
        u1_0.created_at,
        u1_0.email,
        u1_0.failed_login_attempts,
        u1_0.first_name,
        u1_0.last_login_at,
        u1_0.last_name,
        u1_0.monthly_income,
        u1_0.pan_number,
        u1_0.password,
        u1_0.phone,
        u1_0.role,
        u1_0.status,
        u1_0.username 
    from
        users u1_0 
    where
        u1_0.username=?
2026-01-11 19:14:49 [http-nio-8989-exec-6] DEBUG o.s.security.web.FilterChainProxy - Secured POST /api/v1/auth/transfer
2026-01-11 19:14:49 [http-nio-8989-exec-6] DEBUG o.s.web.servlet.DispatcherServlet - POST "/api/v1/auth/transfer", parameters={}
2026-01-11 19:14:49 [http-nio-8989-exec-6] DEBUG o.s.w.s.m.m.a.RequestMappingHandlerMapping - Mapped to com.app.bank.web.controller.AccountController#transferFund(TransactionRequest, Authentication)
2026-01-11 19:14:49 [http-nio-8989-exec-6] DEBUG o.s.w.s.m.m.a.RequestResponseBodyMethodProcessor - Read "application/json;charset=UTF-8" to [com.app.bank.web.dto.TransactionRequest@1464f9c0]
2026-01-11 19:14:49 [http-nio-8989-exec-6] DEBUG org.hibernate.SQL - 
    select
        u1_0.id,
        u1_0.aadhar_number,
        u1_0.address,
        u1_0.created_at,
        u1_0.email,
        u1_0.failed_login_attempts,
        u1_0.first_name,
        u1_0.last_login_at,
        u1_0.last_name,
        u1_0.monthly_income,
        u1_0.pan_number,
        u1_0.password,
        u1_0.phone,
        u1_0.role,
        u1_0.status,
        u1_0.username 
    from
        users u1_0 
    where
        u1_0.username=?
2026-01-11 19:14:49 [http-nio-8989-exec-6] DEBUG org.hibernate.SQL - 
    select
        a1_0.id,
        a1_0.account_number,
        a1_0.account_type,
        a1_0.balance,
        a1_0.created_at,
        a1_0.interest_rate,
        a1_0.last_transaction_at,
        a1_0.minimum_balance,
        a1_0.status,
        a1_0.user_id 
    from
        accounts a1_0 
    where
        a1_0.account_number=?
2026-01-11 19:14:49 [http-nio-8989-exec-6] DEBUG org.hibernate.SQL - 
    select
        a1_0.id,
        a1_0.account_number,
        a1_0.account_type,
        a1_0.balance,
        a1_0.created_at,
        a1_0.interest_rate,
        a1_0.last_transaction_at,
        a1_0.minimum_balance,
        a1_0.status,
        a1_0.user_id 
    from
        accounts a1_0 
    where
        a1_0.account_number=?
2026-01-11 19:14:49 [http-nio-8989-exec-6] DEBUG org.hibernate.SQL - 
    select
        u1_0.id,
        u1_0.aadhar_number,
        u1_0.address,
        u1_0.created_at,
        u1_0.email,
        u1_0.failed_login_attempts,
        u1_0.first_name,
        u1_0.last_login_at,
        u1_0.last_name,
        u1_0.monthly_income,
        u1_0.pan_number,
        u1_0.password,
        u1_0.phone,
        u1_0.role,
        u1_0.status,
        u1_0.username 
    from
        users u1_0 
    where
        u1_0.id=?
2026-01-11 19:14:49 [http-nio-8989-exec-6] DEBUG org.hibernate.SQL - 
    insert 
    into
        transactions
        (amount, balance_after_transaction, description, from_account_id, reference_number, remarks, status, to_account_id, transaction_date, transaction_id, transaction_type) 
    values
        (?, ?, ?, ?, ?, ?, ?, ?, ?, ?, ?)
2026-01-11 19:14:49 [http-nio-8989-exec-6] DEBUG org.hibernate.SQL - 
    insert 
    into
        transactions
        (amount, balance_after_transaction, description, from_account_id, reference_number, remarks, status, to_account_id, transaction_date, transaction_id, transaction_type) 
    values
        (?, ?, ?, ?, ?, ?, ?, ?, ?, ?, ?)
2026-01-11 19:14:49 [http-nio-8989-exec-6] DEBUG org.hibernate.SQL - 
    update
        accounts 
    set
        account_number=?,
        account_type=?,
        balance=?,
        created_at=?,
        interest_rate=?,
        last_transaction_at=?,
        minimum_balance=?,
        status=?,
        user_id=? 
    where
        id=?
2026-01-11 19:14:49 [http-nio-8989-exec-6] DEBUG org.hibernate.SQL - 
    update
        accounts 
    set
        account_number=?,
        account_type=?,
        balance=?,
        created_at=?,
        interest_rate=?,
        last_transaction_at=?,
        minimum_balance=?,
        status=?,
        user_id=? 
    where
        id=?
2026-01-11 19:14:49 [http-nio-8989-exec-6] DEBUG o.s.w.s.m.m.a.HttpEntityMethodProcessor - Using 'application/json', given [*/*] and supported [application/json, application/*+json]
2026-01-11 19:14:49 [http-nio-8989-exec-6] DEBUG o.s.w.s.m.m.a.HttpEntityMethodProcessor - Writing [{newBalance=440105.00, message=Transfer Successful, transactionId=TXN1768139089424680}]
2026-01-11 19:14:49 [http-nio-8989-exec-6] DEBUG o.s.web.servlet.DispatcherServlet - Completed 200 OK
2026-01-11 19:17:45 [http-nio-8989-exec-10] DEBUG o.s.security.web.FilterChainProxy - Securing POST /api/v1/auth/login
2026-01-11 19:17:45 [http-nio-8989-exec-10] DEBUG o.s.s.w.a.AnonymousAuthenticationFilter - Set SecurityContextHolder to anonymous SecurityContext
2026-01-11 19:17:45 [http-nio-8989-exec-10] DEBUG o.s.security.web.FilterChainProxy - Secured POST /api/v1/auth/login
2026-01-11 19:17:45 [http-nio-8989-exec-10] DEBUG o.s.web.servlet.DispatcherServlet - POST "/api/v1/auth/login", parameters={}
2026-01-11 19:17:45 [http-nio-8989-exec-10] DEBUG o.s.w.s.m.m.a.RequestMappingHandlerMapping - Mapped to com.app.bank.web.controller.AuthController#loginUser(LoginRequest)
2026-01-11 19:17:45 [http-nio-8989-exec-10] DEBUG o.s.w.s.m.m.a.RequestResponseBodyMethodProcessor - Read "application/json;charset=UTF-8" to [com.app.bank.web.dto.LoginRequest@adeba01]
2026-01-11 19:17:45 [http-nio-8989-exec-10] DEBUG org.hibernate.SQL - 
    select
        u1_0.id,
        u1_0.aadhar_number,
        u1_0.address,
        u1_0.created_at,
        u1_0.email,
        u1_0.failed_login_attempts,
        u1_0.first_name,
        u1_0.last_login_at,
        u1_0.last_name,
        u1_0.monthly_income,
        u1_0.pan_number,
        u1_0.password,
        u1_0.phone,
        u1_0.role,
        u1_0.status,
        u1_0.username 
    from
        users u1_0 
    where
        u1_0.username=?
2026-01-11 19:17:46 [http-nio-8989-exec-10] DEBUG o.s.s.a.d.DaoAuthenticationProvider - Authenticated user
2026-01-11 19:17:46 [http-nio-8989-exec-10] DEBUG o.s.w.s.m.m.a.HttpEntityMethodProcessor - Using 'application/json', given [*/*] and supported [application/json, application/*+json]
2026-01-11 19:17:46 [http-nio-8989-exec-10] DEBUG o.s.w.s.m.m.a.HttpEntityMethodProcessor - Writing [{tokenType=Bearer, token=eyJhbGciOiJIUzUxMiJ9.eyJzdWIiOiJqdW5lZDU2IiwiY3JlYXRlZCI6MTc2ODEzOTI2NjExMy (truncated)...]
2026-01-11 19:17:46 [http-nio-8989-exec-10] DEBUG o.s.web.servlet.DispatcherServlet - Completed 200 OK
2026-01-11 19:18:02 [http-nio-8989-exec-9] DEBUG o.s.security.web.FilterChainProxy - Securing POST /api/v1/auth/transfer
2026-01-11 19:18:02 [http-nio-8989-exec-9] DEBUG org.hibernate.SQL - 
    select
        u1_0.id,
        u1_0.aadhar_number,
        u1_0.address,
        u1_0.created_at,
        u1_0.email,
        u1_0.failed_login_attempts,
        u1_0.first_name,
        u1_0.last_login_at,
        u1_0.last_name,
        u1_0.monthly_income,
        u1_0.pan_number,
        u1_0.password,
        u1_0.phone,
        u1_0.role,
        u1_0.status,
        u1_0.username 
    from
        users u1_0 
    where
        u1_0.username=?
2026-01-11 19:18:02 [http-nio-8989-exec-9] DEBUG o.s.security.web.FilterChainProxy - Secured POST /api/v1/auth/transfer
2026-01-11 19:18:02 [http-nio-8989-exec-9] DEBUG o.s.web.servlet.DispatcherServlet - POST "/api/v1/auth/transfer", parameters={}
2026-01-11 19:18:02 [http-nio-8989-exec-9] DEBUG o.s.w.s.m.m.a.RequestMappingHandlerMapping - Mapped to com.app.bank.web.controller.AccountController#transferFund(TransactionRequest, Authentication)
2026-01-11 19:18:02 [http-nio-8989-exec-9] DEBUG o.s.w.s.m.m.a.RequestResponseBodyMethodProcessor - Read "application/json;charset=UTF-8" to [com.app.bank.web.dto.TransactionRequest@10d68065]
2026-01-11 19:18:02 [http-nio-8989-exec-9] DEBUG org.hibernate.SQL - 
    select
        u1_0.id,
        u1_0.aadhar_number,
        u1_0.address,
        u1_0.created_at,
        u1_0.email,
        u1_0.failed_login_attempts,
        u1_0.first_name,
        u1_0.last_login_at,
        u1_0.last_name,
        u1_0.monthly_income,
        u1_0.pan_number,
        u1_0.password,
        u1_0.phone,
        u1_0.role,
        u1_0.status,
        u1_0.username 
    from
        users u1_0 
    where
        u1_0.username=?
2026-01-11 19:18:02 [http-nio-8989-exec-9] DEBUG org.hibernate.SQL - 
    select
        a1_0.id,
        a1_0.account_number,
        a1_0.account_type,
        a1_0.balance,
        a1_0.created_at,
        a1_0.interest_rate,
        a1_0.last_transaction_at,
        a1_0.minimum_balance,
        a1_0.status,
        a1_0.user_id 
    from
        accounts a1_0 
    where
        a1_0.account_number=?
2026-01-11 19:18:02 [http-nio-8989-exec-9] DEBUG org.hibernate.SQL - 
    select
        u1_0.id,
        u1_0.aadhar_number,
        u1_0.address,
        u1_0.created_at,
        u1_0.email,
        u1_0.failed_login_attempts,
        u1_0.first_name,
        u1_0.last_login_at,
        u1_0.last_name,
        u1_0.monthly_income,
        u1_0.pan_number,
        u1_0.password,
        u1_0.phone,
        u1_0.role,
        u1_0.status,
        u1_0.username 
    from
        users u1_0 
    where
        u1_0.id=?
2026-01-11 19:18:02 [http-nio-8989-exec-9] DEBUG org.hibernate.SQL - 
    select
        a1_0.id,
        a1_0.account_number,
        a1_0.account_type,
        a1_0.balance,
        a1_0.created_at,
        a1_0.interest_rate,
        a1_0.last_transaction_at,
        a1_0.minimum_balance,
        a1_0.status,
        a1_0.user_id 
    from
        accounts a1_0 
    where
        a1_0.account_number=?
2026-01-11 19:18:02 [http-nio-8989-exec-9] DEBUG org.hibernate.SQL - 
    select
        u1_0.id,
        u1_0.aadhar_number,
        u1_0.address,
        u1_0.created_at,
        u1_0.email,
        u1_0.failed_login_attempts,
        u1_0.first_name,
        u1_0.last_login_at,
        u1_0.last_name,
        u1_0.monthly_income,
        u1_0.pan_number,
        u1_0.password,
        u1_0.phone,
        u1_0.role,
        u1_0.status,
        u1_0.username 
    from
        users u1_0 
    where
        u1_0.id=?
2026-01-11 19:18:02 [http-nio-8989-exec-9] DEBUG o.s.web.servlet.DispatcherServlet - Failed to complete request: com.app.bank.web.exception.BankException: You don't own this account
2026-01-11 19:18:02 [http-nio-8989-exec-9] ERROR o.a.c.c.C.[.[.[.[dispatcherServlet] - Servlet.service() for servlet [dispatcherServlet] in context with path [] threw exception [Request processing failed: com.app.bank.web.exception.BankException: You don't own this account] with root cause
com.app.bank.web.exception.BankException: You don't own this account
	at com.app.bank.web.service.AccountService.transferFund(AccountService.java:306)
	at java.base/jdk.internal.reflect.NativeMethodAccessorImpl.invoke0(Native Method)
	at java.base/jdk.internal.reflect.NativeMethodAccessorImpl.invoke(NativeMethodAccessorImpl.java:77)
	at java.base/jdk.internal.reflect.DelegatingMethodAccessorImpl.invoke(DelegatingMethodAccessorImpl.java:43)
	at java.base/java.lang.reflect.Method.invoke(Method.java:568)
	at org.springframework.aop.support.AopUtils.invokeJoinpointUsingReflection(AopUtils.java:360)
	at org.springframework.aop.framework.ReflectiveMethodInvocation.invokeJoinpoint(ReflectiveMethodInvocation.java:196)
	at org.springframework.aop.framework.ReflectiveMethodInvocation.proceed(ReflectiveMethodInvocation.java:163)
	at org.springframework.transaction.interceptor.TransactionAspectSupport.invokeWithinTransaction(TransactionAspectSupport.java:380)
	at org.springframework.transaction.interceptor.TransactionInterceptor.invoke(TransactionInterceptor.java:119)
	at org.springframework.aop.framework.ReflectiveMethodInvocation.proceed(ReflectiveMethodInvocation.java:184)
	at org.springframework.aop.framework.CglibAopProxy$DynamicAdvisedInterceptor.intercept(CglibAopProxy.java:728)
	at com.app.bank.web.service.AccountService$$SpringCGLIB$$0.transferFund(<generated>)
	at com.app.bank.web.controller.AccountController.transferFund(AccountController.java:41)
	at java.base/jdk.internal.reflect.NativeMethodAccessorImpl.invoke0(Native Method)
	at java.base/jdk.internal.reflect.NativeMethodAccessorImpl.invoke(NativeMethodAccessorImpl.java:77)
	at java.base/jdk.internal.reflect.DelegatingMethodAccessorImpl.invoke(DelegatingMethodAccessorImpl.java:43)
	at java.base/java.lang.reflect.Method.invoke(Method.java:568)
	at org.springframework.web.method.support.InvocableHandlerMethod.doInvoke(InvocableHandlerMethod.java:258)
	at org.springframework.web.method.support.InvocableHandlerMethod.invokeForRequest(InvocableHandlerMethod.java:191)
	at org.springframework.web.servlet.mvc.method.annotation.ServletInvocableHandlerMethod.invokeAndHandle(ServletInvocableHandlerMethod.java:118)
	at org.springframework.web.servlet.mvc.method.annotation.RequestMappingHandlerAdapter.invokeHandlerMethod(RequestMappingHandlerAdapter.java:991)
	at org.springframework.web.servlet.mvc.method.annotation.RequestMappingHandlerAdapter.handleInternal(RequestMappingHandlerAdapter.java:896)
	at org.springframework.web.servlet.mvc.method.AbstractHandlerMethodAdapter.handle(AbstractHandlerMethodAdapter.java:87)
	at org.springframework.web.servlet.DispatcherServlet.doDispatch(DispatcherServlet.java:1089)
	at org.springframework.web.servlet.DispatcherServlet.doService(DispatcherServlet.java:979)
	at org.springframework.web.servlet.FrameworkServlet.processRequest(FrameworkServlet.java:1014)
	at org.springframework.web.servlet.FrameworkServlet.doPost(FrameworkServlet.java:914)
	at jakarta.servlet.http.HttpServlet.service(HttpServlet.java:590)
	at org.springframework.web.servlet.FrameworkServlet.service(FrameworkServlet.java:885)
	at jakarta.servlet.http.HttpServlet.service(HttpServlet.java:658)
	at org.apache.catalina.core.ApplicationFilterChain.internalDoFilter(ApplicationFilterChain.java:193)
	at org.apache.catalina.core.ApplicationFilterChain.doFilter(ApplicationFilterChain.java:138)
	at org.apache.tomcat.websocket.server.WsFilter.doFilter(WsFilter.java:51)
	at org.apache.catalina.core.ApplicationFilterChain.internalDoFilter(ApplicationFilterChain.java:162)
	at org.apache.catalina.core.ApplicationFilterChain.doFilter(ApplicationFilterChain.java:138)
	at org.springframework.web.filter.OncePerRequestFilter.doFilter(OncePerRequestFilter.java:110)
	at org.apache.catalina.core.ApplicationFilterChain.internalDoFilter(ApplicationFilterChain.java:162)
	at org.apache.catalina.core.ApplicationFilterChain.doFilter(ApplicationFilterChain.java:138)
	at org.springframework.web.filter.CompositeFilter$VirtualFilterChain.doFilter(CompositeFilter.java:108)
	at org.springframework.web.filter.CompositeFilter$VirtualFilterChain.doFilter(CompositeFilter.java:108)
	at org.springframework.security.web.FilterChainProxy.lambda$doFilterInternal$3(FilterChainProxy.java:231)
	at org.springframework.security.web.FilterChainProxy$VirtualFilterChain.doFilter(FilterChainProxy.java:365)
	at org.springframework.security.web.access.intercept.AuthorizationFilter.doFilter(AuthorizationFilter.java:101)
	at org.springframework.security.web.FilterChainProxy$VirtualFilterChain.doFilter(FilterChainProxy.java:374)
	at org.springframework.security.web.access.ExceptionTranslationFilter.doFilter(ExceptionTranslationFilter.java:125)
	at org.springframework.security.web.access.ExceptionTranslationFilter.doFilter(ExceptionTranslationFilter.java:119)
	at org.springframework.security.web.FilterChainProxy$VirtualFilterChain.doFilter(FilterChainProxy.java:374)
	at org.springframework.security.web.session.SessionManagementFilter.doFilter(SessionManagementFilter.java:131)
	at org.springframework.security.web.session.SessionManagementFilter.doFilter(SessionManagementFilter.java:85)
	at org.springframework.security.web.FilterChainProxy$VirtualFilterChain.doFilter(FilterChainProxy.java:374)
	at org.springframework.security.web.authentication.AnonymousAuthenticationFilter.doFilter(AnonymousAuthenticationFilter.java:100)
	at org.springframework.security.web.FilterChainProxy$VirtualFilterChain.doFilter(FilterChainProxy.java:374)
	at org.springframework.security.web.servletapi.SecurityContextHolderAwareRequestFilter.doFilter(SecurityContextHolderAwareRequestFilter.java:179)
	at org.springframework.security.web.FilterChainProxy$VirtualFilterChain.doFilter(FilterChainProxy.java:374)
	at org.springframework.security.web.savedrequest.RequestCacheAwareFilter.doFilter(RequestCacheAwareFilter.java:63)
	at org.springframework.security.web.FilterChainProxy$VirtualFilterChain.doFilter(FilterChainProxy.java:374)
	at com.app.bank.web.security.JwtAuthenticationFilter.doFilterInternal(JwtAuthenticationFilter.java:137)
	at org.springframework.web.filter.OncePerRequestFilter.doFilter(OncePerRequestFilter.java:116)
	at org.springframework.security.web.FilterChainProxy$VirtualFilterChain.doFilter(FilterChainProxy.java:374)
	at org.springframework.security.web.authentication.logout.LogoutFilter.doFilter(LogoutFilter.java:107)
	at org.springframework.security.web.authentication.logout.LogoutFilter.doFilter(LogoutFilter.java:93)
	at org.springframework.security.web.FilterChainProxy$VirtualFilterChain.doFilter(FilterChainProxy.java:374)
	at org.springframework.web.filter.CorsFilter.doFilterInternal(CorsFilter.java:91)
	at org.springframework.web.filter.OncePerRequestFilter.doFilter(OncePerRequestFilter.java:116)
	at org.springframework.security.web.FilterChainProxy$VirtualFilterChain.doFilter(FilterChainProxy.java:374)
	at org.springframework.security.web.header.HeaderWriterFilter.doHeadersAfter(HeaderWriterFilter.java:90)
	at org.springframework.security.web.header.HeaderWriterFilter.doFilterInternal(HeaderWriterFilter.java:75)
	at org.springframework.web.filter.OncePerRequestFilter.doFilter(OncePerRequestFilter.java:116)
	at org.springframework.security.web.FilterChainProxy$VirtualFilterChain.doFilter(FilterChainProxy.java:374)
	at org.springframework.security.web.context.SecurityContextHolderFilter.doFilter(SecurityContextHolderFilter.java:82)
	at org.springframework.security.web.context.SecurityContextHolderFilter.doFilter(SecurityContextHolderFilter.java:69)
	at org.springframework.security.web.FilterChainProxy$VirtualFilterChain.doFilter(FilterChainProxy.java:374)
	at org.springframework.security.web.context.request.async.WebAsyncManagerIntegrationFilter.doFilterInternal(WebAsyncManagerIntegrationFilter.java:62)
	at org.springframework.web.filter.OncePerRequestFilter.doFilter(OncePerRequestFilter.java:116)
	at org.springframework.security.web.FilterChainProxy$VirtualFilterChain.doFilter(FilterChainProxy.java:374)
	at org.springframework.security.web.session.DisableEncodeUrlFilter.doFilterInternal(DisableEncodeUrlFilter.java:42)
	at org.springframework.web.filter.OncePerRequestFilter.doFilter(OncePerRequestFilter.java:116)
	at org.springframework.security.web.FilterChainProxy$VirtualFilterChain.doFilter(FilterChainProxy.java:374)
	at org.springframework.security.web.FilterChainProxy.doFilterInternal(FilterChainProxy.java:233)
	at org.springframework.security.web.FilterChainProxy.doFilter(FilterChainProxy.java:191)
	at org.springframework.web.filter.CompositeFilter$VirtualFilterChain.doFilter(CompositeFilter.java:113)
	at org.springframework.web.filter.ServletRequestPathFilter.doFilter(ServletRequestPathFilter.java:52)
	at org.springframework.web.filter.CompositeFilter$VirtualFilterChain.doFilter(CompositeFilter.java:113)
	at org.springframework.web.filter.CompositeFilter.doFilter(CompositeFilter.java:74)
	at org.springframework.security.config.annotation.web.configuration.WebSecurityConfiguration$CompositeFilterChainProxy.doFilter(WebSecurityConfiguration.java:319)
	at org.springframework.web.filter.CompositeFilter$VirtualFilterChain.doFilter(CompositeFilter.java:113)
	at org.springframework.web.servlet.handler.HandlerMappingIntrospector.lambda$createCacheFilter$4(HandlerMappingIntrospector.java:267)
	at org.springframework.web.filter.CompositeFilter$VirtualFilterChain.doFilter(CompositeFilter.java:113)
	at org.springframework.web.filter.CompositeFilter.doFilter(CompositeFilter.java:74)
	at org.springframework.security.config.annotation.web.configuration.WebMvcSecurityConfiguration$CompositeFilterChainProxy.doFilter(WebMvcSecurityConfiguration.java:240)
	at org.springframework.web.filter.DelegatingFilterProxy.invokeDelegate(DelegatingFilterProxy.java:362)
	at org.springframework.web.filter.DelegatingFilterProxy.doFilter(DelegatingFilterProxy.java:278)
	at org.apache.catalina.core.ApplicationFilterChain.internalDoFilter(ApplicationFilterChain.java:162)
	at org.apache.catalina.core.ApplicationFilterChain.doFilter(ApplicationFilterChain.java:138)
	at org.springframework.web.filter.RequestContextFilter.doFilterInternal(RequestContextFilter.java:100)
	at org.springframework.web.filter.OncePerRequestFilter.doFilter(OncePerRequestFilter.java:116)
	at org.apache.catalina.core.ApplicationFilterChain.internalDoFilter(ApplicationFilterChain.java:162)
	at org.apache.catalina.core.ApplicationFilterChain.doFilter(ApplicationFilterChain.java:138)
	at org.springframework.web.filter.FormContentFilter.doFilterInternal(FormContentFilter.java:93)
	at org.springframework.web.filter.OncePerRequestFilter.doFilter(OncePerRequestFilter.java:116)
	at org.apache.catalina.core.ApplicationFilterChain.internalDoFilter(ApplicationFilterChain.java:162)
	at org.apache.catalina.core.ApplicationFilterChain.doFilter(ApplicationFilterChain.java:138)
	at org.springframework.web.filter.CharacterEncodingFilter.doFilterInternal(CharacterEncodingFilter.java:201)
	at org.springframework.web.filter.OncePerRequestFilter.doFilter(OncePerRequestFilter.java:116)
	at org.apache.catalina.core.ApplicationFilterChain.internalDoFilter(ApplicationFilterChain.java:162)
	at org.apache.catalina.core.ApplicationFilterChain.doFilter(ApplicationFilterChain.java:138)
	at org.apache.catalina.core.StandardWrapperValve.invoke(StandardWrapperValve.java:165)
	at org.apache.catalina.core.StandardContextValve.invoke(StandardContextValve.java:88)
	at org.apache.catalina.authenticator.AuthenticatorBase.invoke(AuthenticatorBase.java:482)
	at org.apache.catalina.core.StandardHostValve.invoke(StandardHostValve.java:113)
	at org.apache.catalina.valves.ErrorReportValve.invoke(ErrorReportValve.java:83)
	at org.apache.catalina.core.StandardEngineValve.invoke(StandardEngineValve.java:72)
	at org.apache.catalina.connector.CoyoteAdapter.service(CoyoteAdapter.java:342)
	at org.apache.coyote.http11.Http11Processor.service(Http11Processor.java:399)
	at org.apache.coyote.AbstractProcessorLight.process(AbstractProcessorLight.java:63)
	at org.apache.coyote.AbstractProtocol$ConnectionHandler.process(AbstractProtocol.java:903)
	at org.apache.tomcat.util.net.NioEndpoint$SocketProcessor.doRun(NioEndpoint.java:1774)
	at org.apache.tomcat.util.net.SocketProcessorBase.run(SocketProcessorBase.java:52)
	at org.apache.tomcat.util.threads.ThreadPoolExecutor.runWorker(ThreadPoolExecutor.java:973)
	at org.apache.tomcat.util.threads.ThreadPoolExecutor$Worker.run(ThreadPoolExecutor.java:491)
	at org.apache.tomcat.util.threads.TaskThread$WrappingRunnable.run(TaskThread.java:63)
	at java.base/java.lang.Thread.run(Thread.java:842)
2026-01-11 19:18:02 [http-nio-8989-exec-9] DEBUG o.s.security.web.FilterChainProxy - Securing POST /error
2026-01-11 19:18:02 [http-nio-8989-exec-9] DEBUG o.s.security.web.FilterChainProxy - Secured POST /error
2026-01-11 19:18:02 [http-nio-8989-exec-9] DEBUG o.s.web.servlet.DispatcherServlet - "ERROR" dispatch for POST "/error", parameters={}
2026-01-11 19:18:02 [http-nio-8989-exec-9] DEBUG o.s.w.s.m.m.a.RequestMappingHandlerMapping - Mapped to org.springframework.boot.autoconfigure.web.servlet.error.BasicErrorController#error(HttpServletRequest)
2026-01-11 19:18:02 [http-nio-8989-exec-9] DEBUG o.s.w.s.m.m.a.HttpEntityMethodProcessor - Using 'application/json', given [*/*] and supported [application/json, application/*+json]
2026-01-11 19:18:02 [http-nio-8989-exec-9] DEBUG o.s.w.s.m.m.a.HttpEntityMethodProcessor - Writing [{timestamp=Sun Jan 11 19:18:02 IST 2026, status=500, error=Internal Server Error, trace=com.app.bank (truncated)...]
2026-01-11 19:18:02 [http-nio-8989-exec-9] DEBUG o.s.web.servlet.DispatcherServlet - Exiting from "ERROR" dispatch, status 500
2026-01-11 19:18:02 [http-nio-8989-exec-9] DEBUG o.s.s.w.a.AnonymousAuthenticationFilter - Set SecurityContextHolder to anonymous SecurityContext
2026-01-11 20:52:36 [HikariPool-1:housekeeper] WARN  com.zaxxer.hikari.pool.HikariPool - HikariPool-1 - Thread starvation or clock leap detected (housekeeper delta=1h20m30s566ms63µs700ns).
2026-01-11 20:54:25 [RMI TCP Connection(46)-127.0.0.1] INFO  o.s.b.a.SpringApplicationAdminMXBeanRegistrar$SpringApplicationAdmin - Application shutdown requested.
2026-01-11 20:54:25 [RMI TCP Connection(46)-127.0.0.1] INFO  o.s.b.w.e.tomcat.GracefulShutdown - Commencing graceful shutdown. Waiting for active requests to complete
2026-01-11 20:54:25 [tomcat-shutdown] INFO  o.a.coyote.http11.Http11NioProtocol - Pausing ProtocolHandler ["http-nio-8989"]
2026-01-11 20:54:25 [tomcat-shutdown] INFO  o.s.b.w.e.tomcat.GracefulShutdown - Graceful shutdown complete
2026-01-11 20:54:25 [RMI TCP Connection(46)-127.0.0.1] INFO  o.a.coyote.http11.Http11NioProtocol - Stopping ProtocolHandler ["http-nio-8989"]
2026-01-11 20:54:25 [RMI TCP Connection(46)-127.0.0.1] INFO  o.s.o.j.LocalContainerEntityManagerFactoryBean - Closing JPA EntityManagerFactory for persistence unit 'default'
2026-01-11 20:54:25 [RMI TCP Connection(46)-127.0.0.1] INFO  com.zaxxer.hikari.HikariDataSource - HikariPool-1 - Shutdown initiated...
2026-01-11 20:54:25 [RMI TCP Connection(46)-127.0.0.1] INFO  com.zaxxer.hikari.HikariDataSource - HikariPool-1 - Shutdown completed.
